{
  "indicatorWeights": [
    0.553715371626994,
    0.6274995958770937,
    0.789902807988004,
    0.8300610077381447,
    0.5698956837010736,
    0.732744329178082,
    0.5023525582516477,
    0.6058484913629194,
    0.861805599974683,
    0.7259963001113179,
    0.8818872306897398,
    0.9645969993029595,
    0.58379399703596,
    0.7394281608978237,
    0.7452387278657588,
    0.617340159386025
  ],
  "trendingMultipliers": [
    1.0394786373496743,
    1.114002511824151,
    0.8619061287633937,
    1.1492842871601072,
    0.8746451209305538,
    1.0452125817431623,
    0.8719366552849851,
    0.8829823486174253,
    0.8951673490978473,
    1.0980550868528194,
    1.008711390405075,
    1.099769636890612,
    0.911635235732927,
    0.8535892159114573,
    1.0462458834994464,
    0.9950168003699419
  ],
  "rangingMultipliers": [
    0.9524916574659567,
    0.8334686874535984,
    0.9876006793946388,
    0.9717880402539593,
    1.0181236776039815,
    0.8764004934837151,
    0.9405889685022111,
    1.05065596136866,
    1.153251430694831,
    0.858494311533905,
    0.890465239740221,
    0.8919487201309213,
    1.1486595986120796,
    1.0019843853525991,
    0.8302324928019862,
    0.9268295988984278
  ],
  "timeWeights": [
    0.7117461311227599,
    1.275574638276519,
    0.9808632139162192,
    1.1527444297407987,
    1.2729138710523962,
    1.2072914956923118,
    1.2626371942586467,
    1.2986725788728233,
    1.0069358654214566,
    1.0614265462813832,
    0.911376607444734,
    1.1828155762745542,
    0.9166010881273778,
    1.065216836199329,
    1.005585987479955,
    0.8859656284795508
  ],
  "interactionMatrix": [
    -0.08403768265952977,
    0.03449539910259876,
    -0.038262885357397775,
    -0.05048101534517733,
    0.005225177067217524,
    -0.05755283711249555,
    0.05549572346145373,
    -0.08643948685005465,
    -0.09039000743316164,
    -0.0035153328119802876,
    -0.07761549575795988,
    -0.002117219535035364,
    0.052969764785801045,
    -0.0958101590016717,
    0.08698566848129195,
    0.013583036810182691,
    -0.03586024417150002,
    0.015145359037206152,
    0.06790890956810512,
    0.042650885888062984,
    0.06630025790382839,
    -0.07719347868279852,
    -0.0307812767631374,
    0.030470994930113206,
    -0.017772201854779946,
    -0.007997827228209386,
    0.09887366692368829,
    0.016833606398052824,
    0.039355846289849034,
    -0.04050792808596093,
    0.0753562941170259,
    -0.03662503728102955,
    0.0030571142618093686,
    -0.05381932675626662,
    0.09567058343162471,
    -0.008230893656709416,
    0.02488025058205159,
    -0.04983653535640684,
    -0.09674320541211696,
    0.018841225028061848,
    0.040563597996961034,
    0.08100523446175033,
    0.07349632446217591,
    0.08034272050522917,
    -0.027300942613645664,
    0.03751223777585562,
    -0.08109753024195397,
    -0.028492996999530274,
    0.002429630483948375,
    -0.07882450335580259,
    0.09038970142005487,
    0.06229265894160403,
    0.02894758936715689,
    0.005125801625622506,
    0.09093283183535586,
    0.03072582406045321,
    -0.07104671688956841,
    -0.0819767882647263,
    0.08773486114950253,
    0.04148715113839929,
    -0.05799106673443957,
    0.08588790470191505,
    0.08449526072351915,
    -0.04307916931111569,
    0.06391166701393916,
    -0.03604318667877817,
    -0.07376798660002247,
    -0.011261751695654909,
    0.03576934723988414,
    0.008836791800003718,
    0.01913692226198456,
    0.040422531911136345,
    0.06951633883555723,
    -0.08642636118014196,
    -0.05913900688345704,
    -0.09211390532923387,
    0.052668803492598705,
    0.03719270245904251,
    -0.04709212960705738,
    0.057871495428478296,
    -0.004330543496898121,
    0.09040269711225662,
    -0.062377540278959434,
    0.058210112600461716,
    0.002259786508058892,
    -0.006977862390862311,
    -0.0036402142081120026,
    0.06495047817032683,
    0.043719810469122856,
    -0.09602983298638808,
    0.09065041556768544,
    0.02241927641799131,
    0.04669926106393596,
    0.0012455600070242268,
    -0.0003165463125673451,
    -0.03057525728405084,
    -0.062217860902563184,
    -0.07670648853824705,
    0.031631221060457904,
    -0.058995577961005276,
    -0.0774342514103005,
    -0.04582326133224646,
    -0.09840138279686744,
    0.07775407926612132,
    0.09345685947623583,
    0.09388803682678946,
    -0.04423780075404269,
    -0.025385885899848096,
    0.04363092373548019,
    -0.039520718170635474,
    0.07872841726732277,
    -0.07385824646370175,
    0.0030304996836037824,
    0.0736215739341086,
    0.04226254098110543,
    0.04238603250700852,
    0.09767350257655193,
    -0.07118487608246292,
    -0.05009652310334933,
    -0.015826662011179726,
    -0.0029519716519731177,
    0.0797262035327378,
    0.09784811126841347,
    0.06262384976984385,
    -0.026955443969381987,
    7.839607888453504E-05,
    0.056369762815774084,
    0.003500802012934812,
    0.045048906752081445,
    0.02686135728143433,
    0.024166290482003652,
    -0.0665526896914503,
    -0.06720401112958448,
    -0.002686733322449464,
    0.023609702064242268,
    0.03338238434273793,
    -0.054296943451896486,
    0.09923163463535115,
    0.008500347076064396,
    -0.07819621653218944,
    -0.016971101058229212,
    -0.09490720999660285,
    -0.059998175482557994,
    -0.08547135892526579,
    -0.07923497143229395,
    -0.050636968690033785,
    0.06932734163319805,
    0.048566497014932875,
    -0.05589636122381991,
    -0.009973351845398139,
    -0.02511596367938003,
    -0.03739759154347202,
    -0.05820980023367315,
    -0.03171430994744875,
    0.08695964455378423,
    0.020845791870550336,
    -0.09777578046383205,
    -0.02187037463369619,
    0.037569392685665816,
    0.032118891687779,
    0.03867723271346926,
    -0.04250087058928209,
    0.03202700640149066,
    -0.012021614856292495,
    0.049552743009233846,
    -0.06803193590442509,
    -0.02158513652854053,
    0.04007538201980716,
    -0.07264495015515644,
    0.0376711535491741,
    -0.03181994072091454,
    0.09923662722820537,
    0.0016695869444061985,
    -0.017821999346536145,
    -0.0602358709693476,
    0.08857120273747165,
    -0.038850442027217304,
    -0.008075016681525061,
    0.05535690921009184,
    -0.0590957503296528,
    0.07205822915790645,
    0.0383887933362792,
    0.07628605901594239,
    -0.09881803506287895,
    -0.03128687417600053,
    0.06487812968441171,
    0.032818403973210585,
    -0.09583648980480651,
    0.08413582174262196,
    -0.0030264164634989047,
    -0.0976808398154817,
    0.02539331783716601,
    0.016733590512822482,
    0.09988216946441773,
    -0.012539158323355615,
    -0.04468139293143807,
    -0.04225904126864138,
    0.005070073290542033,
    0.06850439876507652,
    0.05340630262538085,
    0.03464984003823464,
    0.07472429243488564,
    -0.027836031031839938,
    0.035408152075812604,
    0.013725731425447597,
    0.09670551914525348,
    0.06558701562532217,
    -0.05738946986326121,
    -0.030983042515398497,
    -0.01942728366980049,
    -0.08346243324838909,
    -0.07231495022931321,
    0.08484006814140839,
    -0.09252028009315752,
    -0.04558745196097067,
    0.03351494924348288,
    -0.05163798036769949,
    -0.08152451376554766,
    -0.036961465112878435,
    -0.03916562592812933,
    0.06361490929850648,
    0.002021716255986683,
    0.05856702124321285,
    0.09600035653665356,
    0.018134351720326625,
    -0.08020209561407904,
    0.0302914781966942,
    -0.0490187784160701,
    4.033193716863615E-05,
    -0.0798403533491521,
    -0.043808217958136324,
    0.022185446204420024,
    -0.05750027972724008,
