{
  "indicatorWeights": [
    0.7832756296413891,
    0.74465201214744,
    0.6398866983189362,
    0.5721757273280142,
    0.7840664520256968,
    0.9601339770820543,
    0.9487069003752928,
    0.5953484942622966,
    0.7458223474501119,
    0.5041749602920824,
    0.6202907023207396,
    0.843474855603092,
    0.6626076447812161,
    0.8208878316573616,
    0.6027124937251715,
    0.8942873711241754
  ],
  "trendingMultipliers": [
    0.9411330640703202,
    0.9609921379784234,
    0.8191296377676195,
    0.8139525800092536,
    0.931171826200642,
    0.9659355687701534,
    0.8337981421218109,
    0.8634429517926524,
    0.9942989828785571,
    1.131690390806205,
    1.1812841979257858,
    0.8714932767747392,
    0.9925126708051762,
    1.1469028949990316,
    0.895069160848751,
    1.15608315286688
  ],
  "rangingMultipliers": [
    1.1364003749138898,
    0.9613709772259281,
    1.0285907496921793,
    0.972840859604543,
    1.1411145335384243,
    0.8853619104033199,
    0.8147728178857212,
    0.9522302642156465,
    0.9720577600045858,
    1.0543567456623686,
    0.9876402084973976,
    1.1319645762637496,
    1.194008845308978,
    1.0424112025006442,
    1.0033002929001409,
    1.1944110387962104
  ],
  "timeWeights": [
    1.0180242097874164,
    1.1336829331142382,
    1.2622903854774847,
    0.9267124355826274,
    1.2323743726859093,
    1.232858064411501,
    1.130016177190064,
    1.1352340956219051,
    0.9555422732776861,
    1.090661600597288,
    0.8995140761431543,
    0.87384528416966,
    1.077154474436975,
    0.974717275729611,
    0.8183230947801386,
    0.7863108788902243
  ],
  "interactionMatrix": [
    0.03987406481548377,
    0.07398760026545688,
    0.02077426260090789,
    0.024337826230207638,
    -0.05677651582907561,
    -0.018361024526897942,
    0.09276238874905807,
    0.02265362331952943,
    0.08400458168198609,
    -0.05499616757910058,
    -0.06555975127100111,
    0.03944594754019775,
    -0.0736845673096493,
    0.09244509072733652,
    -0.03589207896130855,
    0.018861424689265795,
    0.09624378554978791,
    -0.0012020847683596127,
    -0.0796773145524574,
    -0.09328537485640365,
    -0.08012074099646543,
    0.04810973156380019,
    0.0909550982908653,
    -0.05240092795781806,
    0.0011259564892782015,
    -0.027987993219768883,
    0.050172365108929286,
    -0.09904462755960737,
    -0.05123969866866234,
    -0.058260344948521794,
    -0.042587543591288496,
    -0.00044297789505789444,
    -0.0022213994726873578,
    -0.08525250705258752,
    0.029356746589899885,
    -0.033254743871232464,
    0.05223983514953545,
    -0.006999326788968841,
    -0.0909626828497427,
    0.06520956581442754,
    -0.06016749220338911,
    -0.015487806688873996,
    0.017215766049079508,
    0.0446017849146777,
    0.0378687891704373,
    -0.07810406505266541,
    0.09218153452131349,
    -0.07987118838971177,
    -0.06785213274596229,
    0.09892052066489894,
    0.037822144596095654,
    -0.031211722870231197,
    0.030006392477499744,
    -0.050563796212094905,
    0.09731089671984863,
    0.0619836804793001,
    -0.029670174339363965,
    0.055357350997304704,
    -0.017533301201103125,
    -0.08821906158637516,
    -0.04333681429194003,
    -0.06611564845427971,
    0.013625391205796712,
    -0.016305494864694837,
    -0.05814845005022782,
    0.04025390650104852,
    -0.0064702861915457936,
    -0.08686781831561144,
    0.03482394986733446,
    0.09894008455884767,
    -0.09228384052700955,
    -0.019394932867986638,
    -0.07483405522937008,
    -0.09931059679456174,
    0.051885494491417154,
    0.020713241553321573,
    0.0573768743834727,
    0.004799752969157245,
    -0.04697686409986486,
    -0.023730989077243293,
    0.0022081387229539785,
    -0.04613120340389998,
    0.04618667444974747,
    0.06613021982158689,
    -0.09506892638432794,
    0.06095863300769824,
    -0.09948765484633526,
    -0.09451386175868026,
    0.0535281982440218,
    -0.0751848899749593,
    0.057797233677677085,
    0.07053260918073541,
    -0.01456722083904214,
    0.0541830568436958,
    0.047968124963428976,
    -0.053259787154968354,
    -0.045045067039391644,
    0.06011068723057303,
    0.06606935886028946,
    -0.020060743287889427,
    0.042803699424559194,
    -0.06857540649945186,
    -0.014288688291822282,
    -0.03550555343038704,
    -0.005647169598543123,
    0.06174830446193835,
    -0.0034841191407122274,
    -0.006606227595981462,
    0.09718765728555379,
    0.051416092692515195,
    0.08237719475675209,
    -0.04838694677089757,
    0.0840264358243713,
    0.03385468791900892,
    -0.024776738311267435,
    0.01259120169129744,
    0.09911739194852032,
    0.0009399982333444745,
    -0.020954422345428173,
    -0.03086080423083908,
    0.005996829435202012,
    0.08411302303761287,
    0.07977397449037815,
    -0.08350367692270876,
    0.09249244270868247,
    -0.006722533355894767,
    -0.011252131292915713,
    -0.03612932865187577,
    0.06698120861774355,
    0.04174058380819774,
    0.0983160775676186,
    -0.060760845273394676,
    -0.0025648341001061727,
    0.04540045564388515,
    -0.055078920900346634,
    -0.01764578734693736,
    -0.01642443743526776,
    0.010366963656533668,
    0.028678431538748807,
    -0.08627621018910124,
    -0.003007063465916926,
    0.0349266127264509,
    0.031751761827667084,
    0.03072453194482652,
    0.050602642434204495,
    0.02734457472982632,
    -0.055437729829151274,
    -0.08384997527042977,
    0.0585735088250859,
    -0.0912006557450535,
    0.0936667938784612,
    -0.09563947049662035,
    0.057837214626312375,
    -0.011480592653530254,
    0.027368285076377966,
    -0.0771408230903754,
    0.07796265566316281,
    -0.0704657090384038,
    0.006061909418888312,
    0.016559343258362124,
    -0.041584259918522104,
    -0.057467795541894164,
    0.08044168841753317,
    0.02101669047267687,
    0.02762093966180501,
    -0.05975933691162816,
    -0.047799624763536656,
    0.06597258767118422,
    -0.08863865726876684,
    0.09319494066054941,
    -0.09219049594513162,
    0.05775424388986683,
    0.0965559081809036,
    -0.05644483263773181,
    0.037308807315612945,
    0.06029554048664905,
    0.007269290795786843,
    0.034095815421192825,
    -0.01903386469046855,
    0.07641850522731629,
    -0.03873848655537429,
    -0.013418601148941578,
    -0.018645821235347394,
    0.04247712221062192,
    0.011991383059540773,
    0.00037407898319601345,
    0.026584741581475682,
    0.08492787832819987,
    -0.08686342977967848,
    0.0882052184277157,
    0.08925363948982311,
    -0.09926733963493857,
    -0.004141660133166636,
    -0.014203183003825927,
    -0.041639761999594675,
    -0.003852371652726161,
    0.010190402590002435,
    -0.05133044224124886,
    0.08797655721861296,
    -0.03062691541432452,
    0.05601142297598214,
    -0.08660303441802022,
    -0.0025366889590269673,
    -0.008309938890789991,
    0.024173265004468703,
    0.06558516528408734,
    -0.009064397505080169,
    0.009205467413915747,
    0.09280643468240019,
    0.035775223119289046,
    -0.026957687514199358,
    -0.0008036072656538496,
    -0.02673614263904125,
    -0.02339283129873806,
    -0.019109838291662976,
    -0.04307540984416463,
    -0.07351673272978876,
    -0.05993720622478596,
    0.0630716514849087,
    -0.08457934519224473,
    -0.043462289352621336,
    -0.09019628069187512,
    0.03534295475742595,
    0.04587798749141703,
    -0.04845159236277281,
    0.04438156504710125,
    0.032799027756245124,
    0.07938199166044116,
    -0.0938835614627258,
    0.09977809279479065,
    -0.03593093840097741,
    -0.08310211230963654,
    0.08521872216145805,
