{
  "indicatorWeights": [
    0.7526549929567388,
    0.6266609519010107,
    0.7320861958865108,
    0.5826755593353644,
    0.9571240257058536,
    0.9917213879539913,
    0.8628744549476726,
    0.7445871431673907,
    0.660646436483269,
    0.7354262928135125,
    0.6316291779843733,
    0.7636486780212071,
    0.5315237506281454,
    0.9206448609084856,
    0.6317429936673703,
    0.724540483582169
  ],
  "trendingMultipliers": [
    1.1156355016239363,
    1.1734086147831355,
    1.107480523058093,
    1.006344848526943,
    1.115452963970121,
    0.8220969027678402,
    1.0954934361009572,
    0.8867462416106161,
    1.0834482942537131,
    1.0516228482877161,
    1.1907995994814822,
    1.0408959937134972,
    0.9799696556723783,
    0.8748296176721648,
    0.9407076205571161,
    1.066297632274205
  ],
  "rangingMultipliers": [
    1.1880342167608888,
    1.144077570164626,
    0.8830784372679278,
    0.9759744908839776,
    0.8835725540035028,
    0.9324236729446768,
    1.0622792881032974,
    1.0300422378551384,
    1.023543334753748,
    0.9503912145210602,
    0.8483650812566406,
    1.016530903957514,
    1.0816865807407559,
    0.82444272027053,
    1.0476991041005752,
    1.148360239797794
  ],
  "timeWeights": [
    1.0515906447027004,
    1.1297928494890783,
    0.8738775943837782,
    0.8284488416930422,
    1.1494147218741086,
    1.1211206893213612,
    0.9013940070171321,
    1.1629456711405974,
    0.8082545676767037,
    1.0488625351785323,
    0.8771968702234763,
    1.0330127406814071,
    1.2683778783689499,
    1.2339345590222341,
    0.7935381327794869,
    0.9757953906231838
  ],
  "interactionMatrix": [
    -0.003943423550484049,
    -0.05603405740099987,
    -0.0591082614488381,
    0.05678641125683466,
    0.04382472206155639,
    -0.05548196818641993,
    0.08805276044595761,
    -0.08295566017295358,
    -0.04381471342210439,
    -0.06054028498848758,
    -0.06831550735630254,
    -0.05026869736419109,
    -0.05794137556885684,
    0.056859735869415576,
    0.07970222167960508,
    0.005869282799069686,
    -0.09612701424613945,
    0.0687334696620514,
    0.0676454224829056,
    -0.02757054604789677,
    0.09318924730473561,
    -0.057889374303625486,
    -0.08762397718452962,
    -0.09065258657685077,
    0.0004523330870250586,
    0.05629862591514474,
    0.05984687507539102,
    -0.02948928380360325,
    -0.009066323733452576,
    -0.09931579897935008,
    -0.048553956370342724,
    0.07962062094873555,
    0.08522549071628159,
    -0.06669941003753992,
    0.04981575392597553,
    -0.06354998665754633,
    0.04755021495630243,
    0.06774816433399929,
    0.048413568125846435,
    0.03831661695206821,
    0.06441272025269107,
    -0.0725361459019778,
    0.08314274647261087,
    0.09159421577488785,
    0.015671124110036107,
    0.069626352407026,
    0.08514351698640531,
    0.046430776962435694,
    0.0022815716995657986,
    0.030194280539301024,
    0.005172156257174799,
    0.08807742151492873,
    -0.05346704629318366,
    -0.020743426586267488,
    -0.025333145027370208,
    0.0585120009975568,
    -0.08634371601410842,
    -0.002740328282517579,
    0.015054452834849586,
    -0.003318302649918281,
    -0.029936724948482676,
    0.08763196307701793,
    -0.018739080185105127,
    0.016782036634855158,
    -0.07865993665937539,
    0.04460735957123954,
    -0.06857467124569583,
    0.08053436108075514,
    0.000927242589045485,
    0.026428687381788454,
    -0.039620723131348456,
    0.08239153250015825,
    -0.09788758985980978,
    0.09527504303990911,
    0.0020153019720589474,
    -0.029849488344306275,
    -0.0011078717215640356,
    0.02901402284537893,
    0.031595351593815546,
    0.053819081460354835,
    -0.057635887446432735,
    0.0989780575685006,
    0.09000887973449634,
    0.0636344646288356,
    0.0026646897257984973,
    0.09910634765111859,
    0.01240426734128617,
    -0.0283824206423825,
    -0.037508507660141736,
    -0.05956594104624167,
    -0.034740665175523926,
    0.04771523004109599,
    0.03534752377251649,
    0.016184297498846225,
    0.05539148776291028,
    -0.08896193056879959,
    -0.08983448458721884,
    0.06534898129210331,
    -0.0555652915354961,
    0.038761364847563366,
    -0.08705271099466379,
    0.06803413109477296,
    -0.02155690903895471,
    0.004733650405079271,
    -0.01904774173539281,
    -0.08495843328175612,
    0.04663006449077174,
    0.02667098215255306,
    -0.033993019754676126,
    0.04712011478228613,
    0.03943333666564737,
    0.009256829950446766,
    -0.06981577340476168,
    -0.003009497794714311,
    -0.014724902098140813,
    -0.010280198501734117,
    0.03002900705542293,
    0.040175842202878065,
    -0.004441765812389686,
    0.08945457490077734,
    0.051085507464087514,
    0.08846269989417535,
    -0.05889706416987122,
    -0.08598236688332649,
    -0.04087203967148578,
    -0.06317606084294962,
    -0.09951214552912575,
    -0.03021636272433923,
    -0.0858494043941822,
    -0.00757945519139196,
    -0.055924124130138746,
    0.01128431784363322,
    0.0818049379336645,
    -0.07993252711190889,
    0.009976856175650962,
    0.015805602706369992,
    0.09538851945787903,
    -0.07049246557141152,
    -0.03286357272932188,
    0.019386040264230145,
    0.09472411317546968,
    0.0020452746444510786,
    0.06481910392861744,
    -0.061525261962600955,
    0.09505580640930462,
    0.09772989862884246,
    0.09558050756233659,
    -0.06841865045746816,
    0.036897536119436296,
    -0.06853477044624116,
    0.09508947050860472,
    0.07765383160859077,
    -0.00557158494818304,
    -0.0409633213339798,
    -0.009525252884865677,
    -0.0229352019484538,
    -0.07544224752404341,
    0.03258484159320587,
    0.07219025546535283,
    -0.031732864313041585,
    0.09216670243311163,
    0.03091692183445889,
    0.04572029997503886,
    0.041368929541545876,
    -0.07249576904855785,
    0.06196482797882408,
    0.02478745903838533,
    -0.04558578920921761,
    0.019557364595168394,
    -0.03255625499182833,
    0.05315008502127592,
    0.08041917253189113,
    0.0662723962496119,
    0.0511418638276645,
    -0.0995169778230226,
    0.011133121179122263,
    0.009482459454981274,
    0.04969063339475599,
    0.038584817365438,
    0.09659386555963285,
    -0.07842780034862169,
    -0.0015741647549116777,
    0.06892054391486553,
    -0.062036652010791296,
    -0.07599220734653325,
    0.013726721569265866,
    -0.005020430298925605,
    0.04250793502711501,
    0.0034167654974526676,
    0.011695780215476148,
    -0.03381039195060127,
    -0.005617564490995442,
    -0.05064488915633467,
    0.0007271548594471211,
    0.0876903986895215,
    0.06995454359549813,
    0.0211255460993536,
    -0.07723523707835729,
    0.025762404190954304,
    0.05037997715296519,
    -0.07779292521549415,
    0.05585113466629513,
    -0.05113165488157537,
    0.055423655217554324,
    0.08593301161947578,
    -0.03015507375240292,
    -0.04618502267993692,
    -0.07162744917585677,
    0.08834110675725688,
    -0.007954754004068355,
    0.011699895226644675,
    -0.09104542130829799,
    -0.05253020554253301,
    0.029578757130369705,
    0.04008073009316626,
    -0.08390152920798488,
    -0.09627521297811048,
    0.031783116711984104,
    -0.08307710432253634,
    0.07296700903987467,
    0.0049528855633184325,
    -0.07371854674975756,
    -0.051620668860669544,
    0.09514198668218331,
    0.0816387905588661,
    0.09884084182383708,
    -0.07357887469156768,
    0.05950495817084507,
    -0.08006916867136836,
    0.06691952978669051,
    -0.04128865120165903,
    0.04506870555780234,
    0.0582581324513602,
    -0.020244291345682508,
