{
  "indicatorWeights": [
    0.8409174511238287,
    0.6559915379652905,
    0.579137014846014,
    0.7109641669329079,
    0.5157411200476856,
    0.8594112914260453,
    0.7640399643929963,
    0.8212734167930981,
    0.8331791015081407,
    0.5385493336807543,
    0.8616500271136769,
    0.7344189131094316,
    0.9444645376282145,
    0.9771149424624622,
    0.6744983915535421,
    0.7458487920924659
  ],
  "trendingMultipliers": [
    1.136034993908222,
    0.9700101412712433,
    1.0044298182972058,
    0.9706707911046142,
    1.0239792764591773,
    1.149024848600635,
    1.122315403005041,
    0.8362595951946867,
    0.9374898391345385,
    0.8265379447768963,
    1.0417121564769527,
    0.8470784720031689,
    1.1177229074358315,
    1.0311585841443915,
    0.831788614077204,
    0.8533155777975009
  ],
  "rangingMultipliers": [
    1.0795565320174012,
    0.845766851102909,
    1.0172953733693482,
    0.9415922999122789,
    0.8823508785943328,
    1.1987989482457104,
    1.034376593006384,
    1.1481894174296887,
    1.1819867719301396,
    0.8714575803708453,
    0.8489858499144842,
    0.8050839306844304,
    0.9896166224868004,
    0.8816723616591026,
    1.0230512114347332,
    0.9416718759694691
  ],
  "timeWeights": [
    1.0808485925775484,
    0.7393321873095816,
    0.8215202761715115,
    0.9724157515226557,
    1.0040933055281998,
    0.9047076387260803,
    0.9920340797159402,
    1.1683295892904644,
    1.0589956931660822,
    0.8945896840816615,
    1.2480756985948376,
    0.881499048474649,
    0.7047674733501317,
    0.7776365322130511,
    0.7811137831552243,
    1.2366092447165786
  ],
  "interactionMatrix": [
    0.08534893946057712,
    -0.042325769430347715,
    0.09675938990707603,
    0.00662268452463708,
    0.03303353174113919,
    0.03325945008212899,
    -0.015600526287412998,
    0.061488431796634636,
    -0.09473338653857029,
    0.0829608328259925,
    -0.06585719645277315,
    0.05917773633076389,
    0.06559226964647094,
    0.06993392606480475,
    -0.0848183691300811,
    -0.007410519955402007,
    0.07417726623256009,
    0.0987334914394643,
    -0.04410416563727937,
    -0.00960448312726845,
    0.06609609278890086,
    0.09667159969219255,
    -0.0015442222985118993,
    -0.054990186303584654,
    -0.03491803750960709,
    0.09990082421884701,
    -0.06891714813520089,
    0.07852218818806203,
    -0.0965850088556378,
    0.014737882542088167,
    0.08437894107772015,
    -0.039513432931959525,
    -0.05374331999884607,
    0.09412188374853217,
    -0.044737796929771624,
    0.016747415590776617,
    -0.053950985843885205,
    -0.0032327998195647023,
    0.0193792372958735,
    0.037221512691105345,
    -0.019221850336465642,
    0.08265993715735792,
    -0.01589386520733085,
    -0.05648060488403337,
    -0.04472688641268006,
    -0.06973422312599879,
    -0.027581477397929932,
    -0.06060324129144959,
    -0.028351703407734564,
    0.02062845452863271,
    -0.05698749993341601,
    0.015968036858419566,
    0.030776398061031187,
    0.09661513501551809,
    0.058787399318781366,
    0.0965919594418627,
    0.009484129991741398,
    0.08080573577540036,
    -0.053349499015637195,
    0.03684467333723727,
    0.08260844081929462,
    -0.08207998035488576,
    0.05560177061727367,
    0.0926741692226683,
    -0.03543457220814546,
    -0.08453007897857488,
    0.008603598051425099,
    0.024301826574635067,
    -0.02241666299143308,
    -0.057638845363865036,
    -0.0697481899370979,
    -0.013777744416344762,
    -0.05108244312519799,
    0.08076156393905216,
    0.0046889426644198375,
    -0.06980498818421928,
    0.0922248154752186,
    -0.0960122154980351,
    -0.07366465992613143,
    0.06822625040129185,
    0.07611275727089668,
    -0.056695343258241285,
    -0.0727115465888261,
    0.03632394980127294,
    0.06311049219998972,
    -0.052074674867954945,
    0.09775638405360841,
    0.0012880270816366891,
    -0.09081777659368016,
    -0.031500399650745046,
    -0.03845964145057177,
    -0.009323620507890795,
    0.05340983463628168,
    -0.017763197119647644,
    -0.021028927563782298,
    -0.04556085275864093,
    -0.06828165584337842,
    -0.04765423766239951,
    0.026538391851902432,
    0.061255941715062906,
    -0.019885733313870224,
    -0.0637382384105231,
    -0.020151828449825084,
    -0.028819011276411,
    0.026863502908351156,
    0.06474144056246955,
    0.0509091473293831,
    9.558570966765601E-05,
    -0.003733133256946908,
    0.02673180057383935,
    -0.048482730079542624,
    0.07552610876892385,
    -0.018539655947250554,
    -0.03353623264884107,
    -0.023466809443749837,
    0.08688911002379296,
    0.03308321171306501,
    -0.03618791463142695,
    0.021015618567421446,
    0.055826659463840245,
    0.029279668997335386,
    0.05761888385771104,
    -0.011770675966554324,
    0.013545237615365968,
    -0.04857630439865675,
    0.0438224651346941,
    -0.07656561956054653,
    0.056227176376026214,
    -0.08335295662528078,
    0.04234117344132589,
    -0.004998397853634252,
    -0.05833197511453976,
    0.07413654827781124,
    -0.032219947318710584,
    0.011816677689997347,
    0.08034286600436756,
    -0.03199678956322245,
    0.025381939791266395,
    -0.09635814447409025,
    0.015068425504336092,
    -0.024741313344523563,
    -0.04127593248793793,
    -0.033865041445544634,
    -0.0704099852341821,
    0.07067113588717587,
    -0.04789797898358286,
    -0.04510331734288047,
    -0.09916408868884613,
    -0.0511458226574342,
    0.06358176164324039,
    0.05112690830240954,
    0.028287016173721292,
    -0.06404331656040699,
    0.07322778191499571,
    0.050569209653333495,
    -0.005235269037301916,
    -0.034841862496388966,
    0.06488491346104022,
    0.03499675470533705,
    0.04697077846382092,
    -0.028276896408898966,
    0.015222003271680174,
    0.0885254642687352,
    0.0620162889445602,
    -0.032204894723955095,
    -0.0899540324867175,
    0.0610094207636285,
    0.015287999453421453,
    -0.02492068486317225,
    -0.02081932601753054,
    -0.037249056676082894,
    0.025826913245531213,
    0.04475031675868413,
    -0.06276932958074555,
    0.06397990441205036,
    0.09840461270333281,
    -0.02918836874879993,
    -0.03709662181358835,
    0.09858973124218151,
    -0.07587783363096808,
    -0.04307524132889021,
    0.05279329823952297,
    -0.023719708058824576,
    0.08029211846518391,
    0.018258694659998964,
    -0.02641720188936758,
    0.01729420835487816,
    0.014606137090374572,
    0.02307038129148238,
    0.041840462579510754,
    0.05310877273158257,
    0.04424120961996306,
    0.08558456833707916,
    -0.08165915321628765,
    0.01635349290793302,
    0.04236045658861183,
    0.038831308477545505,
    0.07739240389204467,
    -0.01077412357113905,
    -0.020645235797040452,
    -0.024031149474829205,
    0.08213852000501949,
    0.02416150615944368,
    0.060092118039352084,
    0.07112626636062942,
    -0.016017679563134803,
    -0.09628138550055015,
    0.07442746034639362,
    -0.09221205399249549,
    0.09671580470938419,
    -0.017258504594008683,
    0.08661848549659457,
    0.06176040951555311,
    -0.029950742623744378,
    -0.08811338603292712,
    -0.09907047108474416,
    -0.007388674566495191,
    0.08540075794028422,
    -0.011686234350582426,
    0.009060722952280975,
    -0.08492704284698958,
    0.0679278571059667,
    -0.05801415053558297,
    0.00444052680036875,
    -0.026205776628228563,
    -0.02830279195777559,
    -0.03938965714977319,
    -0.08843712327304681,
    0.0663586656365042,
    0.0625121060920436,
    0.07938642914114352,
    -0.05882202554255207,
    -0.011059569648687618,
