{
  "indicatorWeights": [
    0.6494656332577103,
    0.6822704642858459,
    0.59803622957128,
    0.8959338912028745,
    0.5008707670609829,
    0.7078425557472663,
    0.9580910257581335,
    0.7930833585689769,
    0.6210973281282088,
    0.7317635305354068,
    0.7877304539775811,
    0.7027193710657482,
    0.6447272088524876,
    0.7902539869158254,
    0.9807681391624674,
    0.9637085818786479
  ],
  "trendingMultipliers": [
    1.1764938551199882,
    1.0878317880871584,
    0.9969328498905583,
    1.0759854501120898,
    1.1369072391593185,
    0.8132450991505368,
    1.170669501104847,
    1.174718086835479,
    0.9742167831664869,
    1.1881804599790717,
    0.8466533974527967,
    0.9714683718792796,
    1.1387738263000071,
    0.8881539724662688,
    1.0973658963641804,
    0.8410658764669774
  ],
  "rangingMultipliers": [
    1.0136119686621172,
    0.9793996472775656,
    1.1605274366131133,
    0.8358364715725073,
    1.0844502121710586,
    0.8667065132663334,
    1.0638037011287165,
    1.0011277333419915,
    1.04637526420838,
    0.9069604462009914,
    0.8983840564294994,
    0.8071967300149243,
    1.1114440377002888,
    1.043019869470307,
    0.988825253925639,
    0.8913805167744772
  ],
  "timeWeights": [
    0.9056890795610765,
    1.1296521001818736,
    0.8762552729429283,
    0.9421681614030123,
    1.2772712692950863,
    1.0251086020274125,
    0.8074131227857095,
    0.995004676680596,
    1.0865551193726695,
    0.8599750637587731,
    1.1731351578294507,
    1.0357290161717292,
    0.922575524780399,
    1.08858425476172,
    0.7773834811477958,
    0.8890080935101169
  ],
  "interactionMatrix": [
    0.07248339494164183,
    0.08572425455403287,
    0.014829622474238448,
    0.07392360146017869,
    0.048726754566462804,
    -0.04460533055350862,
    -0.026671657141000307,
    -0.004354589041736756,
    0.0799176383430226,
    0.024797591503675356,
    0.03899653800683778,
    0.06145280929482895,
    0.020879055752808375,
    -0.06235347601791366,
    0.05388295129517884,
    0.09524104729838033,
    0.019347296828941984,
    -0.022553757438326327,
    0.03434802281068279,
    -0.0789482425014077,
    -0.09489000193418747,
    -0.014811345630352024,
    0.015152421256033888,
    -0.006175326478880506,
    0.03917516811548103,
    -0.0104119957243054,
    -0.004922571004994248,
    -0.001765115844101195,
    0.08492804378246804,
    -0.012713418424626234,
    -0.020139005442578208,
    0.01891038836259389,
    0.058128774504808446,
    -0.019040413896970844,
    0.020849989352743695,
    -0.07665931932321596,
    0.06343246027051641,
    0.09975255553866635,
    -0.035867378069073586,
    -0.07691112587947746,
    -0.08596698223440413,
    0.009244839328402277,
    -0.009551684570872477,
    0.050328429626169506,
    0.015306729896303285,
    0.09377870703061575,
    -0.08440389220021174,
    -0.06546179318375671,
    -0.03842468291219499,
    0.09949731249076693,
    -0.01880795609115318,
    0.06277970180944085,
    0.003699687409707697,
    -0.09601517951456662,
    -0.02710843179783791,
    -0.0030747935697729156,
    0.07873160185952924,
    -0.0024946701575567776,
    0.09034908544674142,
    0.030195194735058585,
    0.0577636619136672,
    0.058629853894682164,
    -0.08022588528677513,
    -0.005835573525160731,
    0.06520228228491265,
    -0.09670568849281214,
    -0.04925803463828369,
    -0.03597626501769087,
    0.0518941680067784,
    -0.016146538488957373,
    -0.06038265220185875,
    -0.07241012990705453,
    0.07335658328848589,
    -0.09501931452164517,
    0.08690635985015766,
    -0.08341224962914387,
    0.05489597407628184,
    0.06274738698505637,
    0.01647046366961056,
    0.08048496352213877,
    -0.044518356784450555,
    0.09390442461670978,
    -0.01214589586596826,
    -0.021484544266367967,
    0.05725834325409345,
    0.09827532727048459,
    0.0212087033582705,
    0.05309818635328985,
    -0.07829521327459635,
    -0.001995577953737593,
    0.06581176093533346,
    0.04080072111055917,
    -0.08153357806128654,
    0.09993262537518013,
    0.04225712339356291,
    -0.09844047058873791,
    0.013578319956638009,
    0.011114319848399945,
    0.09141395725802669,
    0.056243377947840095,
    0.0009092022606528972,
    0.08457562282364467,
    -0.09694354306406122,
    0.06434345936561776,
    -0.043569441504825605,
    -0.02787605132885347,
    0.07234115734421272,
    0.0692845053798959,
    0.0002134538984108758,
    0.02027361250006974,
    -0.047101900560916565,
    0.054797090423591245,
    -0.061036054462023565,
    -0.037853121203909296,
    0.07871516333750538,
    -0.052103997162685725,
    0.006289883493506743,
    -0.014037030130515516,
    0.08100467277354738,
    -0.02630605304178444,
    -0.031765322899549364,
    -0.09386401882525733,
    0.004855244329370212,
    -0.05902713184815203,
    -0.05043068999399008,
    -0.03553643734398604,
    -0.020935765392403716,
    -0.07113148516119382,
    -0.08736317536440352,
    0.004358465746390672,
    -0.027387392128492616,
    -0.08203391110972875,
    0.09391504502164845,
    -0.0455572387056056,
    0.0850968450918201,
    -0.02538975511444377,
    -0.08140513651272192,
    0.02662890480955382,
    -0.0853658712293286,
    -0.017318633710417863,
    0.02456622562158526,
    -0.02548647381821678,
    0.08687432242160376,
    -0.04291505696481934,
    0.027858976042969164,
    -0.04539084955248758,
    0.04531197216610228,
    -0.03790406359988157,
    0.03208661629982419,
    0.08592907848526646,
    -0.05480610958730961,
    0.0446534727197081,
    -0.032566029782939744,
    0.004481539925310707,
    0.07955820540688514,
    0.06077022748493726,
    -0.04860878913904716,
    -0.051857369027361516,
    0.08680140380231521,
    0.01980925012125816,
    -0.07334743092004321,
    0.048759830785568115,
    -0.019933417483791606,
    0.007180452876697463,
    0.019485695914212054,
    -0.024830800713449275,
    0.026184870676455675,
    0.04389402681403951,
    -0.0772453438653563,
    0.0043720483962623735,
    0.023964041107061587,
    0.07721511225109345,
    0.06044303231204021,
    0.06338378512421886,
    -0.011434967919216832,
    -0.07077659983152221,
    -0.03942433009695408,
    -0.03741660524095025,
    -0.021239822723228066,
    -0.030008571696575205,
    0.07510353723398511,
    0.07411503542373646,
    -0.0975425809836505,
    0.0665403596567439,
    -0.07192923693218063,
    0.010788010639595403,
    0.02292132645016296,
    -0.058061332386374766,
    -0.02027811550809642,
    -0.04581741941727822,
    -0.027418018735012418,
    0.092425826173197,
    0.07431384944067441,
    -0.018210089919959673,
    0.04252960457196125,
    0.0835934102027621,
    0.04101769773028774,
    0.05706898600146988,
    0.03949295469865968,
    -0.0866824850931532,
    -0.02091551923074928,
    0.02661882130360449,
    0.054311187433829455,
    0.03521982806818711,
    0.08209323763101431,
    0.04914961521871928,
    0.003713606912694112,
    -0.09856402806425345,
    0.0641513509552282,
    -0.09898210287350606,
    0.02999977830726044,
    -0.017468580854453953,
    -0.04551659601598366,
    -0.06322655095295608,
    0.08244369645684518,
    0.07029785330401228,
    0.0890255427148221,
    -0.09659007473597676,
    -0.07557196820907056,
    -0.049034386865280145,
    0.09715379818797897,
    0.05627439936022538,
    -0.06880570041152319,
    -0.022738174120317558,
    0.008612154154913633,
    0.07490676556216128,
    -0.0697240185462569,
    -0.062367773955066874,
    0.07974095038736446,
    0.04618139818639007,
    0.07561619706751091,
    0.01870329960924835,
    0.02476760162388483,
    -0.05798477924108472,
