{
  "indicatorWeights": [
    0.6705525928683453,
    0.7187957426368465,
    0.5786810496972683,
    0.6506391109368164,
    0.5153321077694666,
    0.4124976034997841,
    0.8322931583794463,
    0.47492154487704474,
    0.8944669198924879,
    0.9944521201994965,
    0.8837744295290152,
    0.8981454450803205,
    0.9211791513347869,
    0.6907917413952924,
    0.46333112631224666,
    0.5618691140078724
  ],
  "trendingMultipliers": [
    1.003765680840092,
    0.7833599303619089,
    0.8342252980169953,
    0.9295145714776321,
    1.3064123445657168,
    0.8943797618378554,
    1.046158559962378,
    0.8163073312873196,
    1.094818034231661,
    0.9515341059544425,
    1.1684765884470014,
    1.2784483410818053,
    1.1394038833784648,
    0.8896298779975848,
    1.1662586798948482,
    0.9709257318607865
  ],
  "rangingMultipliers": [
    0.9311105262749879,
    1.0058304583199655,
    1.0894072617133315,
    1.0252320858175843,
    1.089828562628125,
    1.1032267775250395,
    1.0270342368250156,
    1.3689621316794909,
    1.0987453649438927,
    0.9656982218434322,
    1.2095554437807592,
    0.8214640498165929,
    1.0072993752824684,
    0.8931911711502281,
    0.7388670356356778,
    0.9321834635722046
  ],
  "timeWeights": [
    1.1018492525630048,
    0.9357719512676179,
    0.8256466481074026,
    1.2250183976806506,
    0.6622094705288467,
    0.7646758837385973,
    0.8627502403426627,
    0.7575911743667807,
    1.1070781579854119,
    1.162464019676818,
    0.8720358093299766,
    0.8574628168681835,
    0.9227073822945847,
    0.7880614279102993,
    0.982059743602506,
    0.41552051996074874
  ],
  "interactionMatrix": [
    -0.009760178124860346,
    0.14988458274048122,
    0.010005813082007944,
    0.0399122277592815,
    -0.04435498963867006,
    -0.07716672594190946,
    -0.03599624214943861,
    0.07646490079299526,
    0.10935461078844931,
    -0.006480039174677932,
    -0.05548379411069532,
    -0.05680883252219533,
    -0.10704327278205861,
    0.040144856282381375,
    -0.0905452605490503,
    0.07658545917563722,
    -0.0032375075190639035,
    0.04958325188936087,
    -0.09324357952401455,
    -0.1282861872119479,
    -0.08453632902399057,
    -0.033965111118688426,
    0.04948212307104481,
    -0.11752874840590913,
    -0.12078663478685928,
    0.1444757762619301,
    -0.09746318119297175,
    -0.08823322417142965,
    -0.09047614049738603,
    -0.01630005358934499,
    -0.049011558447862626,
    0.126675467966678,
    -0.12726148140739665,
    0.019617181362042456,
    0.09049316603575779,
    0.05983658706067776,
    0.06463543637673969,
    -0.14873890200854012,
    -0.1854581747284201,
    0.05389419254347454,
    -0.0980213807707141,
    -0.1025502798669055,
    0.02350305331957281,
    -0.015605682849001198,
    -0.08637952441324674,
    -0.0762206952291207,
    -0.15402862598540745,
    -0.17877783557920798,
    -0.11470339748831065,
    -0.11013192312111678,
    -0.02115094635861698,
    0.0998191893487717,
    0.15971853557515658,
    -0.10960603597408826,
    0.02023564641002834,
    -0.15457948238901903,
    -0.09249899858758785,
    -0.034503320463136714,
    0.01788848763168053,
    -0.09850250102552252,
    0.10429129563702691,
    -0.10002384402719787,
    -0.11423798838809737,
    0.07041122007491027,
    -0.042204868398264,
    -0.032656846853283746,
    -0.03096668537637548,
    0.019461300969766504,
    0.013355376583878788,
    0.05215551887479557,
    -0.011927882339423733,
    -0.19700611075827734,
    0.055886376642207664,
    0.011391446113911827,
    0.02037443309735012,
    -0.030320712099792063,
    0.15276741173284913,
    -0.01871751896898232,
    -0.13132009110818366,
    -0.012498016731688974,
    0.0129367520239757,
    -0.08358778255390924,
    -0.1370044117562783,
    -0.12521712557053846,
    0.05497282439560288,
    0.14838760695679976,
    -0.23567969595071478,
    -0.10098199397018442,
    0.040193851679725265,
    -0.03831518178117236,
    -0.03247364004141535,
    -0.028195108725667054,
    0.09873577993755632,
    -0.05683158356253945,
    0.09820705297321783,
    0.03704724088166762,
    -0.014155264890012873,
    -0.12976572174294876,
    -0.06333375772361201,
    -0.00787040250413338,
    -0.09891528570903627,
    -0.03912089872558178,
    0.0680712516875017,
    -0.05620600487965836,
    -0.06241119120842277,
    0.052981855515840066,
    0.04498617211255125,
    -0.04261181083469539,
    0.09141503963290383,
    0.008224793551361827,
    -0.06987080262575072,
    0.09769127664096734,
    -0.022455851125483074,
    -0.16023636812131356,
    -0.13259123029403153,
    -0.04515989560594969,
    0.001443208796749175,
    0.04792860801603297,
    -0.06355486673929372,
    -0.10333338824149617,
    0.0667964575838822,
    -0.06049980130139392,
    -0.041928166087669284,
    0.09233770898852275,
    0.12419495569168681,
    0.030274552591451398,
    -0.0814200772375751,
    -0.011979434283392898,
    0.006025223757447368,
    -0.012962308309814603,
    0.033444461461714786,
    -0.009118766441589432,
    -0.11606577362511594,
    0.04611567264460192,
    -0.1031239630478688,
    0.029783068237513977,
    -0.02675673539482809,
    -0.10300846975304549,
    0.006543759802279982,
    0.07253848746045578,
    -0.06164979918168782,
    0.12408349262402393,
    0.0043865424484107185,
    -0.07115694978962141,
    -0.11623238138608642,
    -0.08683298962145995,
    0.008688550399159188,
    -0.06562700909126729,
    -0.11826166648115205,
    -0.006406499937507366,
    0.009620708447103145,
    -0.1044733189448046,
    0.0053180243832141386,
    -0.02883607436678457,
    -0.05229760420082779,
    0.05451145368157165,
    0.06223499329798756,
    0.1350399725998708,
    -0.11282897663234087,
    0.12213121772670846,
    0.02900986060103697,
    -0.04755234081897716,
    0.031010214107825868,
    0.003994688272653785,
    0.020583906153253423,
    -0.07514847422082248,
    -0.0587424827845482,
    -0.03510015366093515,
    -0.021759507688069803,
    0.10905251064940523,
    -0.05380372903996486,
    -0.04071031322056037,
    -0.10169884800675238,
    0.1590971941383434,
    -0.035433342119124626,
    -0.10625805325659027,
    -0.022805750350990056,
    -0.015928240434880378,
    -0.023119946979225044,
    -0.08248408690198779,
    -0.06701927773359641,
    -0.05298081569405702,
    0.0637660689987376,
    0.02912567893210287,
    0.05798710712691818,
    -0.03884537347471645,
    0.007651946566079419,
    0.037731316493750305,
    -0.04451857670716021,
    -0.007389036487803903,
    -0.012625617211425499,
    0.04166890963829441,
    -0.17259943403451056,
    -0.0005168822586802506,
    0.013191447511581165,
    -0.01880055979312089,
    0.019644610772416207,
    0.16566626757122782,
    -0.08535848425545481,
    -0.025663195325827115,
    -0.047555512078718665,
    -0.15263287703301515,
    0.041700001319283746,
    -0.06729662154498743,
    -0.15191705762521135,
    0.045675459637246896,
    0.03384743971291783,
    0.048178440124629636,
    0.008109375663836524,
    -0.013267737798363197,
    -0.11047727587424602,
    0.07122672470675127,
    0.046594767500602464,
    0.0017653314618579332,
    -0.059854424123265304,
    0.0304216362212254,
    -0.05610821966186313,
    0.011210228977720765,
    -0.11937745517107422,
    0.14210064227271174,
    -0.04823355848303629,
    -0.02200557763968416,
    -0.09226596013643404,
    0.03462623658026562,
    -0.07820637503435471,
    -0.1409581981213617,
    -0.03614473400811313,
    -0.007882364680799371,
    -0.0612517363305044,
    -0.10547525367492978,
    0.1331859847145913,
    -0.08839694510454901,
    -0.12380584709436394,
