{
  "indicatorWeights": [
    0.6917405208541887,
    0.8686822440095403,
    0.8944963128240677,
    0.6752380033608263,
    0.749721292953011,
    0.5063542354211044,
    0.767558063529242,
    0.7431217749946735,
    0.9895351217064847,
    0.5412239406619263,
    0.9507093227406305,
    0.8764717028196103,
    0.6706520498961968,
    0.795901145730443,
    0.5340000977140692,
    0.953542241873011
  ],
  "trendingMultipliers": [
    0.9120514636191115,
    1.1840809073742495,
    0.9897414233368269,
    0.9153485891107545,
    1.0613579246764677,
    1.0549189180785614,
    1.091437773758491,
    1.0505334366727745,
    1.1856825992543758,
    1.0682346880789786,
    1.1398440273398907,
    0.8151951296867453,
    1.152041026594459,
    1.1651267564568206,
    1.1769101930128594,
    0.9908344917719655
  ],
  "rangingMultipliers": [
    1.0239122154225035,
    0.917378579787186,
    1.1567133839470238,
    1.1624285543980324,
    1.0813355856540823,
    1.0723845890202004,
    0.9149245902740502,
    1.0078882067775592,
    1.0904666427623848,
    1.1402977272980905,
    1.168093445387684,
    1.038796611893243,
    1.0686371924912519,
    0.9155450265454036,
    0.8740984161090359,
    0.9502862589046928
  ],
  "timeWeights": [
    0.7559593513212854,
    0.7827137270660668,
    0.8043447532656572,
    1.116568479951061,
    0.9784638280749867,
    0.7518219778717607,
    0.9196131354727705,
    1.2195210347772254,
    0.9966443496542184,
    0.8258565194602385,
    0.9932848320854026,
    1.1399935006241624,
    0.9699300716386978,
    1.0680725048273039,
    1.0428709599298156,
    1.1726627533335219
  ],
  "interactionMatrix": [
    -0.06602680559372127,
    -0.09906729563825067,
    -0.09563026647012202,
    0.040474390148014086,
    0.07853118573762177,
    -0.09333806716888576,
    0.037908875498064015,
    -0.06552834530324805,
    0.078234460524989,
    0.0076804357070837,
    0.0781889037591369,
    0.05504393327369981,
    -0.0954301193545487,
    -0.013591592038266143,
    0.09376840094168147,
    0.08469243344764975,
    0.02451933602954548,
    -0.048031559514599254,
    -0.006845871235085466,
    0.0005980504009016175,
    0.0916231846102002,
    -0.07196129695666986,
    -0.0945279695241891,
    0.09448646155928526,
    0.043184756711663955,
    -0.02039598033608632,
    0.04133417710667151,
    -0.005800191269421596,
    -0.00530324791699095,
    -0.0358789618933429,
    -0.08900256122422792,
    0.0790024605994742,
    0.014145969255559554,
    0.024104912671476034,
    0.030184980829946962,
    0.05165603913775085,
    -0.06703776630854939,
    -0.028300717120239228,
    -0.0560939280647417,
    0.055474786824498114,
    0.029904200557279895,
    -0.05942419115772573,
    -0.04758498113747749,
    -0.061137372896335786,
    0.025927575850343755,
    0.00393704992797721,
    0.05616300489234245,
    0.056371244472313946,
    -0.01482683511610934,
    0.04515798674892422,
    0.08393024609471829,
    0.08599836642933789,
    -0.03839272353257748,
    0.04354987240892101,
    -0.05278653847294717,
    0.021747475119619587,
    0.06728940156455616,
    -0.025272408588104624,
    0.011087862271405303,
    -0.0006293223009664173,
    0.0008728346999540504,
    0.03700195551138372,
    0.0012044637286728888,
    -0.046195700613648354,
    -0.030660146467518735,
    0.01641160452019641,
    0.010002391679479762,
    0.07232597609861231,
    0.04543293771567807,
    -0.0389863641039854,
    -0.09249808799681758,
    0.06521394916044536,
    -0.024567268834594924,
    0.0106356806519178,
    0.03578612922037388,
    0.013128104416294662,
    0.05030642557317975,
    -0.048546900875055844,
    -0.03420318938881206,
    0.06746917960807718,
    0.0321950827121706,
    -0.08188376790969241,
    -0.07154619439264556,
    0.013193274110128494,
    -0.04337459572936489,
    0.04765368877168244,
    -0.05238084196979231,
    0.07464394116914248,
    0.010279462454610823,
    0.09645623192351871,
    -0.03375472155803829,
    0.09910240616848665,
    -0.036568592841636605,
    -0.08456013976126425,
    0.020627070931375016,
    0.03775824462445583,
    -0.0016173582290043287,
    0.03754248227403052,
    0.09419341871442864,
    0.026382481537684722,
    -0.07300899100348783,
    -0.08641912296556285,
    -0.036730270804535795,
    0.02536200237766313,
    0.0764043055414144,
    0.04113544345586609,
    0.0019487408336176682,
    -0.030047774185821496,
    0.03332403021514876,
    -0.07900290914795134,
    0.03278606921048497,
    -0.00023422030518411853,
    -0.03557548145721878,
    -0.07032797711862453,
    -0.022338407202561885,
    0.09334120149547083,
    -0.09095007890784534,
    -0.040528331420644784,
    0.0859508356002547,
    0.013417080682016837,
    -0.08509129152448025,
    0.06431421915803703,
    0.09196787468942902,
    -0.027866730425961862,
    -0.018409328177232422,
    0.07374848890262756,
    -0.036103627860704604,
    -0.006240907920179573,
    -0.09159299684532514,
    -0.04620817675409022,
    0.029691879753177067,
    -0.062030092677041605,
    -0.00716022233202911,
    0.05617504589874514,
    -0.06089043522645887,
    -0.08796702003609001,
    0.028266762269004198,
    -0.09435184135286681,
    -0.09667070707523491,
    -0.05403724656680038,
    -0.07329588927086071,
    -0.02691624292596169,
    -0.06941793962733288,
    -0.05204478929996395,
    0.003096004060457047,
    -0.061423607547903464,
    0.008568532373646609,
    0.04755702477831201,
    -0.07023349392920145,
    -0.027758635062958836,
    -0.06960011957883548,
    0.006730800551071958,
    0.0021995812709944443,
    -0.06472418231077907,
    -0.061901223375950234,
    -0.009562287351975729,
    0.03776234454017451,
    0.03190195075422542,
    -0.09403336452539479,
    -0.0885634694547079,
    0.019666513137787847,
    0.04781376596957172,
    0.02129536473173741,
    -0.04299725314440337,
    -0.08992080437105024,
    0.09257235491748822,
    0.04583335993694966,
    0.08392805442923966,
    0.06490636515389672,
    -0.08685212201252315,
    -0.055324869022361806,
    0.04387237953124197,
    -0.03898420379460173,
    0.035054117901620545,
    0.04815674759940554,
    0.0676334805266131,
    0.047768107116744486,
    0.0412561541626576,
    -0.03177981310999905,
    -0.05774252133771447,
    -0.09116864386881417,
    -0.052506672369290054,
    -0.03274377278767966,
    0.04483020138582623,
    0.09542772960521416,
    0.028049183410092906,
    0.04019076914046016,
    -0.011166356292336156,
    0.07673749220616695,
    0.023505151605013277,
    -0.03392509922426506,
    -0.06289038871268829,
    -0.0931679423891332,
    -0.060143368394979024,
    0.07711693778393852,
    -0.06276219560073648,
    0.07591168854816027,
    0.0416752045758519,
    0.01712254847091943,
    -0.08218720486648774,
    -0.043874954419563045,
    0.09170520829141149,
    -0.0010927535651672705,
    -0.08950290418789919,
    -0.008504231098000182,
    -0.04042945728420111,
    0.06880471630526397,
    -0.008645830359618856,
    -0.07415407474010963,
    -0.02073455408466436,
    -0.09290620719847409,
    0.09391900212209658,
    0.06984187161058823,
    0.02163821719532946,
    -0.08894769325258699,
    0.04735882121886819,
    -0.08073866167630027,
    0.05912084818156249,
    0.0632754995454876,
    0.07618312633099918,
    -0.07788020154150069,
    0.01933040138110649,
    0.07728991766402082,
    -0.030549853730759514,
    -0.09372328021612011,
    0.03562580359762207,
    -0.08255387270606403,
    -0.08024453647233572,
    0.06305875975948061,
    -0.07834503876564536,
    -0.08494752622848956,
    0.030652034343056102,
    0.073685254376502,
    0.09897345881773532,
