{
  "indicatorWeights": [
    0.7717567928761411,
    0.5217792364783237,
    0.5246596874115359,
    0.5450537446760336,
    0.9898026854674614,
    0.9436138872349793,
    0.5075803879566999,
    0.6427951325371407,
    0.6651403009334594,
    0.5670943593494703,
    0.7872630065044136,
    0.5344027798458156,
    0.42310842220436606,
    0.8314228843428143,
    0.49845634531692223,
    0.7881498443351759
  ],
  "trendingMultipliers": [
    0.7059533373032032,
    0.8902711197372454,
    1.1004909648965469,
    0.9401571545593612,
    1.2354161988482157,
    0.5904324567107607,
    0.8852232398459441,
    1.0396003571803991,
    1.1114598971424348,
    0.8789889420628947,
    1.0187508851170428,
    0.9464496557898723,
    0.8143106579634556,
    1.229789433541306,
    0.6400817354446695,
    1.0908288404821032
  ],
  "rangingMultipliers": [
    0.7078334700823278,
    1.1393252131368332,
    1.1481921426691069,
    1.2526947206887107,
    0.9483470927032012,
    0.875117302786874,
    1.174506765115416,
    0.9666556973709883,
    0.6908348960556748,
    1.1518086740734002,
    0.686545067628391,
    0.773581050260125,
    1.2410829249584145,
    0.9733003916907473,
    1.1419674074575508,
    1.160178658717374
  ],
  "timeWeights": [
    0.6307944722733789,
    0.762596450993949,
    0.9950355913144021,
    1.1585692884728374,
    1.1648766931348866,
    1.045159591349006,
    0.8707398862682647,
    0.9410420980259617,
    0.7089641516029216,
    1.0215448310368738,
    1.0758673746037708,
    1.1604003946760508,
    1.116333063670208,
    1.0719400345526302,
    1.2118898455229081,
    0.9675607426287067
  ],
  "interactionMatrix": [
    0.12133991832065713,
    0.11056708059071467,
    0.19304408129335815,
    0.14433344830390546,
    0.009362568135865359,
    -0.07229444520126177,
    0.2088367826908027,
    0.020192391836875902,
    -0.027918397406357036,
    0.05482048617756421,
    0.13829247840098222,
    0.002569557532582603,
    -0.024930749003386952,
    -0.13638637871990833,
    -0.015604692405585964,
    -0.04128007227448185,
    -0.009977899504101603,
    -0.03925735293564943,
    0.018211771564144406,
    -0.1890205632772445,
    -0.14530309273252534,
    0.03198876370728232,
    -0.12162322373986686,
    -0.06021936786146529,
    -0.10376308034085739,
    0.12975688278479985,
    0.11334821450144049,
    -0.09856940716675647,
    -0.22222949720915244,
    -0.038463586990872836,
    -0.027526654843448406,
    -0.06474836444918093,
    -0.12691033597283746,
    -0.10955587472488296,
    -0.1801954425441115,
    -0.0403387504239772,
    -0.1408264968666272,
    -0.21641270617329295,
    -0.07072805644205557,
    -0.18889919975730626,
    0.0021012405278733486,
    -0.222532915487794,
    -0.06208385211906786,
    0.116055875733824,
    0.16314916986203754,
    -0.06522153425213612,
    -0.11095772917947652,
    -0.1592467244779044,
    -0.028168099319133527,
    0.043273212119684955,
    0.0547754092880678,
    0.06760094299491401,
    -0.042943277879320875,
    -0.014402532059208138,
    -0.041646922847584214,
    0.062008783605939324,
    0.03765825690123427,
    -0.04632268209582589,
    -0.03524444036914377,
    -0.08567905250777974,
    -0.07652748049916296,
    -0.03699629649539143,
    0.042507249513890004,
    0.0812718687258431,
    0.10563350878996577,
    0.165180802418448,
    0.04833368750260861,
    -0.053107142732840326,
    -0.036970949139870826,
    -0.10497672824319955,
    -0.07043268012534903,
    0.10269067997020635,
    -0.08810941912401568,
    0.004199943389341553,
    0.028842854430218265,
    0.013597086207600459,
    -0.05183927409077094,
    0.02631464547527696,
    0.16853852004751504,
    -0.017356636872231056,
    -0.007372109524738733,
    -0.01993710293444454,
    0.006611710266902845,
    -0.2364700713982245,
    0.0700683649882721,
    0.09812906674866877,
    0.10502035026055348,
    -0.15224638065863533,
    -0.014102342633779474,
    0.06378432166126706,
    0.11753531353665242,
    -0.023050537647026123,
    -0.0472279633024784,
    -0.1068347449456826,
    0.033312519350609075,
    -0.04310283396942892,
    -0.06663004706528863,
    -0.10592252567403257,
    0.04866579054153774,
    -0.08924799620756592,
    -0.2010666441633529,
    -0.08323475624967719,
    -0.009464766694856162,
    0.03260467424719852,
    -0.0003102340994427834,
    -0.13365948394314991,
    -0.059986220058178746,
    0.09279873178530314,
    0.005252464090882196,
    -0.128227134922109,
    0.11547493217506563,
    -0.00892536417249299,
    -0.06449849203090646,
    -0.13597302496107008,
    -0.1140958364134082,
    -0.11601205105476171,
    -0.05308185289704,
    0.13420006160792874,
    -0.1390704475122616,
    0.002617188248611301,
    -0.03476709910384406,
    0.10149445204826091,
    -0.07286462520663302,
    -0.14382758175886803,
    0.24272973690284105,
    -0.06628431288361086,
    -0.06369274434837939,
    -0.0765311403332254,
    0.13200951517047987,
    -0.013139723457060493,
    -0.0019154195513386109,
    0.12960509133293305,
    0.006277245376751166,
    -0.0025421020058016856,
    -0.047460928357402364,
    0.0190751453579899,
    0.060924900925805936,
    0.039113304851667016,
    -0.004842089819165826,
    0.07977934961067036,
    0.0005412764279509666,
    0.03752517474907882,
    0.09352824289692857,
    -0.005948467067249639,
    -0.09223167966883795,
    -0.03634608926966168,
    -0.16297150593686502,
    0.04461044500167863,
    0.04565279519735983,
    0.07791583612433409,
    0.07418361580469376,
    0.00952240899105413,
    -0.006523652916783255,
    0.1544666624356093,
    0.03894363909128435,
    0.0403905757885753,
    0.0786025707606484,
    0.02634358605342511,
    0.11730994274511203,
    0.11244906909163574,
    -0.14540869998263847,
    0.014677614473088747,
    -0.2628917387180721,
    -0.23176727734323999,
    0.004786480979278852,
    -0.0017723908718344367,
    -0.12489010894066382,
    -0.08896059087609821,
    -0.15675795441506862,
    0.03120371956583261,
    -0.034161611403010106,
    -0.04564860489714787,
    0.1481621019447775,
    -0.07922537244845146,
    0.09675631195095778,
    -0.08398706303718802,
    -0.01909375462829118,
    -0.10299959155408749,
    0.11650793313257389,
    0.00608950034951259,
    -0.011279788388467524,
    0.09035638197063456,
    -0.03805984377672781,
    0.11966824010682049,
    0.03498283858580506,
    -0.009738990431026726,
    -0.03315536533502347,
    0.08423532659541548,
    -0.07944285177495741,
    -0.01501901560107747,
    -0.026696604296262097,
    -0.018987954940858663,
    0.05809542788038124,
    -0.002741319938921632,
    -0.18027115356986023,
    0.043702170050221686,
    -0.0032916889903593163,
    -0.09576893546129694,
    -0.08359694847522862,
    -0.11198954272826413,
    -0.08704199100242206,
    -0.0008102760282114319,
    -0.05583780076332544,
    0.0763552273153934,
    -0.01090579056411304,
    -0.05339418544897624,
    -0.011240584750926019,
    0.037533268320626145,
    0.13499795432085465,
    -0.022862468529430587,
    0.043494325153026356,
    0.1412444442796267,
    0.025385226093848495,
    -0.10873386472786976,
    -0.032393190060488276,
    0.12564043717644732,
    -0.08187032348277193,
    -0.0486074992798116,
    -0.051380665343180455,
    0.151263207812316,
    -0.025343535945167462,
    0.052633412580774835,
    0.10635022137324922,
    0.029189134863865762,
    0.0638909264098801,
    0.08263788073264573,
    0.00662134666160372,
    -0.03903650901940833,
    -0.09959651045652491,
    -0.0777976202556868,
    -0.10962926637358839,
    0.11946824868616673,
    -0.03350248006456005,
    -0.05325158987930096,
