{
  "indicatorWeights": [
    0.7625442138637823,
    0.8766993013451558,
    0.829989768034948,
    0.9704862893814892,
    0.8621330629661956,
    0.6296312740011898,
    0.7404353646346266,
    0.9952710485869146,
    0.8334189408359491,
    0.9456084269565506,
    0.6518175570065754,
    0.9524610523046589,
    0.5889223086415676,
    0.6970275246922137,
    0.9115887432679257,
    0.5026570183776865
  ],
  "trendingMultipliers": [
    0.9804538168610842,
    0.9804048159710906,
    0.8593279438883372,
    1.0932833570392604,
    1.1758650926028422,
    1.1161176800784098,
    0.8311651998841311,
    0.822434150559091,
    0.8727136200699144,
    0.9605899212558884,
    1.1031840127257881,
    1.1015795108709066,
    0.9142461744458258,
    1.0212839803230631,
    0.8195494314254365,
    1.1187834831093615
  ],
  "rangingMultipliers": [
    1.1718671819066155,
    1.0974489403311263,
    0.8728858532027476,
    0.9295778694923137,
    0.817654317854011,
    0.9718043772311046,
    0.8377856820198702,
    1.1095726270628454,
    0.8168717477361089,
    1.026123687083817,
    1.1860808373372984,
    1.1353728358718744,
    0.8148190216410419,
    0.8970207947527492,
    1.1208758635642637,
    1.176594914838272
  ],
  "timeWeights": [
    1.192238090710477,
    1.0133599349478826,
    1.081062888445516,
    1.2822816415829643,
    1.199268005312053,
    1.2665415648391016,
    0.9854946599566898,
    1.2360963497194304,
    1.0006548680483287,
    1.1458017575981339,
    0.863387573594646,
    1.1818024977891688,
    0.7089577930862556,
    1.01905562039516,
    1.2631302525782042,
    0.7195714355399666
  ],
  "interactionMatrix": [
    0.09160237984610682,
    -0.0522411353818129,
    0.09682656238124246,
    0.06713369474511931,
    0.06858692908610169,
    0.08745194283305047,
    -0.05184209883103413,
    0.005576045210474435,
    -0.026058761365164232,
    0.007220738457844412,
    0.006492822741614668,
    -0.05090076594761424,
    0.040203180559247965,
    -0.07973899512569392,
    -0.09456653993210783,
    0.041054207596883746,
    -0.053533003672152774,
    -0.0536183590883651,
    0.09802301179264639,
    0.002653573617937344,
    0.09015323176085595,
    -0.05612861303530277,
    0.07952186239913446,
    -0.040163456975777126,
    -0.08574406023103498,
    -0.05017116597026292,
    0.04593068484779306,
    -0.05119680243234166,
    -0.053101714362376075,
    0.027021355883858723,
    0.00268518473586028,
    -0.09166279850257741,
    0.059683361390128156,
    -0.023997066819060775,
    -0.09503126614495838,
    0.0017033425257297896,
    0.054487077127104544,
    0.042807435911437854,
    0.04144857842161607,
    0.0532104396624594,
    0.032325490230934166,
    -0.07345674746873203,
    -0.07225250614669021,
    -0.07424099520897252,
    0.013357578636136402,
    -0.08465791742628535,
    -0.05184763176597327,
    0.09354578405735624,
    -0.09480201900246328,
    0.02049972463557779,
    -0.06682593578906151,
    -0.05159888233973671,
    -0.0950114418495704,
    0.06987528138146837,
    0.05228590696818643,
    0.07691935490612514,
    -0.06363159527876126,
    0.09087993378828635,
    -0.052606453566681324,
    0.08553317405723825,
    -0.013461785658316551,
    -0.05178553937344874,
    -0.07287311583809312,
    0.042233375833240966,
    0.0656819467565951,
    0.004131146361609117,
    -0.07948431946620112,
    -0.027216319751871932,
    0.07648979241999845,
    -0.0694449567919007,
    0.07976825771245633,
    0.03217890508266672,
    0.044978389572406435,
    0.012321974723015373,
    0.0312686471039739,
    -0.06204535451938074,
    -0.08634295191745528,
    -0.0917908433957127,
    0.09991943607050527,
    0.06278581462901381,
    0.061847622306439656,
    0.0280302536990098,
    -0.009398974630145097,
    0.022757761066963214,
    0.04572046053509063,
    -0.09976289433926883,
    0.08430202543963423,
    0.029440711378634712,
    -0.060098444051985944,
    -0.08590733624942662,
    -0.027317175014355467,
    0.06919679672369335,
    0.06421495072645025,
    -0.06646953940971612,
    -0.008228792771470572,
    -0.02718801690131676,
    -0.03184064991394777,
    -0.03572070211019656,
    0.02525934566232446,
    -0.02442778869367106,
    -0.02025386031484784,
    -0.0070287974237715385,
    -0.023856999859622308,
    -0.05910864979738593,
    0.0002545996905889636,
    -0.041161709381165305,
    0.020746137343695237,
    0.09876217784989068,
    0.0054683855640263795,
    0.09866302754268415,
    -0.03045602904200815,
    0.041706220597149214,
    -0.07445602144737844,
    0.07107322412038808,
    0.055956408448271815,
    -0.024309547451195537,
    0.026757141804741424,
    -0.025915886294235847,
    0.0725669300795103,
    -0.07441310534352222,
    0.004338537789262809,
    0.05788721488813889,
    -0.08068949233841896,
    0.07708408001876046,
    0.059494192962592396,
    0.009361208179869919,
    0.004887832708502149,
    -0.014179418498104446,
    0.07934070715370756,
    0.006041811313159906,
    -0.036239020606653405,
    0.07655918003423323,
    -0.09603346863110365,
    0.0010789244389228791,
    0.02408869097351989,
    -0.04374791713464186,
    -0.03614641804765086,
    0.095456785911833,
    -0.02318668751380697,
    0.06132064589535922,
    -0.03472048323752108,
    -0.006669198628754059,
    -0.02024203777178224,
    -0.014384881327173082,
    -0.03343889176635173,
    0.01597074631347122,
    -0.04888359477899813,
    0.06917548347055383,
    0.034054695191339926,
    0.0474410609677117,
    0.07694282747921564,
    0.047810345689036,
    0.017142894278277532,
    -0.06538938676715658,
    0.09440923017528108,
    -0.016248938555632964,
    0.04656890140888795,
    0.0660275992515097,
    0.004190528947531846,
    -0.0041370918881601165,
    -0.04327558673266865,
    -0.0260356333122058,
    0.07046065188899786,
    0.04852993168604339,
    -0.029850389077970465,
    0.03750812135788158,
    -0.05254786558697644,
    0.08543777868845044,
    0.026018777617155788,
    -0.052958874471230426,
    0.05025245990631125,
    0.09343266229556974,
    -0.0382804758839221,
    0.02527754811374261,
    -0.03630933051651088,
    -0.036358666947883304,
    -0.03953143006881674,
    -0.02197794183384858,
    -0.06949676795696745,
    0.09236680899238325,
    0.08521378169770713,
    0.05035619095038044,
    0.08015648208634812,
    0.030937743137959852,
    -0.02186212302961246,
    -0.03630675563112445,
    -0.07332992556456878,
    -0.035054075913090975,
    -0.07510766896467812,
    -0.001535987770731495,
    0.04655469355428801,
    -0.030602281627731865,
    -0.059636760069967654,
    -0.06182014116185697,
    -0.08331590245338619,
    -0.08549590288480785,
    -0.09609761605813244,
    0.09913204996268637,
    -0.024834549207275482,
    0.032502964129351455,
    0.033923483905624566,
    0.09378963976202435,
    -0.06838609389618051,
    -0.07618754408216973,
    0.0884675064413864,
    -0.021281737760686738,
    -0.04084225084343136,
    0.05618101568179817,
    -0.015737244622216685,
    -0.00595202463467397,
    -0.02896174618087906,
    0.006725344857528937,
    -0.0006843248274759795,
    0.044268474999700304,
    0.055059937971555555,
    -0.019122063948793233,
    0.054137408939913194,
    -0.037425134073025855,
    -0.0966853156870578,
    -0.05666044500229184,
    -0.03643696681435447,
    0.05659239114161912,
    -0.05821279265443185,
    -0.01599387301473545,
    0.04036650390439234,
    0.021118206171221954,
    -0.006580333317456644,
    0.05475588925357407,
    0.07551981744417241,
    0.03794634214306385,
    -0.02012713790067007,
    0.03370204326115687,
    -0.06568805200082717,
