{
  "indicatorWeights": [
    0.6791126899258492,
    0.5962302222760126,
    0.4620751734474889,
    0.708896599846968,
    0.5272357767277062,
    0.6827556548478563,
    0.9343567855533923,
    0.5866578436349781,
    0.8294054212356239,
    0.9722030947112549,
    0.9053558425577157,
    0.823604394455751,
    0.5502764457380739,
    0.5029211895756079,
    0.9993995970984154,
    0.9096658312740172
  ],
  "trendingMultipliers": [
    1.0263975888273853,
    1.2602236041160726,
    0.6821543535768221,
    1.102707285918276,
    1.1229561557424976,
    0.9612007422323053,
    0.6741416662281382,
    0.6762541301917963,
    0.8567261337592581,
    1.0825706110781574,
    0.962583887358952,
    0.7754852229997685,
    0.9053721220743784,
    1.0473364802141008,
    1.1197868125981485,
    1.2000561802869183
  ],
  "rangingMultipliers": [
    0.9631332385832558,
    0.9907522479257085,
    1.0971471206318624,
    1.063389703124225,
    0.8377632362876561,
    0.9021278177344685,
    1.158684480717127,
    1.058441557292106,
    0.976366653745369,
    0.6989323183994891,
    1.329340445790557,
    1.1776313244475174,
    0.8272232120916938,
    0.7981199086073468,
    1.2386807129441977,
    0.8327813094408644
  ],
  "timeWeights": [
    0.8413367079877785,
    1.049807088893553,
    1.2362481328245432,
    0.7395189768092779,
    0.955284025354588,
    0.7835319715101557,
    0.9156484609292688,
    0.8854392969363709,
    0.9701107105921318,
    1.2092968093386904,
    1.0851610655155695,
    1.1727298182497792,
    1.087577354958358,
    0.9274326889460531,
    0.413505924658527,
    0.5926001294140729
  ],
  "interactionMatrix": [
    0.12172133663282983,
    0.09218271675543899,
    -0.07282357931095784,
    0.013615599092000621,
    0.027761571413794824,
    0.07164126957389409,
    0.0022616393803465834,
    0.13747273104792962,
    0.05643318104432808,
    -0.025792305446410473,
    -0.08839690866999875,
    0.03264033452744055,
    -0.01647730226923503,
    -0.08856363513990624,
    -0.08370017171470256,
    0.041307382338740234,
    -0.07117388263358243,
    0.11801882229904206,
    -0.018873739720070372,
    -0.09782613119931842,
    0.006595708592819882,
    -0.08034538991025914,
    0.018108213952084347,
    -0.31367412607532924,
    0.0024054518905208865,
    -0.18540211066487916,
    -0.09164992667871644,
    0.007958092254781328,
    -0.03248410354408186,
    -0.08843477795675893,
    -0.11762418804264346,
    -0.09305015478775226,
    0.0170671979202777,
    0.024855443168554606,
    0.12266030628781435,
    -0.02723864689442789,
    0.012558534438512618,
    -0.05604441119990356,
    0.027771437049399647,
    0.07946038191312875,
    -0.12738665465617255,
    0.1492104409674226,
    -0.10422681263641032,
    0.03787332322530427,
    -0.0024605547973179168,
    -0.020868577708788253,
    -0.08860508591285522,
    -0.10773139571097345,
    0.035582166046249704,
    0.08560682978256176,
    -0.11990223641499873,
    -0.09332804168736461,
    -0.006477914667128293,
    -0.022915563276692447,
    -0.00526667483458209,
    0.15854098775920114,
    -0.046849301799728495,
    -0.13204552608325473,
    -0.07601799885356814,
    0.008639398586599071,
    -0.09796270187157499,
    -0.06484908241961482,
    -0.0022515799277585766,
    -0.24898949880410035,
    -0.08439961261526086,
    -0.014768450532381773,
    -0.07625056936061397,
    0.05060016293653673,
    -0.08562415359898191,
    0.07505392336766975,
    -0.09303951291220527,
    -0.15650974377821003,
    0.12184015732204469,
    0.056028426062647456,
    -0.06002985705487658,
    -0.14836322966072898,
    0.06321903777943116,
    0.006435942054001966,
    -0.06643600212714484,
    -0.021427373412300204,
    0.006136433790231065,
    0.07176116969571475,
    0.022250865596058773,
    -0.020530263501764984,
    -0.08560778939297305,
    0.03850066968309605,
    -0.10944207361275714,
    0.015487599605713963,
    0.025342689808402468,
    0.014945936852705215,
    -0.010531668051837762,
    -0.10833472988214674,
    0.038503649926582915,
    -0.05400549842936858,
    0.121669822253027,
    -0.10935568048819802,
    -0.024317803109173794,
    0.0046294622885037495,
    -0.09770969456610303,
    -0.03548837561858545,
    0.09544733510489083,
    0.12029569211292657,
    0.04582468304833412,
    -0.09615569678756064,
    0.017749002018293245,
    -0.07051105588962975,
    -0.016504685222485563,
    -0.049120235021299946,
    -0.0888481209455011,
    0.005470480709075179,
    -0.04970215387176971,
    -0.10404980151925833,
    -0.17086959666074591,
    -0.03551665427065381,
    0.07214433654280808,
    0.02652810054164407,
    -0.0717532913252211,
    -0.03164411979147419,
    0.045653656645957434,
    -0.014071496023331109,
    -0.005109401771843873,
    0.024361699813303984,
    -0.0531343894046332,
    0.12529119912907064,
    -0.11373873075122884,
    0.037027179073993756,
    -0.015253405598954752,
    -0.0002894742729751855,
    0.019466333130208003,
    -0.04142097008920868,
    -0.027813209550811735,
    0.1397375030918375,
    0.014137490411633348,
    -0.03667253281883906,
    -0.08778906461429373,
    0.0007491729124303112,
    0.016665160459261266,
    -0.0062305413052925925,
    0.0003846619187106498,
    0.12238764730100674,
    -0.08525977524124963,
    -0.015487591643752265,
    -0.1202854666609965,
    -0.03789933002583508,
    -0.021650638183432148,
    -0.000206847644161616,
    -0.020686730573337527,
    0.12132026129716349,
    0.07441408426295351,
    0.08444425558596909,
    -0.053288841685058735,
    -0.08642186054447507,
    -0.027481348951175672,
    0.1424334988613201,
    -0.1008219034368872,
    -0.09652540412126971,
    -0.0043313285863042774,
    0.028922005545638896,
    -0.06818362715839499,
    -0.03909116371303348,
    -0.01389045596570936,
    -0.05711322448579426,
    0.030994274189004592,
    -0.0789625749233846,
    -0.13303159553903277,
    -0.057710227623237145,
    -0.022938288083980487,
    -0.023850993397850337,
    0.02275922356362143,
    -0.07358345729641028,
    0.03591718813933346,
    -0.1719627683143856,
    -0.009294849985913345,
    0.10917998557845793,
    0.15833894810344334,
    0.19127501831885355,
    -0.082984212014025,
    0.11574063257295422,
    -0.05581917215730974,
    -0.09434645320486983,
    0.17441762754946075,
    -0.05050015646257616,
    0.01487672696278652,
    -0.03837116370905467,
    0.010923763623315211,
    -0.12081997331395078,
    0.072069246267762,
    0.012960137982252148,
    0.03535979143922426,
    -0.05322837908485726,
    -0.0220284162671886,
    0.09861457060060079,
    -0.07464654771204086,
    0.09652014788688974,
    -0.05882584377333322,
    -0.05212807695639737,
    -0.009058720822623063,
    0.0065704785234767145,
    -0.09241268436180758,
    0.019488575957003377,
    0.023668730588305372,
    -0.020793538883123297,
    -0.13396470987336548,
    -0.025454797393762496,
    0.06506465052284126,
    -0.057781938613464395,
    -0.01820529989008241,
    -0.07691424050173871,
    -0.10411427427858415,
    0.07819012892094085,
    -0.014702246100928747,
    0.052933475377287695,
    -0.03077405267543775,
    -0.02245811792955154,
    -0.18171961858617675,
    0.1701488030374233,
    -0.09694372067374687,
    0.05839440580823524,
    -0.18900005141101134,
    -0.10771283957948836,
    -0.02328840045553269,
    -0.011634965044177747,
    -0.13536689036990296,
    -0.0029993649143073182,
    -0.09545805081970953,
    0.05254852532554494,
    -0.0006827144461743519,
    -0.14053182931242206,
    0.002038486171679732,
    -0.06431536659876755,
    -0.04559295885925742,
    0.08040603599880222,
