{
  "indicatorWeights": [
    0.7845914407946878,
    0.5170024331878682,
    0.5135338261231905,
    0.6384401328004596,
    0.7038653167576283,
    0.9284178618927368,
    0.6614517052665694,
    0.5312155909921263,
    0.7834168529567423,
    0.7307906455388966,
    0.8290696220801252,
    0.7444288639526159,
    0.849585307972012,
    0.574447630543899,
    0.6401129482205457,
    0.9951551261021059
  ],
  "trendingMultipliers": [
    0.9947562529493225,
    0.9078498750607968,
    0.8765375589388847,
    1.2368254104564314,
    0.9626382936792677,
    1.038992617929252,
    0.9891494586032745,
    0.8739903477922327,
    1.1862361284642642,
    0.5896058806779647,
    0.9941088155968414,
    1.0980505508117488,
    1.105215606958299,
    1.1145387605949406,
    0.9991395997434163,
    0.9462104811805324
  ],
  "rangingMultipliers": [
    1.137208694259128,
    0.7660808877813967,
    1.0604472188048606,
    0.7697256509383792,
    0.966072054156697,
    1.1443830550187781,
    1.1173514549795294,
    1.044048951579424,
    0.7383882148286646,
    0.8552061284882411,
    0.550306844258636,
    1.12831505776297,
    1.0044440735246902,
    1.018300265325617,
    0.9511012565253432,
    0.810368658368148
  ],
  "timeWeights": [
    1.2327740257193505,
    0.605854342263931,
    1.0527762200847623,
    0.9139483267267519,
    0.9749703333151567,
    1.2583376188234898,
    0.9522980146669494,
    1.6197298723303073,
    1.0892373461878044,
    1.250189761537071,
    0.883550608356086,
    0.9412782313908771,
    1.2466202173331542,
    1.1943525617484165,
    0.7458868808794528,
    0.7424234380830074
  ],
  "interactionMatrix": [
    -0.02183683182834687,
    -0.0316237534504785,
    0.24713198771302214,
    0.04345895932125379,
    -0.14672320971959618,
    0.013169708302255324,
    0.15168938323766284,
    0.1726004667766815,
    0.08411764033410898,
    -0.09556541481896717,
    0.04471200321808235,
    0.07394762051777888,
    0.10500960821793169,
    -0.11248768737381554,
    0.050070905031671886,
    -0.021481134204214047,
    -0.07347304366926492,
    0.05402202366319714,
    0.08052491647476884,
    -0.00035926563689728935,
    0.04821728196918769,
    -0.00350069150389401,
    -0.10522944549053213,
    0.08874029546344117,
    -0.11336662693816187,
    -0.05255630455367746,
    -0.1662225639772928,
    0.10269791250515786,
    -0.08588871640960206,
    -0.003397680407735422,
    -0.06530924738105687,
    -0.043651587022283174,
    -0.08168183321260997,
    -0.19634064167969392,
    -0.0001580653678226948,
    -0.027835893317078367,
    -0.10939885804209039,
    0.08461719049447347,
    -0.12881337406691598,
    -0.07505254673785453,
    -0.0896710747274604,
    0.013756106956065356,
    0.035389719246115614,
    -0.0014674405092318433,
    -0.18156221903836595,
    0.010029623940352913,
    -0.09522616662703004,
    -0.06428012885022666,
    0.01951661987179655,
    -0.06471507588623603,
    0.03985214991842506,
    -0.05654151787074194,
    -0.07225895114989839,
    -0.018572815446816555,
    -0.11203287746703557,
    -0.07367543303042567,
    -0.006583336430915333,
    -0.0195274683886168,
    -0.07559154437383912,
    -0.03588337895324772,
    0.03596974506335306,
    -0.0336402857140111,
    -0.13686732942528193,
    0.06716784937284659,
    -0.09775474778414542,
    0.006072269820474641,
    -0.017937003457924705,
    -0.0315786714058793,
    0.2072936032045546,
    0.12339024626932055,
    0.07962378619554353,
    -0.06619892999766666,
    -0.004827144702411863,
    -0.11920237740372086,
    -0.08801726405586868,
    -0.05863614258765629,
    -0.022506931755128405,
    -0.04684720220494168,
    -0.010532491558904967,
    -0.10792938082061508,
    0.06608568423442664,
    0.08084673907578632,
    -0.04751409662121112,
    5.825177967932332E-05,
    -0.04500002052692732,
    -0.10461242886296404,
    -0.12561245480478347,
    0.10094755401451706,
    -0.18643946366194727,
    0.12847353128022324,
    -0.0717811442741292,
    -0.028463794246263878,
    -0.1635366721931,
    -0.1666288044856315,
    0.060921743265240455,
    0.05626503416841895,
    -0.020270788991468093,
    -0.05795345487595972,
    -0.04978309912852216,
    -0.07410779671403163,
    0.02099086304484754,
    0.008892032063594006,
    -0.07173846824312369,
    0.009679152433273441,
    0.07295639902894918,
    0.08619883391853005,
    0.04885807319484205,
    0.011250136974280414,
    -0.04043990496556646,
    0.16221415629720073,
    0.1591063457566947,
    -0.0439512097360751,
    -0.08372855675485841,
    -0.054720513285194776,
    -0.027319686840947724,
    0.010877160938215003,
    0.028095699634979,
    0.08392679597624758,
    0.059653635615219996,
    -0.017575189201880975,
    -0.10081662488702922,
    -0.08592350761421208,
    0.0465576037000435,
    -0.03704054870225236,
    0.011069482768453608,
    -0.10770107026227557,
    -0.021479133294334398,
    -0.07337925217464955,
    -0.11125333826852637,
    0.11668118200313982,
    -0.14500558728832152,
    -0.07709384968985689,
    -0.0222283631763397,
    -0.04071701716272058,
    -0.15062959752969401,
    0.04372045152114633,
    -0.09096041666931723,
    0.0915094902204531,
    0.07299220879473241,
    -0.010573217655521373,
    0.003395838154604023,
    0.008479978522844982,
    -0.16086592497224028,
    -0.009729229622194066,
    -0.10920773564601438,
    -0.057439483592907965,
    0.01379221033940127,
    -0.11408656254018115,
    -0.0569889813713684,
    -0.10527348593215713,
    -0.08165568286183678,
    -0.011548738573995541,
    -0.048985954888997874,
    -0.04467313408401028,
    0.21590214692759446,
    -0.15191996805978986,
    0.06194373153033589,
    0.02457467081183566,
    0.15429057665972676,
    0.1485808671895311,
    -0.03730912261208788,
    -0.0584016855230032,
    0.07278204260850166,
    -0.08160091462101948,
    -0.10739103495333208,
    0.11487667838170905,
    0.07276421468372761,
    -0.11508924166421705,
    0.0050519356261495875,
    -0.09291130784988984,
    0.0858168997300695,
    -0.20036556422862295,
    0.0498002721202736,
    -0.018448202982314043,
    -0.09796973722984781,
    -0.06490202787089915,
    0.011059516909972669,
    -0.03640566579474591,
    -0.01675932252700505,
    0.007957660480744817,
    -0.14310789595746803,
    -0.009131109719674724,
    0.020656774978395263,
    -0.17620515655090527,
    -0.014793822610526496,
    -0.09148113465945659,
    -0.09097478701247763,
    0.10582839728906229,
    0.0009211393959677808,
    0.02105265099943185,
    0.03057526884660791,
    0.12865332245268915,
    -0.12429459895430403,
    -0.0796357263508159,
    -0.07467439531712995,
    0.006448502766625244,
    -0.000961540674964817,
    -0.012409754809002898,
    0.05101234532106406,
    0.04819047584096134,
    0.038747399274376954,
    -0.05294080743867484,
    -0.1288724425365263,
    -0.033937453838237486,
    -0.0797653936244177,
    -0.07371737844813228,
    -0.07951435319143345,
    -0.044587653678241905,
    0.026837692645561323,
    0.16326751545035323,
    0.11450482476626402,
    0.12329595938435767,
    -0.008648173405573775,
    0.10595530153442237,
    0.06752214609824224,
    -0.09357616152255115,
    -0.017358172121078423,
    -0.03574193037300982,
    -0.07186538262400285,
    -0.06679218459211993,
    0.041858612488624075,
    0.07192809450814486,
    0.033408374210638456,
    -0.05877899822992501,
    0.039706170010908814,
    0.1488117472188205,
    0.029715401221812647,
    0.05240359901786982,
    0.048896571806582856,
    -0.021151722083940897,
    0.05610066985392085,
    -0.040847172950884254,
    0.02917249514919025,
    -0.1113318902750275,
