{
  "indicatorWeights": [
    0.355392316504594,
    0.5751663861237102,
    0.44627757439084265,
    0.6008368403836122,
    0.6341734932312965,
    0.745954785409776,
    0.7519890810703733,
    0.6594393459495743,
    0.9972345214948358,
    0.5955970851816719,
    0.6717787483753422,
    0.6304801859646639,
    0.761834334210847,
    0.5833100908656258,
    0.5958228875245535,
    0.8634691880320242
  ],
  "trendingMultipliers": [
    0.9183113769088448,
    0.9744328451026852,
    0.9558097770187951,
    0.7969557734052561,
    0.9567026051460689,
    0.8459745226343,
    0.897936519128656,
    0.8717382268723477,
    0.9016694211166739,
    1.1450254375926732,
    0.7586335390701626,
    0.9008513384639862,
    0.9247309109379865,
    1.1861666179891635,
    1.0040532448587993,
    0.9383732823085041
  ],
  "rangingMultipliers": [
    1.1368892865997324,
    0.9938900095902822,
    0.8730812691525675,
    1.0512198343708583,
    0.8214890572546579,
    1.0054511030068216,
    1.109658412844845,
    0.8379725214159562,
    0.8048071016781263,
    0.8868177836873976,
    0.8982636212679858,
    1.2114106132612303,
    1.1446683260991766,
    0.7542572818006466,
    1.0423859686126504,
    0.9420060805619268
  ],
  "timeWeights": [
    0.7235898317330383,
    0.8028499370915946,
    1.1892288714066515,
    0.9448299039227371,
    0.8434242329671862,
    1.2838186314880458,
    1.013792109535878,
    1.1083748061389498,
    1.0213699576760442,
    1.273975525372329,
    1.09323002829514,
    0.9838916477238019,
    0.8391863592617355,
    1.0345223404492212,
    1.2854204427542497,
    1.0684646700038563
  ],
  "interactionMatrix": [
    0.06791730276180041,
    0.03341733992926104,
    0.010737418128251196,
    0.03780892623275713,
    -0.022436467709626,
    0.03972391546156441,
    -0.013492971060688023,
    -0.04168833754793568,
    -0.06692153326107086,
    0.014048466145991164,
    -0.06626661652057031,
    0.08297500376371778,
    0.028621360679146658,
    0.05888014645060868,
    0.13175183094035364,
    -0.15626669049251968,
    -0.06336484980758869,
    -0.011979624343008866,
    0.04026742227339412,
    -0.11420299552845868,
    -0.07784768308977302,
    -0.1980726675567803,
    -0.05252424788947534,
    -0.06599843857922284,
    -0.001101040123565756,
    0.0067096419299336185,
    -0.08801774385474227,
    0.012070056104752529,
    -0.06648398434912989,
    -0.04971305106353113,
    -0.07240963494464775,
    -0.000667712348381172,
    -0.04334790336032142,
    0.17270654904480565,
    0.010192946233655714,
    -0.1549375312506388,
    -0.07933714569640249,
    -0.1216447890250387,
    -0.06585656257708117,
    -0.09963510270645455,
    0.03174792521289154,
    0.004524176825020354,
    -0.15846471055644284,
    -0.12689985523060304,
    -0.10652385162720354,
    0.00048658437710310046,
    -0.03600177701521964,
    -0.12875527978733625,
    -0.017195344957657777,
    -0.16387680737607407,
    -0.06681187495434318,
    -0.0467017073845663,
    -0.015680375483168627,
    0.07356268044287206,
    -0.041426714742296984,
    -0.05896255004486162,
    -0.06433064127123311,
    -0.08003752977565377,
    -0.06585493470297284,
    -0.0561150992438094,
    -0.15596141898368798,
    0.11515687684722156,
    0.014120591359158658,
    -0.1651313119037705,
    -0.09572178528979183,
    0.01394906796203026,
    0.10759621133931692,
    -0.010807997248721578,
    -0.010371727421536242,
    -0.06545557032133692,
    0.021568505951290083,
    0.07098768094877472,
    -0.036735999935126495,
    -0.06658647430028186,
    -0.021056674226699452,
    0.031097962835536536,
    0.057287378093067484,
    -0.043323458842126135,
    0.034611511174906115,
    -0.033318091619189166,
    -0.0559019114730039,
    0.0030301848240463676,
    0.05010235524444274,
    -0.1538189143323834,
    -0.034199937304904254,
    -0.0035774325402050493,
    -0.08337202700574335,
    -0.03651382807562392,
    0.07159805463368897,
    0.043412997323441414,
    0.03387479355614753,
    0.07797605403719966,
    -0.09179243119321624,
    -0.03666879866374444,
    -0.041923116769805514,
    -0.04350534335710706,
    -0.021094789383044946,
    0.010436670054915106,
    -0.17331242594817142,
    -0.011196973617987868,
    0.11355004762859838,
    0.04222388297636298,
    -0.10271675108418066,
    0.07316936417419795,
    -0.008428187923966868,
    0.030154013722272974,
    -0.0390729942301754,
    -0.02185411274312529,
    -0.07454070421262829,
    0.07598523141940504,
    -0.050614047420709685,
    -0.03463888902474364,
    0.07651430808276087,
    0.11531303748894375,
    -0.04357521502541645,
    -0.06255948537733488,
    -0.06389736385115016,
    0.03691518100449308,
    0.00010762042827725665,
    -0.03767132497025823,
    -0.05486190220329297,
    -0.08155414617887433,
    0.08581527140037706,
    0.004498213860980628,
    0.0185389740052074,
    -0.06944931973856142,
    -0.04238333210326542,
    -0.008866306682991862,
    -0.04303651538699067,
    0.004165365947451982,
    0.017050260236491435,
    -0.09662444140363566,
    -0.03810021303197737,
    0.08136883274178171,
    0.04283006637182511,
    0.0262307480212007,
    0.09525467789749155,
    -0.07269657878514152,
    -0.14603290254888837,
    0.012876465299298881,
    0.14232539582364037,
    -0.03467584708051868,
    -0.08947158001304,
    -0.08105788017919505,
    -0.021004123156315488,
    0.007667799766629155,
    -0.08590042417126076,
    0.042739869974987646,
    -0.026701019090395833,
    -0.06274339144801495,
    0.024263644228782112,
    -0.008225731483268762,
    -0.08104834848957476,
    -0.05272498394660981,
    0.022830032333771354,
    0.0728421355038684,
    -0.04177635073016851,
    0.01567459954521764,
    -0.0312834413581066,
    0.02259912110345272,
    -0.08333582622559095,
    -0.0513562491490087,
    0.03504452551696815,
    -0.06110662963507611,
    0.027295953108338433,
    0.01210168806460972,
    -0.0645047277346119,
    -0.07138998951084252,
    0.008987196692298659,
    -0.10644761740252809,
    -0.013613388386575932,
    -0.0073290824390122855,
    0.0403988232655347,
    -0.021168746167952113,
    0.018685614071890434,
    -0.14038323807402706,
    0.025781992279167734,
    0.06566025833486458,
    -0.11556514421537084,
    0.06485935709901434,
    0.029904177394852963,
    0.09539051054607615,
    -0.11502012741821593,
    -0.07154495968764366,
    -0.10111767115729565,
    0.12519300418666085,
    -0.057537788929908754,
    -0.10009954431401069,
    -0.17521787464756186,
    0.001398794055030005,
    -0.14479681487773208,
    0.102813142484885,
    -0.16114687962290716,
    0.10682435417848243,
    -0.10085592803456939,
    -0.06167113901627213,
    -0.03158244685544852,
    -0.07865277289836381,
    -0.10524750021065513,
    -0.17318030508056687,
    -0.03709970454174985,
    -0.033768023888068696,
    -0.06508873948241961,
    0.023793845608027067,
    0.035152490097417374,
    -0.11836320797294252,
    -0.029666619055116698,
    -0.012011520088324689,
    -0.11795387108956368,
    0.11041559634713767,
    -0.05828310828311259,
    -0.016195227028779173,
    0.04789390930340501,
    0.010687814223423475,
    -0.1408612037509039,
    -0.08188239019348464,
    0.07429204642884032,
    -0.09858421429030302,
    0.097809574450827,
    -0.013920576325976503,
    -0.04283905811736401,
    -0.0047872650883965095,
    0.0523843358071449,
    0.06954190669798818,
    -0.07789911886991585,
    0.014236518421710122,
    0.07665103226731057,
    0.015890989032913087,
    0.13109429882040186,
    0.056707107817484996,
    0.06439846684138674,
    0.10964588509777153,
    -0.035799801632853574,
