{
  "indicatorWeights": [
    0.41615162132397876,
    0.4459710728356369,
    0.40261588562774914,
    0.5338929229636449,
    0.709117476299595,
    0.8543095862868721,
    1.0637116319121533,
    0.8029711713288212,
    0.702687408435928,
    0.3080540060458264,
    0.5415089366797231,
    0.7983757542620784,
    0.5508999674361222,
    0.7436098176569184,
    0.6137044115138192,
    0.6600276319876588
  ],
  "trendingMultipliers": [
    1.2982618581946481,
    0.55781636947436,
    0.9296606431438974,
    0.9846109509433304,
    1.385949402536012,
    1.1304008174665838,
    0.707429737235671,
    0.8624931727237759,
    0.785427870163003,
    1.1157178994840444,
    0.9696455942160478,
    1.1274571952133263,
    1.1617126017271289,
    0.8956862719217429,
    0.8310734375842624,
    0.7366828959237336
  ],
  "rangingMultipliers": [
    0.7379482066408966,
    1.284165089930254,
    1.1796427129541112,
    1.1600565460718368,
    0.9761908748018645,
    0.9577221363209336,
    1.048660685808826,
    1.1668638644334497,
    0.9372193405326751,
    0.7788586093068502,
    0.9738543303580086,
    1.1386152486686836,
    0.7240383097239764,
    0.7608292940060497,
    1.1564202440602747,
    0.9316317685036928
  ],
  "timeWeights": [
    1.073935060999456,
    1.1571275473487563,
    0.6963498731950843,
    1.0329957903990974,
    0.9823286080091567,
    0.8911082598170041,
    1.30309670273327,
    0.7184184464515728,
    1.0697537138645008,
    0.49299942338638153,
    1.1857112094311353,
    1.045091747113011,
    0.7681407194100359,
    0.7303945195382354,
    1.0563412525834441,
    0.7358529043255164
  ],
  "interactionMatrix": [
    -0.031093965381217663,
    0.12978082361862436,
    -0.09902258502496682,
    -0.033052491368440476,
    0.06880575630855885,
    0.013818472144702384,
    -0.04497316797988464,
    0.046594011435163556,
    0.05799446094084608,
    -0.06958592948320762,
    0.020756343925273535,
    -0.13731433799119078,
    0.06457090813438598,
    -0.09904542218056331,
    0.05825777437651346,
    -0.1253709333109109,
    -0.019867971742179386,
    -0.18590596782298316,
    -0.06784268788741554,
    -0.13654717024913643,
    -0.15640555945423995,
    0.11962170487612536,
    -0.061045986301298864,
    -0.15933426431935813,
    0.13796611407243564,
    -0.0488687366716625,
    -0.038176907005593036,
    -0.15743763347681422,
    0.02512233639895473,
    -0.1512707447110482,
    0.07778915570587884,
    -0.04671125827638549,
    0.05925710500091162,
    -0.08829556910620788,
    0.08276817237199062,
    -0.04730753199114416,
    -0.03365928717611204,
    0.012779784564613404,
    -0.04376778898018317,
    -0.028170492427470537,
    -0.1150716060937467,
    0.035880372975132205,
    0.04649842904450916,
    0.023462543215610802,
    0.0026213589118994317,
    -0.08997113992503149,
    0.08733840528592728,
    -0.020193301782051767,
    -0.169403478836805,
    -0.11870048377958212,
    0.08563033969876063,
    0.10228572317606754,
    0.02330375619864644,
    -0.08703172450671098,
    0.0508244374794231,
    -0.11794480420416442,
    0.03546804601855487,
    0.016031623008522632,
    -0.017356355272787276,
    -0.0784811941837393,
    -0.05712548003780361,
    0.0062782686596791135,
    -0.029376803013889556,
    -0.004165935199390361,
    0.1512921550994989,
    -0.018624495977733406,
    -0.05303258508953923,
    -0.04399007849298262,
    -0.13209940126613454,
    -0.09492483172559597,
    -0.009387397932357723,
    -0.13220124524484303,
    0.06557345062492465,
    0.01085440326058057,
    0.053833694702803664,
    -0.003401331704639434,
    -0.07688302896059827,
    -0.2238950461723453,
    0.03183211178906184,
    -0.03297056886465855,
    -0.1344652548580459,
    -0.036911378779950904,
    -0.05015431925935022,
    0.0666796043471135,
    -0.019884344672888972,
    -0.03312799805925988,
    -0.042609620037331174,
    -0.2461035284321093,
    0.02830672893809328,
    -0.11939756351201337,
    -0.10291383211992021,
    -0.20365918376535438,
    -0.18038767858401755,
    -0.1346491240966897,
    -0.14411517282970926,
    0.008108726552565688,
    -0.09384698870138836,
    0.036254313089429,
    -0.03157373201188815,
    -0.00902877688301591,
    -0.10243283522263058,
    -0.015213733687556042,
    0.08970958232738764,
    -0.013739994756862581,
    -0.08097389021254559,
    0.03914182624001887,
    -0.02514878733893313,
    -0.09395518298270789,
    -0.1055257584606626,
    0.012834225099991381,
    -0.12547397922467773,
    0.10891699959775814,
    -0.09072059724353505,
    0.08787766914340722,
    0.05069533842653402,
    0.03376211618636391,
    -0.12112047972339281,
    -0.038425454364317546,
    0.018239436112760767,
    -0.1004777236959444,
    0.06572809117532907,
    -0.04348921628631562,
    -0.019583700383387682,
    -0.1473696270650235,
    0.020629662841941034,
    0.07897174714840886,
    -0.15266720891086139,
    -0.01202993995281124,
    0.1493726061748873,
    0.0911954547304776,
    -0.12870630129624652,
    0.07714165716201495,
    0.10907636816537743,
    -0.08244378323089663,
    -0.11513270798902642,
    -0.06913056686359664,
    0.05944774073312159,
    0.07036335459089611,
    -0.0026403459047940267,
    0.029602574218652353,
    0.023879864456762427,
    -0.12770412621858046,
    -0.042369673195220725,
    -0.11564464414671094,
    0.11089181630261799,
    0.0032955439084124717,
    -0.07903421730661171,
    -0.11004200711830583,
    0.018144823661818132,
    -0.26200206400296017,
    0.06174044309274583,
    -0.14662835765346682,
    -0.043088089054897215,
    0.048404524737690274,
    0.005288690702640889,
    -0.16503494506294106,
    -0.08008686657075637,
    -0.05451023348715592,
    -0.04968423172218201,
    -0.00563739808276904,
    -0.007309483745043802,
    -0.06347600473927469,
    -0.04066004706473884,
    -0.10825512407106377,
    -0.16953943931402088,
    -0.024707430951010977,
    0.012880853765729484,
    -0.21057757304492025,
    -0.02169263644936138,
    -0.15292367014234343,
    0.025630270018613472,
    -0.011548725838461185,
    0.039779252244290346,
    -0.11157897121976462,
    -0.11733570301284713,
    0.10024534806484689,
    0.06073924340754931,
    -0.0011199619087440271,
    -0.025931983577702034,
    -0.08385032036290027,
    -0.05060544792851744,
    0.07297864097181146,
    0.21719187532876058,
    0.06016248732341065,
    -0.11997394911571752,
    -0.11547475033518508,
    -0.11834600514099791,
    -0.08727473215853991,
    -0.13245706423413095,
    -0.005180469131585624,
    -0.022930780001051226,
    0.05864757794031687,
    -0.02576795089791501,
    -0.08635045122742727,
    -0.11628891319840429,
    -0.03630425604219188,
    -0.04984399549516131,
    0.011156610274330736,
    -0.13986984029706942,
    -0.08837693819509543,
    -0.05304595714987913,
    0.08670056854230734,
    0.011908409369653993,
    -0.08303659960488151,
    -0.23302851727644092,
    0.0490934383596968,
    0.028538589137159738,
    0.0725233309037736,
    0.03839014525774968,
    0.1277352137356797,
    0.07083717418926402,
    0.03886781977287826,
    0.0256356176496816,
    0.0027892680063277484,
    0.049785992659711065,
    -0.046096248784295885,
    -0.0531687252402969,
    -0.07998510043364497,
    -0.10923028804217844,
    -0.039492988786229866,
    -0.16594461994543067,
    -0.01320779755011841,
    0.007717151688613267,
    -0.021761161512168822,
    0.0688594355453788,
    0.07720300068752008,
    0.016092468193838375,
    0.025928282287399056,
    0.032557758635184134,
    0.10049985860565391,
    0.050937157158849555,
    -0.0753436846347284,
    -0.0282648687536294,
