{
  "indicatorWeights": [
    0.8192877872475444,
    0.5108052448575202,
    0.7346980043791838,
    0.5708810952431507,
    0.556461337464496,
    0.7300986074218712,
    0.920100274702776,
    0.5156560341079597,
    0.6479207339693505,
    0.6107359654212063,
    0.7281640211121908,
    0.9168397364449516,
    0.7591217899103988,
    0.7711566725878769,
    0.6252136721144528,
    0.5998630582175948
  ],
  "trendingMultipliers": [
    1.1828263900525766,
    0.9203917943315331,
    1.1022643339700695,
    1.0129688121366867,
    1.1239815381141747,
    1.161161783139066,
    1.0056884190376523,
    1.172647631699037,
    0.9074579842295845,
    1.0068489238516007,
    0.9999406301237564,
    1.147484075547547,
    1.0488617240409783,
    1.1453167829958222,
    0.9246506319856412,
    0.8277601116577497
  ],
  "rangingMultipliers": [
    1.1965376282866207,
    1.140665965872438,
    1.1597451076156942,
    0.8739621109796224,
    0.8320498612654301,
    1.069694664745692,
    0.9073124636597113,
    0.9027508378641832,
    1.1157763977261035,
    0.9639458166282018,
    1.1380039742478716,
    1.156570116831912,
    1.1167371800726582,
    1.0775413864390107,
    1.167063858447132,
    0.9046657445588755
  ],
  "timeWeights": [
    0.7048014736045415,
    0.9924677967711515,
    1.0893085294151226,
    0.9907156930530384,
    0.907931734762697,
    0.9253886391826451,
    1.084758089216762,
    1.2196043080868733,
    0.7676203574566045,
    1.1427323338137074,
    1.1738842721171088,
    0.7216797175020973,
    0.7333848058663953,
    0.7595427295944784,
    0.9916601423417148,
    1.0593632981366665
  ],
  "interactionMatrix": [
    -0.025465049004502128,
    0.09462800576516009,
    0.055393242021584715,
    -0.007726512036089206,
    0.025217992128485037,
    -0.0668888211849378,
    0.03063032809798798,
    0.052348600130314484,
    -0.027052771320091963,
    -0.03792945130805887,
    -0.030814630234565543,
    -0.0199691015238894,
    -0.08541227154893712,
    0.0038489739911898193,
    -0.0921783840185738,
    -0.05640931054756131,
    -0.09641219312220264,
    -0.09049912138358296,
    -0.028281357909117344,
    -0.020818629056025918,
    -0.023448206148562602,
    0.06653904619483737,
    -0.003552034482620137,
    0.046577237227564953,
    0.008055136303652666,
    -0.06048954639083466,
    -0.016797393392398698,
    0.0049193007639667385,
    -0.0009120666610347606,
    -0.07760163620517857,
    -0.09320980716937786,
    0.01927121381886723,
    -0.04393891096803031,
    -0.06503669570517315,
    0.061907422001121495,
    0.06515086119406265,
    0.0008971890457183607,
    -0.09348057090729862,
    0.06655214956675067,
    -0.09702943495624482,
    0.05591044263975645,
    -0.06162525481694217,
    -0.09479153186175947,
    0.028287718973923105,
    -0.02808825899073211,
    0.010152136816329472,
    -0.02640821907053803,
    0.07299838433386673,
    -0.04819060987048938,
    0.023990016550601668,
    -0.01652107784697341,
    -0.03447611436986715,
    -0.07921067496622121,
    0.06086018787363959,
    -0.09870527925249205,
    0.019086932692260118,
    -0.07987841412247415,
    -0.08081034883947556,
    -0.05378212927146875,
    0.08333493205836523,
    0.02858005030127371,
    -0.022202662057760184,
    -0.01608218225094249,
    0.09581221729399342,
    0.07067643820451806,
    0.03610731913371843,
    0.032620613591933516,
    0.07009892488710756,
    0.09049832894490567,
    0.0749575797496896,
    0.003125308696222162,
    0.09590992801118355,
    0.027834566803907657,
    0.04455013611223988,
    -0.09474845838097856,
    0.010758510941598144,
    0.006701321105612746,
    0.05689165605609961,
    0.0011122048515689543,
    -0.0374469477451862,
    0.07857690540291613,
    0.058093512936258175,
    -0.01312052138970492,
    0.08707124154409702,
    0.02069913949331932,
    0.039949261213280685,
    -0.07817399877058318,
    0.08589234784396725,
    0.07595775208692593,
    0.003968220861093253,
    0.07953914721719735,
    -0.0006969116890765293,
    -0.07863383388203787,
    -0.030901288992208654,
    -0.044511610004139994,
    0.06985011580738305,
    0.0773897764742036,
    0.07696697454461479,
    -0.009804447738073298,
    0.028295947064898064,
    -0.02392460511159651,
    -0.0609211276191676,
    0.05645104579748217,
    -0.013314719770254403,
    -0.04117479401311255,
    0.042280480988275776,
    0.0692069764586752,
    0.04604685970718328,
    0.023839088044742288,
    -0.011913324865029518,
    -0.0911353783886369,
    0.058619352713758066,
    -0.003423826085028381,
    -0.003339713877245321,
    0.015639662253670108,
    0.06687569751800707,
    0.06520028573058483,
    -0.0012594810903496347,
    -0.06819821729441385,
    0.0019190047979896542,
    -0.042531824345804894,
    0.013663950844895979,
    -0.018675634090951344,
    0.0643243107315713,
    -0.005293481418846247,
    0.0019670355421641085,
    0.028150458964709316,
    0.0817377555748249,
    -0.06227364262970991,
    -0.04020662217028257,
    0.08997584735487832,
    0.02596915890137268,
    -0.03492603068329388,
    -0.09824424332208337,
    -0.057305164450064484,
    -0.03332134667738158,
    0.032361322391215606,
    -0.042284862003928336,
    0.06972889140974746,
    0.07926316653545334,
    0.02515026999732195,
    0.032673920555331186,
    0.045218402301503806,
    -0.015715204855664223,
    0.027643504777688756,
    -0.07080307947864566,
    0.09548057954504961,
    0.0904446349567683,
    -0.029854158354158878,
    -0.08687309041817655,
    -0.03946815173724423,
    -0.05367393756096153,
    -0.07512930689804215,
    -0.09461188286159164,
    -0.008880990382384392,
    0.0988782293604013,
    -0.0716426334608649,
    0.062363564192967916,
    -0.038740211309549126,
    -0.056245380819501214,
    -0.06605509880181658,
    0.03863123753110578,
    -0.0855960387838924,
    0.03166368273139846,
    -0.05389683912658175,
    0.004628196175800503,
    0.06643959823717156,
    0.027231416263111253,
    0.0068646563032959355,
    0.043823775946674595,
    0.09172982057137485,
    -0.04044101919580674,
    -0.07482847873094774,
    0.006581058661402595,
    0.07311648811775166,
    -0.06919473472268518,
    -0.026605235402241426,
    0.09362494845466818,
    -0.09455333691791748,
    -0.0928896306758411,
    -0.007885171809402026,
    -0.013856681330120435,
    -0.07011969001554312,
    -0.04130704824729288,
    0.0655170143929527,
    0.05094683711870456,
    0.09478069487545288,
    -0.07720393106091528,
    0.0661893151675138,
    0.05265306024467453,
    -0.0867043942008594,
    -0.00024837445236851606,
    -0.0016831888474187597,
    -0.07029283556744052,
    0.06465809035755606,
    0.05743102007194878,
    -0.04216643350934979,
    -0.03487839970071789,
    0.09948559126970886,
    -0.02849481864633796,
    -0.0688645898847107,
    0.05573521679954716,
    0.0007819923845347577,
    -0.04816945090251008,
    -0.034404633368398566,
    0.0595273862066065,
    -0.04031786032597942,
    -0.036655687174904576,
    0.005180897793878936,
    -0.09867798951920344,
    -0.011617368413058715,
    0.05735753065404081,
    -0.013177579992640598,
    0.0791760752152261,
    0.014782825001587807,
    -0.0019496222876487224,
    -0.0231257815655513,
    0.07459996770534394,
    -0.07054227627446423,
    -0.08131615806205549,
    -0.08337505645586095,
    0.08029006228305946,
    -0.09125705887625252,
    -0.08077940218318894,
    -0.09431365749198897,
    -0.009204425661697392,
    0.06168913723162659,
    0.06747720125609813,
    -0.08958746564751659,
    -0.024745738173911593,
    -0.08289967728903705,
    0.08219499832425528,
    -0.012208529917860722,
