{
  "indicatorWeights": [
    1.1146551182384845,
    0.49596998826310534,
    0.7123467576791744,
    0.486663684557566,
    0.7580528442672697,
    0.6112751162736959,
    0.5088377800538626,
    0.6537027829603028,
    0.8159560999171894,
    0.8774090442177057,
    0.4124786771522617,
    0.9998393793627594,
    0.7022127947588614,
    0.8734837433585575,
    0.5733005258355839,
    0.8376316547646959
  ],
  "trendingMultipliers": [
    1.009923425829437,
    1.1736382617637895,
    0.9351270798460039,
    1.2367803885914577,
    1.0863483652862012,
    1.1712261087451743,
    0.9929044353371107,
    0.7193947773648897,
    1.1085073507731569,
    0.9956081845245902,
    0.8631073443220653,
    1.0009010530552547,
    1.113501051642714,
    0.9024780868021541,
    1.2843024553071603,
    0.9306355569152139
  ],
  "rangingMultipliers": [
    1.0063793115629707,
    1.0492105667431508,
    0.9737159341855947,
    1.2037488360634987,
    1.2860773258079157,
    1.0597599776709916,
    1.0304970358365926,
    1.0366965610935406,
    1.1916027364150399,
    0.7880336144552328,
    0.9894662446718095,
    0.7023773037352509,
    1.1123123667008048,
    0.7814938094818399,
    0.9548151963486076,
    1.1243993171371809
  ],
  "timeWeights": [
    0.9438481426656016,
    0.8820810459324436,
    1.2595029303912222,
    0.7340777182653169,
    1.2795772241369114,
    0.7228437995066921,
    0.9242619672738143,
    0.6453347573617285,
    1.0498695411208099,
    0.7430787435750709,
    0.888203436676422,
    1.3546171384133043,
    1.254672957392884,
    1.2552849277472053,
    0.6390489573918989,
    0.9131169475730162
  ],
  "interactionMatrix": [
    0.05081834835544915,
    -0.042376195519635194,
    -0.03400445485102469,
    -0.08044009107122577,
    0.006534806018090308,
    -0.02408012362145587,
    -0.010368516927421021,
    -0.008598977165693855,
    0.10532152307125581,
    0.02247291942214911,
    -0.01083310890492552,
    0.0911060081445691,
    -0.01642173255500209,
    0.09974142572250702,
    0.09546745184830409,
    0.0145285589833512,
    0.08959983817010578,
    -0.05765149726366558,
    -0.062257539363958,
    -0.12418434057051983,
    -0.04464523714793144,
    -0.11333852102039382,
    -0.05129410495438874,
    0.07276686805821492,
    -0.06795048871505605,
    -0.035641131064692314,
    0.010131330849301172,
    -0.09339822697002367,
    0.017124815968417154,
    -0.14976736106256955,
    -0.19838875621225519,
    0.14043008215494399,
    -0.061194804733645025,
    -0.05063688051672139,
    0.09919153127352918,
    -0.09761179324523628,
    -0.0998096690900832,
    -0.08771346954933834,
    6.435933717407333E-05,
    -0.002956407060716426,
    -0.11836669090699399,
    -0.06811392026462966,
    -0.10593384172894132,
    0.032591467013303746,
    -0.09301488592392548,
    -0.1025257425571311,
    -0.2326095688724979,
    -0.002660063729582905,
    -0.06490341049279641,
    -0.06473070083919452,
    0.13304725779425342,
    -0.0981101797546202,
    0.025943733334718447,
    -0.10216849943300502,
    -0.07412332603138133,
    -0.04386369989603139,
    0.048677002912389036,
    -0.037230741063063615,
    -0.10263294265406947,
    0.05824774188029624,
    -0.062251518229974906,
    -0.11478477634767993,
    -0.045095862396299286,
    -0.06591401175294588,
    0.04810436023517681,
    0.082437142588466,
    0.05992688578934434,
    0.12561322465470887,
    0.1529197085299451,
    -0.03692829371099569,
    0.01217877130550964,
    0.11032738004561454,
    -0.0953604110213997,
    -0.013032251584107861,
    0.15510630578067275,
    0.0013743517184733982,
    0.08257524721498874,
    0.05262684318724852,
    0.02363948395029847,
    0.07349497266985554,
    -0.21402842850147996,
    -0.06502026606206038,
    -0.02766706694607493,
    -0.07147241379259622,
    -0.019318804908856048,
    0.0221768411807665,
    -0.013841780146902155,
    0.00898724955505339,
    -0.05366304651778656,
    0.0035500381202313164,
    -0.017250361969144215,
    0.07278338810838716,
    0.016737614942255112,
    -0.027998340433575207,
    -0.028234519680752915,
    0.02025844740514417,
    -0.08473759885613774,
    -0.014521749795405449,
    0.00284262355944671,
    -0.008887761354631284,
    0.15654854049363706,
    0.061496416183927496,
    0.08712392626351144,
    -0.05086721572015904,
    -0.014228373133776642,
    0.03886862049892588,
    -0.05902294284957559,
    -0.10450170588253913,
    -0.01857156680771578,
    -0.030849807769379303,
    0.08624644167611475,
    0.013928928284635718,
    -0.06261836590292458,
    0.09649232463140797,
    -0.04002405852745422,
    0.10398890753329815,
    0.004060247168130887,
    -0.12532165120871971,
    0.050981188258999145,
    -0.03782014501937077,
    0.04486186560850832,
    -0.04037267961568125,
    -0.12387022330861411,
    -0.0755436557004261,
    0.055340831646682825,
    -0.09209014949940691,
    0.06522059400635434,
    -0.09906730177810374,
    0.030670023684532546,
    -0.1258332057857535,
    -0.03809413019126987,
    -0.043302432922502736,
    0.09603617277387741,
    -0.01958286781486038,
    -0.014636231865507249,
    -0.03656286096795173,
    0.14849769106773106,
    -0.07420749943896145,
    0.019278635763458934,
    0.08240852330733239,
    0.025760036971826,
    -0.0766992869558937,
    -0.04297799076717325,
    0.007531031696005993,
    0.021507709490885325,
    0.045381192576015875,
    -0.02612305507614744,
    -0.1768892794563725,
    0.0118955444084809,
    -0.10553776129748585,
    -0.17700029842488915,
    0.04736123990937504,
    0.12435627087149054,
    -0.10028445964620653,
    0.11443837260011139,
    0.011410277958749347,
    0.034005488061332564,
    0.04372610560671792,
    -0.049312780011677985,
    -0.009419251190154142,
    -0.018825481705511765,
    0.05977543717762081,
    -0.22940615442224285,
    -0.11314124311188135,
    0.1128347820419826,
    -0.0055597028957884865,
    -0.05004599923684086,
    -0.07158038590368881,
    -0.18339149616177133,
    -0.13320782730269304,
    -0.07219516913202717,
    0.008625770361493042,
    0.06822336981916736,
    -0.10456993448509189,
    -0.05944347765405503,
    -0.06180350850816787,
    -0.07515463391476812,
    -0.01618541042384871,
    -0.0008841368929778833,
    0.12241073452718795,
    0.14953471094473433,
    -0.07150754026701306,
    0.026337738287948956,
    0.01752528931756547,
    0.05109821214258092,
    -0.011182451981627616,
    -0.10863760023921545,
    0.09334013946712541,
    0.016980301829960624,
    -0.05331326149075462,
    -0.026514779483049408,
    -0.007643212104592134,
    0.017240963012042154,
    0.08516449725228051,
    -0.07272119551445298,
    -0.051747611218466986,
    0.09436105913479337,
    0.009366830460922269,
    -0.07992910255857402,
    -0.04747709959562279,
    0.20299139989719664,
    -0.07423523128657505,
    0.0010192007972498404,
    -0.03248885817119809,
    0.07483654701267516,
    -0.013000392658402266,
    0.057956875777758904,
    0.04184865465360026,
    -0.03228057977408575,
    0.03718063330750779,
    -0.02999477925623448,
    -0.025183625494696688,
    0.05942020484003427,
    0.10098326906135849,
    0.01202112521042107,
    0.1069498610746912,
    0.03157959075148506,
    0.04443678677120361,
    0.12334900543549018,
    0.058152121741836205,
    -0.1206902282053677,
    -0.07440778578902867,
    -0.057880734912797015,
    -0.0780066781074236,
    0.013482109966105528,
    -0.016291985902444912,
    -0.10640473139245543,
    0.052649748115640646,
    0.009082429935990913,
    0.1342065570690198,
    -0.09570732468975104,
    0.10546569478103833,
    -0.04335114830532014,
