{
  "indicatorWeights": [
    0.34032797348527605,
    0.6453300696097719,
    0.35205705560694217,
    0.3071495069733874,
    0.6734401327381044,
    0.5505154429975785,
    0.7194326486136134,
    0.5752354118022043,
    0.8023492127926386,
    0.6913814157766491,
    0.6222107436746638,
    1.0266494984080095,
    0.5511567032648538,
    0.9714209163339507,
    0.6836409210454429,
    0.8501848314715387
  ],
  "trendingMultipliers": [
    0.8837714188553373,
    0.9339367097253936,
    0.8303641382110432,
    1.1679794222588131,
    1.0039361173274037,
    0.7854306813542469,
    0.8954163865751815,
    0.6964819100895345,
    0.9720826607101323,
    1.1190254287755936,
    0.6721112150482378,
    0.8920519302330436,
    1.0991064320724455,
    1.2604418383925493,
    1.0999914456413582,
    1.296878694901441
  ],
  "rangingMultipliers": [
    1.0531076711106844,
    1.0391273619404222,
    0.9215435139927963,
    1.1964702937787306,
    0.9592915707760791,
    1.0592708930781387,
    1.116044447986382,
    1.118717052386999,
    1.059159115980126,
    1.2186217498437955,
    1.0769584794143454,
    0.7195972714004957,
    0.8856984742866549,
    1.0279959072565674,
    1.0182539031064497,
    1.3232448831809986
  ],
  "timeWeights": [
    0.766843007835193,
    1.1624377607144187,
    0.8796183104441525,
    0.8014907918686507,
    0.8755924476206425,
    0.8192761247489959,
    1.2378352252527516,
    1.063952855372388,
    0.8180525558068116,
    0.8240374069665941,
    0.9535064275908719,
    0.7989661491797303,
    1.0304696656594936,
    0.7235515901778231,
    0.800359394996039,
    1.1211413132838646
  ],
  "interactionMatrix": [
    -0.10190857797514635,
    -0.07047897486599006,
    0.00936378355550702,
    0.01679724863126099,
    -0.1537961443645201,
    -0.003363811533469151,
    -0.03421871360693465,
    -0.061705381274718724,
    0.005741505952179572,
    0.024320750887876184,
    0.1312143515030021,
    -0.004681864012360884,
    0.08837124180063036,
    0.012354261766753548,
    -0.009611685649954363,
    -0.010170378703852345,
    -0.09010202746672172,
    0.10524533755116264,
    0.035763498264794684,
    -0.12870748582372374,
    -0.13414048633808165,
    -0.08921978848886117,
    0.041247761646162666,
    -0.03628119548389329,
    0.03733541929412633,
    -0.13135375863214624,
    -0.03864257318833696,
    -0.06536472682968687,
    -0.026963210216191365,
    -0.0003667005451392369,
    -0.1529509005847851,
    -0.05838132352019447,
    -0.09278330779390268,
    -0.10782649558901827,
    -0.16131226692246334,
    -0.09410287568481246,
    0.07720099330740003,
    -0.06828318574193412,
    -0.03176858931392677,
    0.08291707461921863,
    0.021377966400406942,
    0.039770037285863195,
    -0.07905888371670865,
    0.11786242185181091,
    0.05351926543152406,
    -0.08202709642887027,
    -0.0983692744616602,
    -0.017608796898322093,
    0.05438972291693374,
    0.08944383266544642,
    -0.14183808173581577,
    -0.08907712672524924,
    0.00686489523787117,
    -0.08419242422054704,
    -0.0768456498533157,
    -0.1190862461090893,
    -0.03393183966395964,
    -0.02920655544697317,
    -0.09542432459060392,
    -0.10047435802819922,
    -0.04112148274593244,
    -0.10589993823330962,
    -0.12878318803263147,
    0.023320743770561116,
    -0.06329854548875337,
    0.05767293047178891,
    -0.006109826081888765,
    -0.011154453956396491,
    -0.05166662216055096,
    -0.18894224229686274,
    -0.04449190728162225,
    0.08183127249295233,
    0.05455667927173153,
    -0.14553997947278222,
    -0.0431324496390436,
    0.04589587036121662,
    0.04376672416634403,
    -0.010511630280146934,
    0.0530321838161716,
    0.01145909101804312,
    -0.06218737103261597,
    0.022495624423869626,
    -0.12606820455120332,
    0.04415261686663366,
    -0.044361927311959,
    0.012513666849963846,
    0.07577091183121579,
    -0.0380097677763835,
    0.036883822527304835,
    0.060855881817555066,
    -0.0993138444166475,
    0.07638125130599638,
    -0.06818658871891692,
    0.052311963477986445,
    -0.06687487414725811,
    -0.08004697932174568,
    -0.10254626849260977,
    -0.1439276516517371,
    -0.027089376415952354,
    -0.03156370512033395,
    -0.03588297215929062,
    0.14224249342877587,
    0.0892630931809727,
    0.005537588879059335,
    0.01462058150767466,
    0.03812036011257652,
    -0.09665141855906191,
    -0.00969059881270841,
    -0.01998084244056649,
    0.003614825107768338,
    -0.14294345648314516,
    0.03514252843551258,
    -0.03423815878133142,
    0.03365519841760287,
    0.05448226986198971,
    0.06552979526169798,
    0.0021886563907677625,
    0.0333639768498621,
    0.004830937340803898,
    0.05939822013984518,
    -0.11955276930923595,
    0.029995908665195865,
    0.05164244273642292,
    -0.12407775101360687,
    -0.019154854482727534,
    -0.018115512031365633,
    -0.08687361070320665,
    0.04420725657060406,
    -0.10218160497031781,
    -0.09668734247723323,
    -0.11405568695222001,
    -0.05248608087138475,
    -0.02542461716990317,
    0.002394175492600452,
    0.11317144250597369,
    -0.08950248505974337,
    -0.08851564604925413,
    -0.0795306229604885,
    0.1099204522752846,
    0.039093787169880205,
    -0.16331214892804766,
    -0.09922828797230454,
    0.05615565616312465,
    0.0623290759025238,
    0.08633490524341535,
    0.0765681786563425,
    0.13576329916325253,
    -0.2014653912534927,
    0.04380240670650823,
    -0.014083555485702023,
    0.12063267068244235,
    0.1098519536981404,
    0.041751970229119154,
    0.09745458578331212,
    -0.08267723692754377,
    0.08516239841910879,
    -0.16125928387436456,
    0.037509405304571836,
    -0.06321848254674298,
    -0.048092168949460785,
    -0.08832455245647233,
    -0.011042316884430869,
    -0.06973597368077919,
    -0.03716734334139276,
    -0.10087986513494526,
    -0.018538399703651898,
    -0.05073147645995683,
    -0.014250835614532678,
    -0.12047493991732809,
    -0.002616816375767131,
    0.010526417625462532,
    -0.006244624564966966,
    -0.04181819311598968,
    -0.14115623221857412,
    -0.07889133889180339,
    -0.05111422888798159,
    0.029345033388902174,
    -0.10604383899482005,
    0.08401380295321331,
    -0.10272059878850126,
    0.09156267707165108,
    -0.12147423395492206,
    0.1253870683200443,
    -0.0358954790670586,
    -0.05930581798881104,
    0.038733479863723455,
    -0.050401791803267385,
    0.0884790957614675,
    0.11378433838209602,
    0.14394150259094016,
    0.07239087965513802,
    -0.113271909842146,
    0.1695122820851936,
    -0.13518647495234654,
    -0.20057284829484254,
    0.09042227463333247,
    -0.00973510201256831,
    -0.06537709408333485,
    -0.10995405574463477,
    0.17709970998627353,
    -0.15710752112856402,
    -0.05861549693518901,
    0.15872005075758278,
    0.05651257721090054,
    0.03982088375304389,
    0.027647660140598017,
    -0.1075089381102839,
    0.009298592187217491,
    -0.0040154521149951584,
    -0.12474712846269706,
    0.030544444600095734,
    -0.058125355434161315,
    -0.06089829193755428,
    0.009013826182563453,
    -0.025901915216209728,
    -0.02889754675868742,
    0.13532715034527887,
    -0.0622823474490882,
    -0.01217183006755313,
    -0.024152025541584264,
    -0.10437924174906275,
    0.0678439474135063,
    -0.013068761717689586,
    -0.04075417529039074,
    -0.03178009592632674,
    -0.15660506129911192,
    -0.05552157638313246,
    -0.08093952431792042,
    0.08371009421656686,
    -0.02105572587260411,
    -0.05639689839963666,
    0.12821841968481015,
    -0.10907116767692981,
    0.05723636771234215,
