{
  "indicatorWeights": [
    0.9183861277598195,
    0.8082391603903856,
    0.6695728112369443,
    0.5215723208040328,
    0.8467358340647628,
    0.5724852931305962,
    0.6877520291709084,
    0.9234562941885562,
    0.9872649033375622,
    0.6589775031677336,
    0.9591609855345243,
    0.7553207644506597,
    0.5795602104529811,
    0.7334151869430257,
    0.8330951925032166,
    0.8576840542439639
  ],
  "trendingMultipliers": [
    1.0751086769779703,
    1.1013882527130017,
    1.0381001721024994,
    1.1041477466255822,
    0.8106952912596953,
    1.1325167990473635,
    0.9197349852338755,
    1.1385064948790862,
    1.068869248935377,
    1.1458712874662513,
    0.999241590297319,
    1.185472070419974,
    1.0333284232674105,
    0.8573796964724355,
    1.013490250001909,
    0.888975332310484
  ],
  "rangingMultipliers": [
    1.038377160735671,
    1.0790981840857121,
    0.8319475605463997,
    1.0349613192457752,
    0.9450924580440161,
    1.1705593419025757,
    1.0388194650228502,
    1.0743904140762586,
    1.1046826806704062,
    0.8455021648914536,
    0.8069503107190081,
    0.9135119772011894,
    0.8105095751278504,
    0.8235515038695768,
    0.8188298529891402,
    1.0485737102806663
  ],
  "timeWeights": [
    0.8636388249439553,
    1.0984398843688772,
    1.2841318038578908,
    1.1484379686583148,
    0.8680992700383972,
    1.0182421504886707,
    0.9787527156109457,
    1.141981497320939,
    0.9841519211204592,
    0.9254599803494429,
    1.0666083457555666,
    1.0391925182827428,
    1.1596095787222591,
    1.0374328220155062,
    0.7633360778340267,
    1.1600377253879426
  ],
  "interactionMatrix": [
    0.0021411328235394268,
    -0.014273544366108261,
    0.014594698640746829,
    -0.08133615591098625,
    0.030982160329316867,
    -0.05712747205547819,
    0.024129557034258255,
    0.016740182140613482,
    0.03182375766523746,
    0.015667515395550047,
    0.013228940035554793,
    -0.026397085062497695,
    -0.022685085015985342,
    0.03070468867025704,
    0.05134106619446797,
    0.02665539948275151,
    0.06936524978495294,
    0.01758415597635161,
    -0.017539071956295362,
    -0.031603406995309814,
    -0.05229411471267949,
    0.09714631061896445,
    0.02538780744850786,
    0.03648020679841051,
    0.010080305954052782,
    -0.006906708044385846,
    0.013159988790090504,
    0.08315736959586176,
    -0.07195937111327204,
    0.04774360145731622,
    -0.05392445739781149,
    -0.09336844637346726,
    -0.057910646646630065,
    0.09684350634458377,
    -0.05407181150879106,
    0.05793971877840907,
    0.018867469950458474,
    0.07050028120121841,
    -0.04833254998002508,
    0.02435963199637541,
    -0.07124819657355595,
    -0.0112234788786169,
    -0.024131009612009383,
    0.0376870933512093,
    0.06282705369264945,
    0.024517393416354862,
    -0.090691765018211,
    0.042231719028507225,
    0.0770033843927894,
    0.05870950477870349,
    -0.060647638615851256,
    0.03390251124716859,
    -0.05063818529815911,
    -0.032002743183499896,
    0.052556489497414344,
    -0.08970189480949142,
    0.03220972684480603,
    0.020573407711324633,
    -0.08984899890933587,
    0.0073164983411767364,
    -0.08142040829506457,
    0.04410115341066443,
    -0.08497909839311651,
    -0.05532525463207996,
    -0.04365846557564266,
    0.041352803209052526,
    0.01267429523310839,
    0.0047486487749533795,
    0.011602712922130266,
    0.08817392578111496,
    -0.06563965710763334,
    0.02108178124276692,
    0.08271196990526163,
    -0.03490504330974418,
    -0.07636215910971028,
    -0.08897440621539797,
    -0.03558441886987847,
    -0.09934836183954787,
    0.09490148308768545,
    -0.025555920577046233,
    -0.07047659628997496,
    0.05323770488505533,
    -0.02332213059715378,
    -0.06350301168549917,
    -0.010987144784383274,
    0.05443026472071888,
    -0.05115437932427951,
    -0.0380978437368317,
    0.01928670758008777,
    -0.029421081547849105,
    0.030171611951395283,
    0.09879283671552536,
    -0.09238104202053064,
    0.003221128916646343,
    -0.04003171361140548,
    -0.03617192068961368,
    -0.026400491527327374,
    -0.0656955046160732,
    -0.038800165047918195,
    0.037115563810047235,
    0.06819460014713788,
    0.09272231850801577,
    -0.014983371222530751,
    -0.014542351016583145,
    0.021395234000782783,
    -0.058099073852530485,
    -0.07328572515101309,
    0.020817623950356513,
    -0.018137900768895633,
    0.03267410628571108,
    0.005525431936565628,
    0.04963867525805035,
    0.030862543829350608,
    -0.08203876812638111,
    0.030088576515960377,
    0.0097404025641328,
    -0.04140805808584554,
    -0.0810494685023333,
    0.033560130121563336,
    -0.0027399689102324044,
    0.03620669381286512,
    0.09332543935202119,
    0.02315230795597141,
    0.03377759678157684,
    -0.07027981110911721,
    -0.010538091751762568,
    -0.033500797915033624,
    -0.013839412610411484,
    0.07760854804549772,
    0.07981995809753627,
    -0.052368175559556175,
    0.0018616743386682623,
    -0.06266416419259722,
    -0.03300446015860683,
    0.06594499427840932,
    -0.04445379898308373,
    0.06599077964750402,
    -0.09289753551487419,
    0.06759017466167726,
    -0.04531207587389832,
    0.04763627460697426,
    0.06956310114293995,
    -0.029953213841457018,
    -0.0766195597518715,
    -0.011589682414718028,
    -0.05154840450408105,
    -0.02609147502126672,
    -0.04230479074509648,
    0.034203197396386845,
    0.04602686351248713,
    -0.0033868703450227857,
    0.057035616927579594,
    -0.015745756409352874,
    -0.07696031500663324,
    0.04704149494502028,
    -0.01907271130169086,
    0.03107986376273555,
    -0.08305314430318143,
    0.08324857726857474,
    -0.04772491171101672,
    0.030852946124730864,
    -0.09803621601040875,
    -0.08363492734579964,
    0.02485861981614257,
    -0.01682499547370342,
    0.015837768717764922,
    -0.06794758208531437,
    -0.03469740820325178,
    0.0270087768655515,
    -0.0908441539223121,
    0.054313851688143115,
    -0.023282175153767428,
    0.06855185751825543,
    0.017106615718922535,
    -0.0584656234064902,
    0.039292253815175204,
    -0.018947208915302105,
    0.031200563151729633,
    0.06584727134418926,
    0.06547088595186888,
    0.06112339441830006,
    -0.09247580434044311,
    0.03612486295001738,
    -0.007840569953424859,
    0.008583364755440904,
    0.054455851887346966,
    0.038919476176168026,
    0.034685555332102894,
    -0.03856144166699593,
    0.08513760870471872,
    0.0876696064172537,
    -0.05718264250156879,
    -0.02448931303920674,
    0.09334827078583924,
    0.007971637945145637,
    -0.09251496228443874,
    0.02976144596236723,
    0.044305565151234766,
    -0.0012935179852729074,
    0.00816755455316287,
    0.032961348548841474,
    0.0904158937099608,
    -0.06855057974049035,
    0.05575703946374762,
    -0.0053543003357652275,
    0.03250778877741234,
    0.045028195130383725,
    -0.051771154509075615,
    0.07264792500646611,
    -0.07613921678620489,
    0.07782346801181075,
    -0.08304759751561056,
    -0.03850360654656335,
    -0.07272205165507704,
    0.0973574183705731,
    -0.0498622777329441,
    -0.05900168116201363,
    0.07521016932495161,
    -0.03247505859875719,
    -0.040045855647347334,
    -0.008619199196391846,
    -0.0869561683507305,
    0.08015260939328024,
    -0.06472257927250172,
    0.04054023612761666,
    0.04285154217126848,
    0.00201484478487981,
    0.03501930306807384,
    -0.055694020679293146,
    -0.05362967575331428,
    0.04991906917528797,
    0.05415616765811755,
    0.02101620607219954,
