{
  "indicatorWeights": [
    0.5377075722896696,
    0.8354833416557244,
    0.9289058895592487,
    0.9416261233413101,
    0.5117464728349284,
    0.7590445023612855,
    0.8370302143083244,
    0.544344699792181,
    0.9158016569760903,
    0.6855324153619424,
    0.5061744641365025,
    0.5804643650374445,
    0.80110661644227,
    0.570363899352921,
    0.8332617812839574,
    0.5732378674156912
  ],
  "trendingMultipliers": [
    1.0376054829199268,
    1.0676183429253725,
    1.0797937716969648,
    1.1329752063119867,
    0.8105474058832552,
    1.1193049168549203,
    0.9094075977739291,
    1.072316625448531,
    0.9506005045050782,
    1.1133415068794397,
    0.8743929793580875,
    1.171668157063742,
    0.9734391263673822,
    1.1995311806140903,
    1.0987276916795707,
    0.8290271270777562
  ],
  "rangingMultipliers": [
    0.9026649925550075,
    1.0650964737485815,
    1.1962301683743988,
    0.950929760582466,
    0.8488310258835446,
    0.9884332926597914,
    0.9903054521459764,
    0.9509958283963977,
    1.025461635499038,
    0.973571388914268,
    0.8433562218395825,
    1.0903867611093498,
    1.0400762968793429,
    0.9681926633127766,
    1.1314772311186438,
    0.8298610617412063
  ],
  "timeWeights": [
    0.9604183167029046,
    0.8607010970991298,
    1.2374642705693026,
    1.228758522864318,
    0.9303396213046689,
    0.9018856329546581,
    1.2883311561877293,
    0.9330829724923104,
    1.0764021298113455,
    0.7264465081789372,
    1.0316055317887927,
    1.2375533647751682,
    0.858361365168401,
    1.0355310505259567,
    0.8832842445966445,
    1.2265054804799267
  ],
  "interactionMatrix": [
    0.04868109774315976,
    0.03921684764161362,
    -0.014318139460443203,
    0.03688717184699739,
    0.06567928825901026,
    -0.045818996184349106,
    -0.05173626279103083,
    0.036246076935871056,
    -0.06041077049139052,
    -0.06229183462210724,
    -0.06443634025782084,
    0.0010088840307403758,
    0.056666448126104954,
    0.0914590415759678,
    -0.07286019931691903,
    0.06233249132763244,
    0.0476209482798268,
    -0.008862109506409156,
    -0.09684784980368114,
    -0.09932685650265119,
    0.06830761635172654,
    0.020382979972821725,
    -0.09091970451811703,
    0.01817235328330178,
    -0.024302342253527412,
    -0.09821421874821785,
    -0.009871228001939625,
    -0.06875161086050192,
    0.02092044485800584,
    0.05209610565889311,
    -0.05921529153968519,
    0.09999450357195293,
    0.047380954201741245,
    -0.07546904981258569,
    0.07629998973505513,
    0.0619630127409542,
    -0.09520321255609282,
    -0.03247073343462772,
    0.027798283168187644,
    0.05985449804887258,
    0.05378798102386915,
    0.06695047113791829,
    -0.03555931830083148,
    -0.027283823986250247,
    0.05227782341256122,
    -0.06589661904427871,
    0.061236713241378984,
    0.03814627091864318,
    0.06115739369052791,
    0.06677456526169082,
    -0.06384412545057519,
    0.07508794699913635,
    0.06997189308123508,
    -0.07639593639779992,
    0.07604007947720184,
    -0.07047443382706298,
    0.09926620812124823,
    0.017461702935168112,
    0.05097356898133845,
    -0.08165997274043485,
    -0.00852233962930835,
    0.010780421704549693,
    0.060482276404794116,
    0.04393207733362248,
    -0.08377009373415112,
    -0.04094893076150257,
    0.027278648790089923,
    0.08829506159983691,
    -0.05368403876749204,
    -0.026542297190011645,
    0.01681794918915618,
    0.0477676562636294,
    0.018569891914305938,
    -0.011342257792028533,
    0.029437632453852603,
    -0.09493746475133708,
    0.009510608855014181,
    -0.07863182057338923,
    0.02257096842179638,
    0.08100409070788793,
    0.07825610791313005,
    -0.05391833238129043,
    -0.055647358244722916,
    -0.009923409940037887,
    0.09563646039629958,
    -0.04234420679495126,
    -0.07607964238410206,
    0.05851763205310705,
    -0.09663314388749247,
    0.06624772983714793,
    -0.053711875372799714,
    0.06481758584793225,
    -0.0829246989035247,
    0.02595915203866537,
    -0.0856364877637305,
    -0.060840414247783574,
    -0.09051491256263709,
    0.048514343895664606,
    0.05260910772054748,
    0.07577611662959792,
    -0.07678192791303201,
    -0.062184699495047506,
    0.09512515685588299,
    -0.09370493537454472,
    -0.010912832185059673,
    -0.06539467168131859,
    -0.09609162343355633,
    0.09616214256421506,
    -0.033306039730593893,
    -0.061080268847053025,
    -0.04508493206105233,
    -0.06191554376908333,
    -0.049484031029233336,
    -0.019499107726593936,
    0.080485360970942,
    0.09526470361384898,
    -0.04030427876582015,
    -0.006672964744541533,
    0.07476270435130104,
    0.009389355654059229,
    -0.09272357737934996,
    -0.04778765071638169,
    0.09134855667642028,
    0.08745096187173931,
    -0.028606772279220906,
    -0.09346472046716947,
    -0.02260037525425669,
    -0.09335410981003806,
    0.09872873757694511,
    -0.009551871699464809,
    0.05812192537179402,
    -0.007826614705501389,
    0.017028476735212995,
    0.02248226256002697,
    -0.03525613461337174,
    0.06675351498912732,
    0.07773633693938851,
    -0.03872606049185526,
    0.050269085000377745,
    -0.032183694976683073,
    0.01593632933826841,
    -0.053311554672501996,
    -0.032238008041047574,
    -0.09139290368264219,
    -0.031172566067308005,
    -0.03716642226662068,
    0.09922151894444782,
    -0.05808545557779761,
    -0.049584877220300985,
    0.015650914305303056,
    0.015777401614097266,
    -0.07529205708648526,
    0.06362039753635107,
    -0.07259470783413942,
    -0.04358581776311315,
    0.010117796786720468,
    0.09774237910854078,
    -0.0037904089544896994,
    -0.02775008902493288,
    -0.05474902655539422,
    0.017005766673136868,
    -0.02996380293867498,
    -0.01840814069341015,
    0.004040635998311326,
    -0.0868908265389208,
    0.09007453962759349,
    0.03749816280470297,
    0.08905269222918344,
    -0.07410691123636313,
    0.0945793984981644,
    0.05294075248013888,
    0.08985378823987605,
    -0.02675288702930432,
    0.07024988896090385,
    0.01649942243339375,
    -0.061329047909892756,
    0.0013738039550810655,
    0.006890161104948289,
    0.08535321834396277,
    0.032480616804530474,
    -0.08160951719790753,
    0.04511171050247356,
    -0.058539818501949586,
    -0.028700564786838467,
    -0.025630872764842882,
    -0.06364854993052203,
    0.06274716537675436,
    -0.025250630865577463,
    0.058260597010634685,
    0.05132469853218902,
    0.08734137458849117,
    -0.009561678316273926,
    -0.006867479705985136,
    -0.049579275762542334,
    -0.01964055003028671,
    0.07046255645675195,
    0.023750588613848378,
    -0.012273746911512085,
    -0.03579007967984891,
    0.09032868185970684,
    0.0828231134326819,
    0.05227277688069942,
    -0.0980662157516799,
    0.022081568981979063,
    0.034069957788303754,
    0.0345302079417849,
    0.04685992740217011,
    0.015054634795208965,
    0.047637881922547747,
    0.033120580699360413,
    -0.07222797830006449,
    0.03294135609204798,
    0.04767493303348036,
    0.07835998585612802,
    -0.09663225749510136,
    0.08932297415486601,
    0.016520206882285837,
    -0.09583951007210179,
    0.038752407220806466,
    0.07882798345011804,
    0.0842649408993404,
    0.063561086642217,
    0.09799990971974387,
    -0.07652142969526264,
    -0.08696315523439449,
    0.09162533409640511,
    0.0729774125308639,
    0.05745263254479758,
    -0.0889041985648874,
    -0.05580959881803369,
    -0.034020930140735504,
    -0.06919059730323074,
    -0.07799213312884919,
    0.022782730468485668,
