{
  "indicatorWeights": [
    0.5912653848866477,
    0.8654495272653754,
    0.34966058614738793,
    0.456790633529984,
    0.6302492642802004,
    0.6906539254570981,
    0.9637784975771491,
    0.6312073174912353,
    0.6971807743641864,
    0.6106713816192837,
    0.9894163231057206,
    0.6460995087817446,
    1.0194886537841799,
    0.8564499803458768,
    0.5416094582838082,
    0.7918813090900619
  ],
  "trendingMultipliers": [
    0.8923569330839245,
    0.7497666749683608,
    1.2105043363414005,
    0.8751579627708551,
    1.1976019077405173,
    1.25976207980043,
    1.0067821590926511,
    1.0192297291298171,
    0.7787276267545284,
    0.7793366080279281,
    0.8840268857918676,
    0.7876180032674411,
    0.6693516802273244,
    1.0846672998712419,
    1.0975896586979161,
    1.123845716540646
  ],
  "rangingMultipliers": [
    0.9740723679136868,
    0.7764291558824885,
    0.7819458581885635,
    1.1913891151464553,
    1.0040377016225417,
    1.0552659565010474,
    0.7325749705206397,
    0.7954266044843932,
    0.8779344419474218,
    0.6089154522515001,
    0.9417331136478976,
    0.9133862256743553,
    1.0661463057631229,
    1.1813035551451005,
    0.6890674696503394,
    0.973305997779533
  ],
  "timeWeights": [
    0.8469687231371051,
    0.8808043231002269,
    0.696588918397791,
    0.7210692530694927,
    0.7937603401743113,
    0.9378686435229519,
    1.316026584441871,
    1.1592429188193727,
    1.0870911236723662,
    0.6995194172453821,
    1.094375333721691,
    1.2690505625312454,
    0.5588107089317887,
    1.1245971713459515,
    0.958755876155691,
    0.7078932117765813
  ],
  "interactionMatrix": [
    -0.1721172081195227,
    -0.10506219012200228,
    -0.11840910406480504,
    -0.01840679142969144,
    -0.176540327646759,
    0.004699603380525198,
    0.09789969665034048,
    0.026768475214758232,
    -0.10629604826567117,
    -0.07754734592570438,
    0.06019242023594742,
    0.013579474781092251,
    -0.04276579071569526,
    -0.035919325771795615,
    0.023790477870935113,
    -0.07783982568682632,
    0.11846421980809008,
    0.09444511470733791,
    -0.13819193365035262,
    -0.14820565084572682,
    -0.10722067503267044,
    -0.12115544721465386,
    -0.030612875569756,
    -0.03149019544539123,
    0.008968609555039034,
    0.0009503312155304949,
    -0.16570525366081038,
    -0.010353938472497284,
    -0.1775701866029482,
    -0.1080555271477497,
    0.025637578126039826,
    -0.007548461624300319,
    -0.039366081114571454,
    -0.051524660377199716,
    -0.02360744469690046,
    -0.08998644354200072,
    0.03652007289038019,
    0.02441201482478264,
    -0.04297372700271414,
    -0.102506449120478,
    -0.16155539387989065,
    -0.08611496477323036,
    0.05931026753115891,
    -0.05142032573770299,
    -0.0014009234776186825,
    -0.09179374406090073,
    -0.10754874433751309,
    -0.0035782056524653223,
    -0.16448741574438552,
    0.020710066331202134,
    0.2541247364456007,
    -0.13054755749414398,
    -0.18929180840611942,
    0.008088543342328525,
    -0.06145229549253449,
    -0.061349709161458384,
    -0.008530312891890449,
    -0.0592267927969186,
    -0.07872726217746559,
    -0.009642001186689314,
    0.08489494534757121,
    -0.10869989821060426,
    0.019854524699430623,
    -0.11459975939326374,
    0.013359771670006529,
    -0.02797137921070024,
    -0.11106188195886792,
    -0.0014773469832101843,
    0.0018201050852496726,
    -0.06736702419738706,
    -0.08644204553202074,
    -0.05509332218809904,
    -0.0070854373656013825,
    0.11617144408281145,
    0.07469881702176087,
    0.071890711798387,
    -0.06776000735686405,
    0.08075530296507581,
    -0.1283781741050398,
    0.051809675660029475,
    0.03746399531808543,
    0.02322282217712491,
    -0.06722581879969905,
    -0.164339310857559,
    -0.03857442192570445,
    0.1054228752747891,
    -0.11300745504948503,
    0.04095088802957264,
    0.03734718654908907,
    -0.03379407732960823,
    -0.16242023170539072,
    -0.04837995134044209,
    -0.00441580010509728,
    -0.022425941184097842,
    -0.01018656935235477,
    0.04317390605443923,
    0.012010259145341765,
    -0.08400980594799808,
    0.028544432836149283,
    0.0673277510791449,
    -0.21771531751896153,
    -0.15386280339432773,
    0.0655193573511142,
    0.03186914175796816,
    -0.028351441432643745,
    0.0031555704963776993,
    -0.19334581447026922,
    0.11052353703999306,
    -0.03641850595807831,
    -0.01825681585604076,
    -0.12107087696100816,
    0.014423033895839842,
    -0.015415700527659885,
    0.09408395369225286,
    -0.0816815949431547,
    0.0409974331196961,
    -0.13288125421815736,
    -0.048518660623957016,
    -0.03526506358650615,
    -0.12160181489635273,
    0.09718164830652665,
    -0.12446191662604295,
    0.03441959461632636,
    -0.11971053662287919,
    -0.060894058281132896,
    -0.11617119207295083,
    -0.03649517544807929,
    0.2703920892767734,
    -0.0414796183478192,
    0.13813405072949636,
    -0.04020141250381781,
    0.049409898143635236,
    0.12949217627570836,
    -0.1212283545481947,
    0.042315526704279155,
    -0.008868734854934461,
    -0.1438203528579631,
    0.104389670515626,
    0.0018344826250868505,
    0.001152255243058814,
    0.07111228630796376,
    0.07659372677140563,
    -0.07306108847566252,
    -0.12113791988816458,
    -0.0044179697382552285,
    0.1001167921253109,
    -0.06702927688102812,
    -0.19675994661523746,
    0.04633892779910783,
    0.06848405044163733,
    0.032001584149925474,
    -0.006477568123092525,
    0.14038412804166844,
    0.07175429726619172,
    -0.04577009186430845,
    0.20348524462392367,
    -0.04824933733566607,
    0.1580882743954131,
    0.07985067374059626,
    0.17313096592033472,
    -0.08519898562255374,
    0.0018812775089716745,
    -0.02636155390305542,
    -0.23275535066181038,
    0.08886605813586772,
    0.024699734279292222,
    -0.1842124294882882,
    0.07544775187122153,
    -0.22890048650136494,
    0.06061939826195771,
    -0.03722856089795508,
    -0.29071510724027677,
    -0.14428146376379955,
    0.10208640808152185,
    0.062379447454329176,
    0.03699575210103657,
    0.018358877700831666,
    0.09723669429979753,
    0.11110148820774789,
    -0.0013872297052860486,
    -0.05223559130432796,
    -0.07508393165959706,
    0.013321841078516042,
    -0.13166259714412085,
    -0.030612297378363153,
    -0.10915813687603877,
    0.11478215396642857,
    0.04595844859481085,
    0.04951920440035856,
    -0.06088869016968845,
    -0.04648995007784362,
    -0.008981897189640577,
    -0.03879292531990891,
    -0.08582861291599135,
    -0.012433120742459884,
    0.2929210783538896,
    -0.005708151079964797,
    -0.1679336508707162,
    0.10305909046064407,
    0.02210986050033293,
    0.11024353797081238,
    -0.0938614916098563,
    -0.02235099629812875,
    0.009295572611668877,
    -0.05145918551431162,
    -0.06526446346951079,
    0.0235941486048497,
    0.030590122855933002,
    0.024766699713671316,
    5.8898261496020954E-05,
    -0.08199704622060494,
    -0.011996579908794429,
    -0.05917536862420977,
    0.03750656628230561,
    0.004786524641237758,
    0.001728432977992314,
    0.0021607010930401738,
    -0.10487664175873918,
    0.15461556954875597,
    -0.018580680649075497,
    -0.045870941007163546,
    0.14872356312877372,
    0.1395877385918263,
    -0.08218339514633911,
    -0.04650403346200432,
    0.007229308307180559,
    -0.1262582112587043,
    0.05217859321227143,
    -0.018507768882435358,
    0.04946943271298497,
    0.03022724088476349,
    -0.001252282280368791,
    -0.06272602304712886,
