{
  "indicatorWeights": [
    0.9522503831216798,
    0.9151418796035873,
    0.6736298290298612,
    0.6871052091989172,
    0.9293282911647167,
    0.9327504346514456,
    0.9951293374175131,
    0.9533456330360681,
    0.5849038956689246,
    0.9781355569385246,
    0.7208044090625314,
    0.7925149861732809,
    0.6671266245469879,
    0.7314552252337896,
    0.9834046729858217,
    0.7259759646463868
  ],
  "trendingMultipliers": [
    0.869667515299952,
    1.1254698586065324,
    1.0442010431496014,
    1.031858264491054,
    0.8736800991269394,
    0.8569976624442134,
    0.852787785453063,
    1.0569674489460832,
    1.0164745580513452,
    1.1893823617047168,
    0.8670886181366559,
    0.8376462747367311,
    0.9105571187616418,
    0.9740638225493317,
    1.163533954023801,
    0.9806966562640537
  ],
  "rangingMultipliers": [
    1.1287069672248207,
    1.1706037344349205,
    0.9639604426044253,
    0.9750684148382563,
    0.8135007800457765,
    1.129125446328916,
    1.069137634691102,
    0.9203765167001449,
    1.0858554458069605,
    0.9154354521997783,
    0.8085080778078411,
    0.9909341143690948,
    1.1756470155766134,
    0.8023534727695031,
    1.0349886018200392,
    0.8176132456527176
  ],
  "timeWeights": [
    1.1907786605675388,
    1.011834870229985,
    0.7334220139579901,
    0.9873181367247577,
    0.9927281736519225,
    1.0064514628443333,
    0.9146374552587602,
    0.7751149115364495,
    0.8519029640517379,
    1.039472999971365,
    1.227329774491106,
    0.8177996894570663,
    0.8475247213625385,
    1.020783872474989,
    1.2979003507434097,
    1.0341654519945096
  ],
  "interactionMatrix": [
    0.08031184500117244,
    0.01591664115067588,
    -0.01791174074290283,
    -0.07606056973535796,
    0.011284787333868663,
    -0.049500893845705066,
    -0.07366735768161807,
    -0.07417028978005313,
    0.07445754624132776,
    0.007787643522393473,
    0.0985492439261493,
    0.08931742851018909,
    -0.027354082407617854,
    0.04998899884075195,
    -0.0275922876213051,
    -0.012058056831988196,
    0.055063153839905635,
    0.09249843119037514,
    0.04263543510389885,
    0.061553138280442336,
    0.013185107853941936,
    -0.06123160286010368,
    -0.09106619848797114,
    0.09251150053275731,
    -0.08328297956184641,
    -0.05690812713582552,
    0.003710066599653561,
    -0.0396984123758563,
    -0.07521830525628369,
    -0.049127741303990335,
    -0.050269626817917294,
    -0.03546403055364198,
    -0.05627620984630169,
    0.09255488736594222,
    -0.03683523608997015,
    0.06561396573658343,
    0.00879067191642866,
    0.031747840182554214,
    -0.0393748022791137,
    0.0967019245271848,
    0.07348556765484762,
    -0.01660074017543709,
    -0.03463524704613024,
    -0.011458934594161585,
    -0.0696123043162965,
    -0.07524449544819452,
    0.0374101387439719,
    -0.09409285647144289,
    -0.06532931065712147,
    0.0859606313879937,
    0.07148055200548598,
    0.019007769113649743,
    0.047501362180938304,
    0.0905431693614187,
    -0.050004036805054435,
    0.050566759727782795,
    0.09953843137120835,
    0.0878589166229693,
    -0.019311070127787502,
    -0.038725527478887516,
    -0.01726964446108421,
    -0.07773128892911037,
    0.05709330437535512,
    0.039106965206991466,
    0.06585125354794555,
    0.08591438024603085,
    0.05332792849652712,
    0.07877617101710246,
    -0.03702294432307312,
    -0.045525406178703466,
    0.08565443905692767,
    -0.04305226504982043,
    -0.038600257919015384,
    -0.020550096265387063,
    0.035940325193368275,
    0.04003933007235059,
    -0.025916073449686453,
    -0.006826920451049868,
    0.028361109576701994,
    -0.09620531097426595,
    0.05108051349213612,
    -0.030952744310865657,
    0.08846990167939184,
    0.018639620003538606,
    -0.07476797863311639,
    -0.006644035595801845,
    0.014925232443883064,
    -0.07256590645150111,
    0.04462668501728742,
    -0.07831476892582366,
    0.04856030346184348,
    -0.00038771254620642017,
    -0.08381491120106031,
    -0.007550631057960722,
    0.06190866058756661,
    -0.010557158335423634,
    -0.011146194180428682,
    0.08026681949708113,
    -0.04439720493195534,
    0.048744025171517436,
    0.07388431604843027,
    -0.0013793246336159639,
    0.0947619167708447,
    0.08155672717181711,
    -0.08031391727018702,
    0.03228038280559755,
    0.07036924009542254,
    0.09798217018452454,
    0.03451272923966793,
    -0.05824677682402671,
    0.004642555973256401,
    -0.007040125001293807,
    0.09445180682423844,
    0.01152084485390128,
    -0.037473178882454654,
    0.02454227615698954,
    0.04716525875406721,
    0.02339456949369303,
    -0.03026545368773872,
    0.025227251516789152,
    -0.03837778577791362,
    0.09910848830180569,
    0.09902095846695612,
    0.016653527109544042,
    -0.05247617441518322,
    0.02581272642186623,
    0.007727948104779303,
    0.07403785651006932,
    0.031237929515173835,
    0.09322386193485468,
    -0.06011469569461321,
    -0.06020637515024803,
    -0.08372647332468296,
    0.03954874155061046,
    -0.08749061073983017,
    -0.07677485920518695,
    -0.07429000319293515,
    0.09894719486358715,
    0.033431853668500724,
    -0.0735076854727204,
    0.08313702216450275,
    0.015127249159808655,
    0.09047539502120275,
    0.06800656259782212,
    -0.033640483550414914,
    -0.014104832083639619,
    -0.021516801858092016,
    -0.03842475025287606,
    -0.09011718593840581,
    -0.07622297580535553,
    0.048985122307255186,
    0.07926331497791805,
    0.023691119779048343,
    -0.096100097854874,
    0.0951527655616738,
    -0.012630193261328327,
    0.023984097536308147,
    0.00726216933040198,
    0.06253786239166707,
    0.07766784640521303,
    -0.017155067880244346,
    0.03413555259636419,
    0.04448191417409935,
    -0.07004848582671157,
    0.07503659922135181,
    -0.03478264401093805,
    -0.039617703721052805,
    -0.030434667744557144,
    -0.034964417108944226,
    0.04215707786641285,
    -0.05523023545398198,
    -0.06878704555623526,
    -0.030773594168112386,
    -0.034832097083637395,
    -0.06746194525201346,
    0.03151498181338604,
    -0.057061742783581476,
    -0.003887168211135661,
    -0.015014178876378926,
    0.0935111996900797,
    -0.09066096154547905,
    -0.06084250260529927,
    0.030878132914279433,
    0.07367691722287305,
    0.0548404612238729,
    -0.034908409994953885,
    -0.039983812771847906,
    -0.017748866984292924,
    0.06432471259280184,
    0.037520578777271774,
    -0.04893873419733337,
    -0.07792247383950146,
    0.09771982589165502,
    0.04152384888239154,
    -0.06803824437325316,
    -0.05701878768632027,
    -0.02839489956741701,
    0.07093495598642689,
    0.0027838759979051278,
    -0.011182734207298829,
    0.08769594708134464,
    0.05962953464828873,
    0.017582853753271045,
    0.09480434223508005,
    -0.028703572042067572,
    0.09801860816275397,
    -0.05536683289336855,
    0.08608312964206022,
    -0.05225584720481913,
    -0.09015517780769472,
    0.05815826558123349,
    -0.06769113887377061,
    0.03312794544374975,
    0.019216713260991527,
    0.0968815565851249,
    -0.03938027568024341,
    0.09037004286201662,
    -0.07347522770586479,
    -0.036123889962683856,
    0.09526446006489991,
    0.08648568135389288,
    -0.06329912080943267,
    0.0937258762407439,
    0.01357638020227079,
    -0.09513589648112103,
    0.08730392830043648,
    -0.040713765276395454,
    -0.013061416951944627,
    0.07118768529757664,
    0.047466550031698446,
    -0.09770349536959218,
    0.07169423347479345,
    0.06869976683122574,
    -0.00536186201414135,
