{
  "indicatorWeights": [
    0.7135005374399523,
    0.36329250899100074,
    0.723733098991746,
    0.8065042716252092,
    1.0509176904413202,
    0.7876412788998676,
    0.7629798405993061,
    0.5343016153422705,
    0.8735975291189694,
    1.0246326790525586,
    0.4908393491514942,
    0.7247304928385127,
    0.6664720520827999,
    1.1497975130867604,
    1.088815073924425,
    0.7239792206616065
  ],
  "trendingMultipliers": [
    1.0190042859878201,
    0.9213022145292661,
    0.7574946442727051,
    1.0995146982210642,
    1.0286446953022064,
    0.9643286214836346,
    1.2111424402221778,
    0.8190317207959554,
    1.3664560070320613,
    1.1204536781535865,
    1.0918411265461816,
    0.9229387216333002,
    1.1323572247152602,
    0.8092673666014799,
    0.9956738661157067,
    1.1512160888420304
  ],
  "rangingMultipliers": [
    0.8876026916458482,
    0.830816798911259,
    0.9308621848188221,
    1.2641683762262745,
    1.2057922701774895,
    1.1084593409111807,
    1.27118292296989,
    0.850459666766697,
    1.0912470467474524,
    0.7902744380319534,
    0.9786692821779474,
    1.0531322446126898,
    1.1215072452192807,
    0.9991472697218399,
    0.900601139018458,
    1.1206451926574306
  ],
  "timeWeights": [
    1.099113690649484,
    0.6315317914384233,
    0.7203994402024153,
    1.053242674948613,
    1.1096863568483457,
    1.1741033673711418,
    1.0133193314910045,
    1.1071630909188948,
    0.33955288181374366,
    0.7197417519975061,
    1.0660565858101338,
    0.7257854032896454,
    1.0973556154293975,
    1.203985108821837,
    1.096598506868184,
    0.7680784126757922
  ],
  "interactionMatrix": [
    -0.12876983047732338,
    -0.11791641565949107,
    0.06573335311181139,
    -0.07803213152278916,
    -0.07611231323743291,
    0.06321381127003507,
    0.1390599529660489,
    -0.1363990875084207,
    0.08629352098797147,
    -0.07346300993576457,
    0.09052793177621918,
    0.007436006565980594,
    -0.017109777250417638,
    -0.022049646061339814,
    0.005368146266121095,
    0.08269263339078425,
    -0.053306631448029204,
    -0.10080905970131557,
    -0.09664913264610595,
    0.05734478831153469,
    0.05325296609986613,
    -0.15123325514914346,
    -0.0014383910150663412,
    0.06729909978948147,
    -0.10852422436442966,
    -0.14781641035267726,
    -0.08940657449312507,
    -0.0140015958995959,
    -0.1239977138073708,
    -0.004979631192859947,
    0.0006909172799806421,
    -0.0026889172635933666,
    0.1338139892143045,
    -0.06105399608236015,
    -0.10974995863790268,
    -0.0062659702992129175,
    -0.14677611782807287,
    -0.09495167830727526,
    -0.15311310297879663,
    0.040966665491752416,
    -0.028713922602716706,
    0.02088978325206918,
    -0.13729684886611615,
    -0.12251397175121868,
    -0.026580190043434464,
    0.159578198412023,
    -0.10748721060222233,
    -0.10147795774521878,
    0.033728994180283925,
    -0.14280205487264908,
    -0.1649899187214807,
    -0.019293647727267993,
    -0.004286850741965789,
    0.005793937219694623,
    -0.08512205592084743,
    -0.14676963938310456,
    -0.10433458145939106,
    0.11676942003054344,
    -0.031025363751352765,
    0.17011377069945446,
    -0.016889017956640377,
    0.030265453679419303,
    0.16776857292782466,
    0.006421770361037657,
    0.12152144140009173,
    -0.02327152786627397,
    -0.012770667862561806,
    -0.19320650606613068,
    -0.1046867618125301,
    0.06071018836880866,
    -0.034466181963949204,
    -0.07076165088819997,
    -0.08890104142849854,
    -0.0021818042073306083,
    0.15613172652048485,
    -0.002568840931838224,
    0.13007111980551764,
    -0.1216223385672594,
    0.04383827883445583,
    -0.0818380145224574,
    -0.002025722863626244,
    0.05268968532516999,
    -0.043753989233699386,
    0.09239569441469642,
    0.033598588091085436,
    0.15007839922114047,
    -0.09958266586653206,
    -0.0072290729910159945,
    0.10295696406222873,
    -0.1322164333778686,
    0.012900523182087578,
    0.003585629056453039,
    0.015188180961999937,
    -0.05483303947652042,
    -0.06528630051147766,
    -0.011327054111572116,
    -0.07640392151415343,
    -0.07344017409440134,
    0.045481163644362055,
    -0.08070153200894425,
    -0.03500616635446401,
    -0.04238962353796574,
    0.029239915556322306,
    0.026641980241164147,
    -0.10063608233046999,
    0.23276429040822677,
    -0.03458836161075013,
    0.07482034661227593,
    -0.09311723675674048,
    0.035605656183694066,
    0.06124628824131509,
    -0.10512753007389283,
    0.026435732640443854,
    0.0899741489810737,
    -0.003092956606714206,
    -0.1706130009200087,
    0.12972760047691603,
    0.033768761913756565,
    0.16977266295857996,
    -0.09910345213616815,
    -0.1393732957504495,
    -0.0618576063328882,
    0.019554590741359422,
    0.01598834494464989,
    -0.08780168152402687,
    0.08047611761080595,
    -0.04660521328961135,
    0.04855119452895801,
    -0.036046596093983516,
    0.05868845350356355,
    -0.028186111929527545,
    0.12911239645975378,
    0.025670156085929475,
    -0.07937989895304419,
    -0.02678889384755456,
    0.06584193448192385,
    0.1395129687787197,
    -0.04746874935184252,
    -0.14817241642812878,
    0.08738024925484486,
    0.1425880781162396,
    0.10018915112563204,
    0.06075776099624161,
    0.16483933433027576,
    0.015085249624770048,
    -0.053585873806495044,
    -0.0047048504434432925,
    -0.04896659961019119,
    -0.12492575401955244,
    -0.033879058044942185,
    0.1905440098872102,
    0.09098293285009645,
    0.1608066019104178,
    -0.10549349188874059,
    0.028257294604658548,
    -0.1996275900277867,
    -0.07387063667005848,
    0.03435763883012316,
    0.007117896180303805,
    0.04191343419146433,
    -0.06021332814645737,
    -0.060657657283730376,
    -0.128074539202172,
    0.010160693111440256,
    -0.08485409384863854,
    -0.03960757291398524,
    0.01911853057909099,
    0.012290112399730014,
    -0.19049568224315694,
    -0.06035944511843691,
    0.052501180152876255,
    0.05001082755874575,
    -0.13978114786973886,
    -0.03986563120887969,
    -0.15564896767355907,
    -0.07493222005744088,
    0.1264899519104346,
    -0.04216888459039686,
    -0.10382977169747463,
    -0.028554294878148888,
    -0.12485536349893166,
    0.08613611549209724,
    -0.011287632573156646,
    -0.05510056239846033,
    -0.03876160996814263,
    0.06737399286393617,
    -0.08229096403809268,
    -0.08301551758016436,
    0.1141148142967601,
    0.014906272683029416,
    -0.09859837764232485,
    0.21016981126653178,
    0.03302893176895809,
    -0.03185370155005437,
    -0.0258478100541055,
    0.07598136278793732,
    0.013362912378901963,
    0.14452083850304184,
    -0.10666847006333105,
    -0.040966273014804794,
    0.09239101691929792,
    0.0036882393598252983,
    0.2037195085132244,
    0.08602064633501996,
    0.02794265669570639,
    0.053765081544738615,
    0.05237604959270208,
    0.0036104735086382456,
    0.049718509332262066,
    -0.13388847518542926,
    -0.04620765197461097,
    0.003994532681216183,
    0.1392541942725766,
    0.030647277164052307,
    -0.12819305408120207,
    0.134755657332167,
    0.09544921902865518,
    -0.0760108391034947,
    0.004363545285380271,
    0.015444380487855694,
    0.038085971770059776,
    -0.0004866921979568952,
    0.027285028992779934,
    0.051636469952129366,
    -0.05707585065983403,
    -0.0085195565224955,
    0.0492001485152411,
    0.030370781032950822,
    0.061634726308454436,
    0.057596260608469105,
    0.0679733494032162,
    0.14941730072714593,
    0.08243671623457123,
    -0.07216641529368545,
