{
  "indicatorWeights": [
    0.6745926325614695,
    0.623983077991888,
    0.8593242514232364,
    0.8295268729824428,
    0.5879642479926206,
    0.8095265868097972,
    0.6491645596106608,
    0.961366970085725,
    0.5077652139427931,
    0.5830565942069598,
    0.5490077782288705,
    0.8395654804961888,
    0.5544803019686546,
    0.6455927511254983,
    0.9830824330395835,
    0.6512202852105816
  ],
  "trendingMultipliers": [
    0.8435004120434288,
    0.8663521691639836,
    0.9778200030093893,
    0.9808764427740677,
    1.1082475326936003,
    0.8884868437848757,
    0.8067706832157601,
    0.8480801681799617,
    1.1326974914459975,
    1.1785757700054869,
    0.9636390930222518,
    0.9579193955284495,
    0.8046862091000953,
    1.1012457011097923,
    0.9708795324926323,
    0.8745689026456367
  ],
  "rangingMultipliers": [
    0.9074414955222168,
    0.8128520618323484,
    1.1991338495440869,
    0.8256025337939649,
    1.1227229897700508,
    0.889563051997609,
    1.0218656669172113,
    1.0942953664550703,
    0.8686597342405555,
    1.0400666680807433,
    1.037152579284112,
    0.9674747220624547,
    0.8223763533530702,
    1.1803646564843513,
    0.9089576593103773,
    1.0682885722844344
  ],
  "timeWeights": [
    1.1971206602624131,
    0.7024039829765583,
    0.7334929361144444,
    0.7581882969208965,
    1.2359133377065095,
    0.8084887530927017,
    1.0248608609619105,
    0.817696073091104,
    0.7794495538549489,
    1.1361333465520616,
    1.223420442014317,
    0.7626021362982341,
    1.2479558470068859,
    0.9778661170053474,
    1.2434767493008534,
    1.0166235575811726
  ],
  "interactionMatrix": [
    -0.06684028611072822,
    0.01926215067467727,
    -0.06054771304204359,
    -0.02741678716614058,
    -0.015910867052367862,
    -0.02029159665328204,
    0.058244397909199754,
    -0.007229889197649064,
    -0.0869212014778452,
    0.08688348148971059,
    0.05595294577644497,
    0.08894362551894289,
    -0.0687384701696783,
    -0.0044550943985159465,
    -0.07202699285694303,
    0.05453426168565172,
    0.08161158619120601,
    -0.03886287980836683,
    -0.04294652008033524,
    0.033488577419416445,
    -0.06643137562947161,
    -0.08600364128724243,
    0.051867485360118495,
    -0.027332070439921252,
    -0.05896271470631989,
    0.01989357850473905,
    0.007094984663449245,
    -0.09392790792067213,
    -0.04650312368488146,
    0.07515550326726408,
    -0.05702057803248209,
    0.09211898302749288,
    0.012563162057220656,
    -0.014885088564300798,
    -0.02651714212886598,
    0.026652717360014424,
    -0.017477074291950178,
    -0.07667811179299569,
    0.09076911266148072,
    -0.08123738435933639,
    0.050515016011546,
    -0.08976552600774808,
    0.007703512196045859,
    0.07304479565778868,
    -0.03736145208600823,
    -0.09112386145259224,
    -0.03585818718269789,
    0.07326137705701097,
    -0.08021192762396312,
    0.03765784612489782,
    0.033886862712880154,
    0.06869578448181715,
    0.0015378147030541856,
    0.06777530478924958,
    0.06598079595478148,
    0.08861559883498903,
    -0.0025834748909711936,
    0.08739166146879516,
    -0.048265992875412535,
    -0.05582153373345791,
    -0.04798951588015524,
    0.0032103478297070167,
    0.058381899700985666,
    -0.006021984932396429,
    0.007151256315898369,
    -0.07749367784255415,
    0.09710584558619531,
    0.08648846606695398,
    -0.033175724042449665,
    -0.03735587437882768,
    -0.06646617385343163,
    -0.03985482678452917,
    0.05061704041062381,
    0.007011295433182974,
    0.03575392947732046,
    -0.0777525838105288,
    0.07227735790906535,
    -0.038881956053783445,
    0.04092515777494803,
    0.0033564354928088402,
    -0.05452648470404578,
    0.045981935435761616,
    0.031619899060969625,
    -0.05081573237105144,
    -0.06858982683197434,
    -0.029941861307685103,
    0.03415542485092395,
    0.06048980828218764,
    -0.07496423119528121,
    0.04118700776103881,
    0.09216438761405754,
    0.08235481573143644,
    0.09051419260907201,
    -0.015339911210270785,
    -0.08141334397683485,
    -0.08953241247928981,
    0.08640471201934552,
    -0.09434749998099995,
    -0.061238733311771126,
    -0.019366636456719568,
    -0.027108671345210292,
    -0.004654850489828922,
    -0.0923153985639488,
    -0.07243513111723879,
    0.08053636943733343,
    0.019203847780641305,
    -0.006356871559531841,
    -0.023422207287280863,
    0.006081824777381462,
    0.028640926664910516,
    0.040299934044442744,
    -0.0706761281847285,
    0.08955633057088677,
    -0.03216728525704047,
    0.004267542642469757,
    -0.08649689514945985,
    -0.09966447756772943,
    -0.045371823162232476,
    0.019682756123377422,
    -0.033210859531474624,
    0.07702298455389092,
    0.06938610498372848,
    -0.019355841284932774,
    -0.03712212975465108,
    0.09268044307560706,
    0.030286123336552874,
    0.057264706296427575,
    -0.03141073458312649,
    0.04508019046061787,
    -0.07544145354713622,
    -0.06718341378562469,
    -0.06279533844619607,
    0.004782838169786974,
    -0.005275583396485462,
    0.06133172236564244,
    -0.04801441743418455,
    -0.07716172587701281,
    -0.06315337160891614,
    -0.06573628511225596,
    -0.08327219713281345,
    0.04099945114180921,
    -0.02490355078676676,
    -0.046027514063846066,
    -0.008355546311925722,
    0.057175254179801564,
    0.06597587404700643,
    0.09138366157508877,
    -0.008227243509953741,
    -0.07228144339778649,
    0.037409658304265306,
    0.0249454519971303,
    0.09599597006946291,
    0.06230699246748442,
    -0.01637193402801982,
    0.08088670307059016,
    0.05993412802658069,
    -0.016697230157432432,
    -0.022230386282382164,
    -0.07460427241363095,
    -0.019089310768659187,
    0.07371851034747386,
    -0.0673331973948031,
    0.07237237356365482,
    0.09617679468097935,
    -0.05971361693208965,
    -0.02933931657844593,
    -0.06863377480502278,
    0.08465420662112529,
    -0.016126254227462167,
    0.054576552531037416,
    -0.027528441345787247,
    -0.08394832879834487,
    0.026615562680558646,
    0.007719423461162256,
    0.07212679971897921,
    -0.0936491881027473,
    0.08583747862098932,
    0.005195063335794559,
    0.06416957486928601,
    -0.02559415200382975,
    0.023012922315337872,
    0.004449371228767096,
    0.09804175884597333,
    -0.05265795805472515,
    0.07473405175947992,
    0.021212281984408055,
    0.005257120663445614,
    0.04084059061778418,
    0.07270465788491912,
    0.08119928648994215,
    -0.04807074119631094,
    -0.08127365789966089,
    -0.04126328970967237,
    -0.07100900111494846,
    -0.05740599480884372,
    0.06697829375434398,
    0.09397679702918448,
    0.0350267025867463,
    0.004353300213481371,
    -0.04860579892961452,
    0.03544912150891122,
    -0.07698846533938551,
    0.07831735220572161,
    0.06450145076647683,
    -0.07558047028341473,
    -0.0014696136927331517,
    0.018551432979301754,
    -0.07554329999405084,
    -0.034306915923784834,
    -0.004439097686860016,
    -0.08830173919744964,
    0.026133856958571157,
    0.08358296058001383,
    0.012356479058806415,
    -0.09426467598726498,
    -0.07409037430026315,
    0.06250793143749482,
    0.03905766211226165,
    0.029799153694939264,
    -0.09020530167138222,
    -0.09356774133704182,
    -0.09141701006751093,
    -0.07999630067940713,
    -0.07349667851482931,
    0.08598367015876368,
    -0.028785642496140018,
    -0.05973208114721045,
    0.034326942226425454,
    -0.037219759633873584,
    0.08591692164672077,
    -0.07099015949325548,
    0.005950536054723932,
    0.09683769127879754,
