{
  "indicatorWeights": [
    0.827581128620632,
    0.9540995566843147,
    0.7371817026672274,
    0.9822521897337411,
    0.9843094279971538,
    0.8799624867236191,
    0.946806386161094,
    0.5600965699212654,
    0.6559574865265794,
    0.9340409556770995,
    0.7034942627556564,
    0.8484718768311501,
    0.8775452050947153,
    0.9150407415853139,
    0.7291498817185307,
    0.6505541139558179
  ],
  "trendingMultipliers": [
    0.8686558143689491,
    1.1764591978769434,
    1.0074575504466763,
    1.1032645840648931,
    0.8423573190915841,
    1.0318393570796365,
    0.8687036583167661,
    0.8564322882215726,
    1.1831554189163136,
    0.9769929152846585,
    0.8571369596194325,
    1.0060261409561417,
    0.9290277964138015,
    1.1911063583276038,
    0.9130225176829515,
    0.823853335344595
  ],
  "rangingMultipliers": [
    1.0803278493525097,
    0.9854152123598325,
    1.0475426065395612,
    0.8344470552714722,
    0.8992979035134214,
    0.860305175995405,
    0.8110865762429433,
    0.8568349573130714,
    0.9758923407936767,
    1.0038759835531483,
    0.8399444654901534,
    0.841151609336854,
    0.8440007280941241,
    0.9743692972819179,
    1.0781979596602957,
    0.8932451923462716
  ],
  "timeWeights": [
    0.9235943334106096,
    1.009097313644019,
    1.259366187562554,
    0.956708694178001,
    0.8495713217863001,
    0.7744773349697182,
    0.9804011967779236,
    0.9669367930359252,
    1.1781987794972413,
    0.8400608585454099,
    1.1471246448928683,
    0.8274236131030803,
    1.1738210777184919,
    0.9448739855902715,
    1.0766919496316514,
    1.0135341460896305
  ],
  "interactionMatrix": [
    0.04098445046532047,
    0.08150079768359791,
    0.001598572081270433,
    -0.08205957181992676,
    -0.04526139290116263,
    -0.012877132605746168,
    0.01949741135314247,
    0.03588016869240956,
    0.026642549943347783,
    0.08139851570435311,
    0.05085518231746822,
    0.09026807201887738,
    0.09485457635954675,
    0.09727824992656992,
    -0.004237617532083226,
    -0.005065846521558637,
    -0.0070952858894059116,
    -0.044623362546517865,
    0.0626566093282812,
    -0.09685177981242583,
    -0.007162790106689499,
    0.06850010091530793,
    0.02871625110621763,
    0.07568461449456997,
    -0.0013453939580873931,
    0.020837983390579542,
    -0.08982524687746284,
    -0.09686550805959966,
    0.0020574677081342642,
    0.004065155968317114,
    0.09638301054249623,
    0.044565332850990715,
    -0.009814966102250834,
    -0.08681905995447954,
    0.054206222513582314,
    -0.051736287054138755,
    -0.08872467909449228,
    -0.07513876519078938,
    0.07724939793320668,
    0.06959328830744997,
    -0.03562976782305034,
    -0.05449973712461231,
    0.013349535504421417,
    -0.05773677499416799,
    0.03845337966982257,
    -0.00020759011331845657,
    0.09175025332862063,
    -0.08735901665415387,
    -0.0763339930670878,
    -0.023320665892044956,
    0.06395161504217668,
    0.011700037144103415,
    -0.06847795811777971,
    -1.8394282569555998E-06,
    0.015811052227279767,
    -0.010401598269175617,
    0.024476224408381975,
    0.03362950896296788,
    -0.05681507846993055,
    0.04331845495262879,
    0.08287153642911922,
    0.032773483367395606,
    0.011521106445065944,
    -0.09831379213266589,
    0.04067443126275705,
    -0.07759128147035493,
    -0.07697512112227547,
    0.06001307491494965,
    0.05247811564538312,
    0.03279118375886327,
    -0.08974871134535578,
    -0.04484884200817736,
    0.012042437506209237,
    0.03690674943995405,
    -0.07771701837353667,
    -0.07423921891465877,
    0.0009400734240735398,
    -0.01633676478434596,
    -0.06992298823467172,
    -0.07673102930662475,
    -0.0027158628984290446,
    0.05958734084406499,
    -0.008558977484030538,
    0.05033884390967165,
    0.06525360099598283,
    -0.008308048685963621,
    -0.04609284774985365,
    -0.0594140554886897,
    -0.04437052095486167,
    0.03699059564840677,
    -0.01526607203603252,
    -0.021957774954697685,
    -0.038714260783272426,
    -0.015232965584294057,
    0.08594607151633189,
    0.07593772992512288,
    0.06036543553412608,
    0.061657385858034264,
    -0.04443417613294481,
    0.032948546794328175,
    -0.08012687492806425,
    -0.09797292904933785,
    -0.029058938431149463,
    -0.03217174699212022,
    0.07104661166811602,
    0.08953876511124369,
    0.02242785415873181,
    0.05979558135842429,
    -0.03989357781122645,
    -0.01196964539533143,
    0.021202235615286048,
    0.007888448730975784,
    -0.00013231451901534187,
    -0.003617996013882996,
    -0.029305010806345334,
    -0.017918186342717957,
    0.04025815861426074,
    -0.046110285808743705,
    -0.08092904713111465,
    0.08938358151395115,
    -0.03415667099218061,
    0.05828383297525985,
    0.028602735106869503,
    -0.03169242566273278,
    -0.02544925600538195,
    -0.0025234068094270204,
    -0.07674364852667648,
    0.0005349345454347398,
    0.06604710100900187,
    -0.044859751874885716,
    0.03937091087369293,
    -0.018236308231777888,
    -0.07211974627995586,
    0.08203319808256854,
    -0.09869708441863251,
    0.03911352005796192,
    0.02857897135993075,
    0.09257266062860302,
    0.04267794314779019,
    -0.039771629973108125,
    0.06561664316664946,
    0.012875964794704698,
    -0.09684582857385403,
    -0.06347569696952336,
    -0.066369757670223,
    -0.05227208592849058,
    0.07597778342548056,
    0.09584923078468593,
    -0.03510045804935862,
    0.015493662455033742,
    0.08089038051026028,
    -0.09695168505958494,
    0.013497392140308408,
    0.04367281729005337,
    0.03306229055717833,
    0.0923457436186715,
    -0.04102148142865763,
    0.0371460660649231,
    -0.07590795606899914,
    0.03477337074699623,
    0.008020222282612855,
    -0.0445392420764031,
    0.036591101621973855,
    -0.008695961962638244,
    0.027871898077609217,
    0.004743466810234343,
    -0.014574606613550523,
    -0.04120808000943557,
    -0.01669530837562685,
    0.026205025636967673,
    -0.008091878147506115,
    -0.04199137357529528,
    -0.034230140815022674,
    -0.013048812405052158,
    -0.04002499923025726,
    -0.019520850670694624,
    -0.058014892577206045,
    -0.07070195492607378,
    -0.008712467225263953,
    -0.07784222771360008,
    0.04538419568045831,
    -0.03925564596913414,
    0.09589026823595276,
    -0.05121641493577647,
    0.06688834464806795,
    0.04671033191858916,
    0.08059871614429033,
    0.0773035173701695,
    -0.03270142779956682,
    0.039638956211352785,
    0.07227113063238458,
    0.09270907107789768,
    0.03166040937718153,
    -0.08172430888857934,
    0.060262030984895576,
    -0.07496894061718562,
    0.07075297859344558,
    -0.06376563669780509,
    0.08582649724141139,
    -0.09224368056128587,
    0.011792794786035144,
    -0.09084953398034182,
    -0.08931171719215947,
    -0.07085266883346523,
    0.09208247132300072,
    -0.06863836084425483,
    -0.0982585908971218,
    -0.015048385041264357,
    0.06068616229919526,
    -0.04535306031938276,
    0.08090712941168053,
    0.019305465579983406,
    0.08899045104952863,
    0.002283834834458154,
    -0.0074286849202741985,
    -0.05533209763732294,
    0.003574022664314902,
    -0.03825426905622047,
    0.06131499800120859,
    0.05989791291511662,
    -0.05937755961008484,
    -0.05113479551640987,
    0.09501169457096846,
    -0.015071419469841786,
    0.0017723380239419884,
    -0.014593376841403383,
    0.08648420824872667,
    0.013494925312854324,
    0.07183193497289,
    0.03073448841012645,
    0.059149235874352196,
    -0.05688748931232113,
    0.06494647729988716,
