{
  "indicatorWeights": [
    0.8869640002715851,
    0.3254030768777429,
    0.7288753526066574,
    0.706255617872014,
    0.872459105611176,
    0.34857768282602924,
    0.8276211556328293,
    0.8247423822196492,
    0.9855659654999461,
    0.9116636173365932,
    0.62910127869328,
    0.5439901053901641,
    0.3889861421739632,
    0.8051633299491239,
    0.6824908254259835,
    0.7894167889019439
  ],
  "trendingMultipliers": [
    1.183446388965394,
    0.8337256245696966,
    0.6660280046699018,
    0.8239158176507254,
    0.9051518627716588,
    0.8773151802906148,
    1.2991287135821508,
    1.1013844907517647,
    1.2233448301394343,
    1.0959133621558041,
    0.6552172042632135,
    0.9963448567823564,
    0.9322622842622376,
    0.9876033549251724,
    1.0105227443940945,
    1.1288331962121623
  ],
  "rangingMultipliers": [
    1.0039004721004563,
    0.9456132420765294,
    0.6218166015588722,
    0.8279651752224544,
    0.9637832841742947,
    0.9589691264253969,
    1.1541881729323635,
    1.080835350092377,
    0.9295344112500875,
    0.883875807117508,
    1.0658954094452122,
    1.055519710829705,
    1.2478236016931947,
    0.9581944145747777,
    0.9700166932123234,
    0.9885280798849385
  ],
  "timeWeights": [
    0.8227424590496256,
    1.0107875034439657,
    0.6908005905179225,
    0.8004821947011237,
    0.9997831704213614,
    0.8761855575585424,
    0.7756513806421813,
    0.7476466402871516,
    0.6938160745925092,
    0.7449177660182565,
    0.8496212622488708,
    1.2040422839219909,
    0.946159683529982,
    0.9386339535789108,
    0.8303443373613922,
    0.6673493441161723
  ],
  "interactionMatrix": [
    -0.06955500100517822,
    0.052307440528886265,
    -0.061087090360920804,
    0.02304869963024777,
    -0.03081237479171792,
    -0.19360771328937026,
    -0.03260567285279497,
    -0.2071409375241758,
    -0.056748188458599136,
    -0.057638241893896484,
    -0.12799270492642803,
    -0.06395561249276872,
    -0.038057367534470386,
    0.12124524932292596,
    0.16128076469190888,
    0.040146547453861654,
    0.15418645437866463,
    0.010719875175605992,
    -0.17951557220922007,
    -0.03005490277641236,
    -0.11633995522349164,
    -0.09683032321022822,
    -0.11033849358796237,
    -0.028828318694352605,
    -0.06938898809514182,
    -0.1443248202940958,
    -0.1585992492402989,
    -0.11612782606177344,
    -0.1956127742054463,
    -0.11028774151387019,
    -0.1384636034261909,
    -0.14340530792985673,
    -0.08886719964308987,
    -0.278643552702595,
    -0.004501298472804961,
    -0.17350696733943125,
    0.09990196684806313,
    -0.15614601958913585,
    -0.2021466729796235,
    -0.10904424213795619,
    -0.13884404537817532,
    0.03991774209558683,
    0.009555232921840524,
    -0.15408925609763527,
    -0.10571690431332004,
    0.000980405052309407,
    -0.1330432502531123,
    0.027205730848576706,
    -0.10211833498929361,
    0.0802100911912426,
    -0.05525338561146367,
    0.07073727682266022,
    -0.20642801695196852,
    -0.0034758464501874753,
    -0.03399880929805171,
    -0.14201745757781473,
    -0.05145552518390326,
    0.10494470168147078,
    -0.13087383538081623,
    0.059905149612134105,
    -0.17273005764187804,
    -0.09078257604254596,
    0.06898846612137512,
    -0.02373863917436149,
    -0.03806876495651216,
    0.17261576190654843,
    0.035927580718177504,
    -0.02074159785930967,
    0.1048015005231506,
    -0.17249164220354798,
    -0.08231926725449318,
    -0.010683116020038274,
    -0.011442916098344524,
    -0.0254476846261026,
    0.022301489125034914,
    0.001188598035286599,
    -0.10956719466760331,
    -0.06730607585737768,
    0.08229925781466006,
    -0.06124745349060594,
    0.05437407479668022,
    0.027257687776064736,
    -0.06006183703148044,
    0.060434997425394224,
    -0.07864660034580503,
    0.008746315868124079,
    -0.10789661453761225,
    -0.0029176086690051416,
    -0.1358231698915763,
    -0.09420515956749854,
    -0.08528787120913227,
    0.0403012811853692,
    -0.026004297171487382,
    -0.12283257880168941,
    0.027897982474211144,
    -0.034695018846947034,
    -0.09546207916526864,
    0.10446946380631734,
    -0.0012870271613521292,
    -0.24412287450606648,
    -0.11395487536452198,
    -0.0700192372866171,
    -0.13944679082560188,
    0.09230962086253817,
    -0.006114927907327629,
    0.08770023857923216,
    0.03416634707400585,
    -0.04534917999418384,
    -0.05940627442639167,
    0.03272121440493547,
    -0.10371826621604846,
    0.036761571698250714,
    -0.12020404051991154,
    -0.017251717591018782,
    -0.0328753322291242,
    0.06737897053803674,
    -0.10033047224369253,
    -0.08992662839655033,
    -0.062116494540556955,
    -0.09628858513543798,
    -0.07099756548295871,
    0.00018803895824988023,
    0.09184383453384445,
    -0.06880557780578761,
    -0.09737118400010455,
    -0.02001487346646744,
    0.042161320543506894,
    0.08709160329945842,
    0.008465321339879477,
    0.132534732589248,
    -0.11775187805149488,
    -0.058368799849792055,
    0.02513113305569473,
    -0.0033938917882749206,
    -0.06997585475752999,
    0.0473345232507958,
    0.06599021054113267,
    -0.04943127086774031,
    -0.10359255416496614,
    -0.02411461818512104,
    0.02524948608472157,
    0.18495851321879775,
    -0.12436225318550825,
    0.025014955986125197,
    0.0042271865798162375,
    0.07699549752306957,
    0.06360490603652423,
    0.03486171541283917,
    -0.04835938100553251,
    -0.04720640269276824,
    -0.23127296308586504,
    -0.05115790258349243,
    0.07461715837046604,
    0.06137811272198071,
    -0.2031762709713767,
    0.08398418955577196,
    0.0139786504881056,
    0.0009644586501592542,
    -0.18561607174660333,
    0.11313115231215534,
    -0.03917506530969263,
    -0.036338503358780624,
    0.07281014532889561,
    0.031211334745225326,
    0.03155876581790474,
    -0.08424787906740328,
    -0.06283844789734219,
    0.13378744401666415,
    -0.010345114872265183,
    0.03853473331329652,
    -0.09238408303020254,
    -0.02410686175683546,
    0.04841835896272111,
    0.1700727612357404,
    -0.09668365751246505,
    0.08515104667863455,
    0.05200042694989689,
    0.025165216957428703,
    0.11220009158990839,
    -0.13386677639377054,
    -0.08773874859641778,
    0.041525569376931463,
    -0.11267052098678826,
    0.0005235987560350402,
    0.07225552174630596,
    0.09550343152414105,
    -0.071238818826726,
    -0.10276895360686437,
    0.0014107174770649142,
    -0.08143337135887185,
    -0.039515281984579216,
    -0.11619825005636855,
    -0.08529956941089435,
    -0.07325963618804068,
    0.05791345500606243,
    -0.01989375107093285,
    -0.026563641926555907,
    0.08478001409334635,
    -0.020533070170483104,
    0.07490247992518685,
    -0.03526288772520562,
    0.1392415773556859,
    0.09149325869910406,
    0.020444890949730895,
    0.0600382529633919,
    -0.010972037230977637,
    -0.17082775526009436,
    -0.03387949185571294,
    0.02234019088735284,
    0.02752600785465066,
    -0.15688499311630294,
    -0.09991307652508552,
    0.02642288938342635,
    -0.023083434617887262,
    0.0025055926043403946,
    0.060683353081779155,
    0.1292521916562781,
    0.060696629373383805,
    -0.004072907786792999,
    -0.19327282285109376,
    -0.10010128758915189,
    0.0894563220938155,
    0.1691474621486356,
    0.0349084409936246,
    -0.018435306739398624,
    -0.0010530774415144564,
    -0.16446331541984502,
    0.10773548299544118,
    -0.05475949915977304,
    0.19309428020369343,
    0.052913601888703796,
    0.019815720976515204,
    -0.025902737611873797,
