{
  "indicatorWeights": [
    0.8201864109216777,
    0.8611975202575213,
    0.9272995450709403,
    0.7552796349698818,
    0.7944133826190354,
    0.7707582342360623,
    0.8222051492806439,
    0.9147880246691661,
    0.5023043563761895,
    0.8523627101717982,
    0.710164662789915,
    0.7829230022870478,
    0.7310901043406587,
    0.9953358098192117,
    0.5904316532481368,
    0.9780724866686277
  ],
  "trendingMultipliers": [
    1.1391952525788118,
    1.0218138315836045,
    1.030078198872677,
    0.8230529150895017,
    0.875681498874727,
    0.9785926434532534,
    0.8763600534986998,
    0.864712901850019,
    1.0133028590619177,
    1.1584257663551825,
    1.1449760752886342,
    1.0730955546371956,
    1.1192480037824644,
    0.8896623164078532,
    1.0791300935685046,
    1.0411487940225033
  ],
  "rangingMultipliers": [
    0.9443531688080087,
    1.1687305665515197,
    1.0056089390189393,
    0.9821575531300303,
    0.8192350001872308,
    1.140452073314015,
    1.1632691857096806,
    1.0573077437132832,
    0.8593183345544367,
    0.9573070965161787,
    0.9897801063215919,
    1.0343358977367827,
    0.9841128242534231,
    1.083272177733641,
    1.105739765652269,
    0.9817488317960105
  ],
  "timeWeights": [
    0.891966862250778,
    0.7501629003203955,
    0.7236145377466467,
    1.1968827466975736,
    0.9057429339601515,
    0.7635593767396802,
    0.8332684858276047,
    0.9695977447531894,
    0.8845369228310176,
    0.852890274647278,
    0.8470210737901355,
    0.7879542110872121,
    1.1464244245406914,
    0.8988677514788066,
    1.2851397569351022,
    1.015047443080674
  ],
  "interactionMatrix": [
    -0.07371950037663962,
    -0.06201530434844471,
    -0.006598149699469924,
    -0.04812215786688312,
    0.09044047565697584,
    0.012005465064587507,
    0.04818613279781241,
    -0.0682325871457096,
    0.033551899157691766,
    -0.06258927117629863,
    -0.015495273138266997,
    0.05867788339993432,
    0.007069042265466785,
    -0.08262249886201883,
    0.09235636559495108,
    0.05402589092117023,
    -0.04798570022944951,
    -0.03507501441998708,
    0.07099763251735838,
    0.03418632019472958,
    -0.016364786767839146,
    0.04283505671514141,
    -0.07705334314777633,
    0.010434465386363723,
    0.08502849770454318,
    0.02221896387317475,
    -0.06460089871309256,
    0.09174457423176406,
    -0.04315544304225723,
    0.03494419822908159,
    0.04648036626310257,
    -0.030431027773052156,
    0.05958049275854971,
    -0.09374826727531145,
    0.09313167791278205,
    -0.08597403192447702,
    0.04487153479811839,
    -0.06082929341957404,
    -0.07743020858133716,
    0.029240410482020664,
    -0.08746414977474348,
    -0.030871785242129746,
    -0.07805443910400585,
    -0.03403126546882009,
    0.010230843628881893,
    0.0485943173966942,
    0.00977467108786685,
    -0.015052275100017765,
    -0.08325897937643296,
    -0.08839017058141985,
    0.026141546229757773,
    -0.07738556230385324,
    0.022879171032355705,
    0.024299727808490015,
    0.011034195410284654,
    -0.03419083740764841,
    0.03018846327452618,
    -0.061651374755472915,
    -0.004234380907938484,
    0.09036354475774605,
    -0.019275370777976475,
    -0.06298658876620931,
    -0.011566130127605724,
    0.07688950237531407,
    -0.0937011911682234,
    -0.08847075327978843,
    0.04775190210333174,
    0.054448708606841346,
    -0.0710358773646463,
    -0.006141084464618341,
    -0.06472072773139563,
    -0.0710018658555589,
    -0.02394823347427946,
    0.0395415527706656,
    -0.013123399966117333,
    -0.024244018319694097,
    -0.050663703209986526,
    -0.054691980423689196,
    0.07153976756721857,
    -0.025787899384276437,
    0.010727684334594811,
    -0.06983549949124641,
    -0.042559879082049015,
    0.04387791900153786,
    0.09822325119501828,
    -0.0500748426269551,
    -0.09359807810984987,
    -0.09235327619621864,
    0.09351147510455832,
    0.010485722884968319,
    0.042788218667874106,
    -0.07045352027730505,
    -0.053363330536225155,
    -0.07748862985260566,
    -0.030007263198524092,
    -0.06954945435798525,
    0.07425771439299036,
    -0.0368907144553726,
    0.006896429292580386,
    -0.08947993348178132,
    -0.05066025694902346,
    -0.09887136299781384,
    0.028130960540860173,
    0.007285937087039041,
    0.013526101104006783,
    0.010620500968530112,
    0.08793003083990557,
    0.008909216715959456,
    0.06404003253305882,
    0.05319566432281922,
    0.04828885347065486,
    0.09188050964799106,
    0.03109801538089696,
    0.009744835074955271,
    -0.0834944719403316,
    -0.03024524190264202,
    0.05487950720728712,
    -0.01984888497161932,
    0.04550433448235645,
    0.0013406487846351124,
    0.023751987982524383,
    0.03931431208882024,
    0.0786060815450302,
    -0.05175935565359764,
    -0.048511619925746735,
    0.029487468867394197,
    0.03863958096904807,
    0.049140631882045205,
    0.08052813830372448,
    -0.07836114993180852,
    0.04412360348767861,
    -0.09851683627984892,
    -0.0728662279889699,
    -0.09262602721609475,
    -0.056068765067131814,
    -0.014536503637482046,
    0.09399246567343267,
    0.05298289239427088,
    0.0680399967076577,
    0.08194057350414806,
    0.0758935555723306,
    -0.09302865730182819,
    0.03154126589387179,
    0.07258745703939358,
    -0.031124967740349764,
    -0.01738842649172283,
    0.05551696470872536,
    -0.045944030795415675,
    -0.08569980594652347,
    0.02836448574584043,
    0.02954800172455907,
    -0.07896572598036962,
    -0.031133645689540468,
    -0.06423393547732861,
    -0.05248114022639168,
    0.04601993994679443,
    0.09348222982016972,
    0.06238585446541252,
    0.06778006449781686,
    0.054527081862243004,
    0.08411446420963538,
    0.01870403493055004,
    0.08130573489157725,
    0.0004083091960117358,
    0.046499732951512246,
    -0.008875422395189325,
    -0.09558570281861933,
    -0.01804022357083168,
    -0.064424805731771,
    0.06579672324243073,
    -0.01676859778435811,
    -0.07885229285357878,
    -0.006503482474835787,
    0.0011790542489493296,
    0.03884916049963532,
    -0.012074893723385728,
    -0.013244939283802926,
    0.04029102769052491,
    -0.011317132950128218,
    -0.006959527983289027,
    -0.017114620655664825,
    0.04346553538813436,
    0.004384162334988395,
    0.05556351994306108,
    -0.02017445848177384,
    -0.02940604815074828,
    0.07251283249946874,
    -0.09872837434020412,
    -0.015131074865850436,
    0.07204244559641178,
    0.003834430874335948,
    0.06698516649036826,
    0.04402088001296494,
    0.016518600958207477,
    -0.07980780296378931,
    -0.09517610058515091,
    -0.01692406848581258,
    -0.027880408636708667,
    -0.02814963952395786,
    0.0851781885400115,
    -0.0408651034589391,
    -0.0747517555661196,
    -0.019931415603186654,
    0.0887473884389827,
    -0.032094063770594185,
    0.04647498929799916,
    -0.07318751220033307,
    0.052953810782336436,
    0.04602389150383779,
    -0.06045032333628051,
    0.06886135983878053,
    0.0284922839821955,
    -0.0641417281198171,
    -0.0059345165829394865,
    0.06009530165367183,
    0.03962767269492593,
    0.009061252261475495,
    -0.02058135600460702,
    0.08260585430033796,
    0.004967355128431806,
    -0.07714357687469363,
    -0.07955798882960129,
    -0.09553688947067392,
    -0.04526539319184189,
    -0.00566312916927656,
    0.038676071972186456,
    0.0324642268291719,
    0.04565823938954599,
    0.029930345938487247,
    -0.047950741529191654,
    0.08477566023408334,
    -0.09785301845570536,
    0.008933053938851288,
    0.0639034541341608,
