{
  "indicatorWeights": [
    0.9665712656793684,
    0.5954223139397444,
    0.5399689340435934,
    0.7218387935398326,
    0.819484834571373,
    0.6761178708105863,
    0.4449094758817127,
    0.7151362895808834,
    0.9313915057229658,
    0.7503928308488447,
    0.5804468093503391,
    0.69902889980906,
    0.8657200037132189,
    0.7202149034599425,
    0.9336571872375384,
    1.0025237426792368
  ],
  "trendingMultipliers": [
    1.0076863472155593,
    0.8470233139841312,
    0.9024733086475367,
    1.0324242123185154,
    1.2021518170607872,
    1.0835088999534543,
    0.8609610782851962,
    0.8767512124148338,
    1.126225378614106,
    0.8636704856338393,
    1.106991410187144,
    0.9961729440853648,
    0.7870339389066521,
    1.0810077716813562,
    0.9539454205847878,
    0.8776063881646826
  ],
  "rangingMultipliers": [
    1.0525539572453242,
    0.5980671015183687,
    0.7873660618970941,
    1.0106562166565232,
    1.0582310490652607,
    0.7751419329990549,
    0.9655503527852263,
    0.9390057088352226,
    1.164931087541348,
    0.7564002469631484,
    0.9975637140466355,
    0.8009256164893508,
    0.9298179072474735,
    1.0075503902718412,
    0.8944734897133004,
    1.2360673619289073
  ],
  "timeWeights": [
    0.9046712302252609,
    1.0100878314886998,
    0.8944118648893147,
    1.1719589456634367,
    1.0271519832921636,
    0.6960300320731279,
    0.7073649649785829,
    0.8733125761445955,
    0.5499713085002869,
    0.8379187261227601,
    1.1993448639529776,
    1.1248686386683806,
    1.1391846626048174,
    0.7389930391476939,
    1.3535124721777898,
    0.6988536156608786
  ],
  "interactionMatrix": [
    0.03699293085435634,
    0.062378871488307494,
    0.16302751696680343,
    0.0062547124307075624,
    -0.016697087898664732,
    -0.11058515713183714,
    0.16260026817306134,
    0.11875937629395102,
    -0.117567545844722,
    -0.1196941367109246,
    0.1041232199148562,
    0.021231114907562895,
    0.07340879747947104,
    -0.16349997139496678,
    0.07317279102025648,
    -0.09238698185487199,
    -0.08830089404607956,
    -0.034904842447025144,
    0.011897189072405674,
    -0.08873287505877035,
    -0.06363832262776511,
    0.0379202068479365,
    -0.11082666163247187,
    -0.03165748259619279,
    -0.14922017559994585,
    -0.09637889221767272,
    -0.1768685619887677,
    -0.009080541826715539,
    0.023501497464429373,
    0.058471347101898476,
    0.001232776771700854,
    -0.19680258877764967,
    0.07189316859248329,
    -0.0111313748081108,
    0.010514664545040532,
    0.08388520879216997,
    -0.25996206837116326,
    -0.05264362012382079,
    -0.07770307687278033,
    0.13386737559598186,
    0.010018786054362917,
    -0.12995236401558727,
    -0.026280984394919615,
    -0.12519130320496052,
    0.03493005124635447,
    -0.08924789210307882,
    -0.070210626512615,
    -0.02016401116575114,
    0.01624284909099741,
    -0.09852138844864376,
    -0.08888412171398768,
    0.10127105269759777,
    -0.12451412328883969,
    -0.06855331394267167,
    -0.10499258639655283,
    0.013304199192076836,
    -0.0414507526142833,
    -0.07718208350329764,
    -0.011167840977666467,
    -0.17402726886386313,
    0.10085683117438297,
    0.0752761553779704,
    -0.05136381465159324,
    -0.05774589174452128,
    -0.07993941053265452,
    -0.33808833769941776,
    -0.002156663421674364,
    0.0013355904837626508,
    0.04143774101422855,
    0.10430373064292965,
    0.03774306647233912,
    0.003466336858109917,
    -0.06247003718232621,
    0.12290502007215719,
    -0.1553191652424808,
    -0.08257740419514306,
    -0.0708397945965007,
    -0.03731127379542616,
    -0.08177409676924323,
    0.029342458825294012,
    0.01935077186017282,
    0.03949939695270486,
    -0.05025580970631137,
    -0.12440132600768616,
    0.06959170097135312,
    0.1379594080403399,
    0.001171061003467068,
    -0.0836201282493331,
    -0.2810634117714043,
    -0.08093610135657373,
    -0.053974887815636016,
    -0.11504356486092829,
    0.007630041388796534,
    -0.049665454981718565,
    -0.02641721808986498,
    -0.13963776613468415,
    0.039205576346798096,
    -0.046396381478713306,
    -0.09708525424780973,
    -0.07811164864058207,
    -0.011592316504800752,
    0.24002524435734646,
    -0.050312792824224316,
    0.006005683311675648,
    0.0037102643877913177,
    -0.017244536858381985,
    0.13696511948458404,
    -0.0285481056683487,
    -0.09105758088555353,
    0.03645449111081192,
    -0.1736477457219094,
    0.09435738569333693,
    0.0204789339749284,
    0.013880283517357452,
    0.028876241658213,
    -0.17835530770403762,
    -0.08534956034149255,
    0.19642754906794951,
    -0.06441041283837683,
    -0.008059074046662994,
    -0.12597031615286453,
    -0.07616127352557357,
    -0.08454592649065072,
    -0.08966829808138399,
    0.14675522488424317,
    -0.17651389471741635,
    0.0020417900380952925,
    -0.07438954191796873,
    -0.03232028966775692,
    -0.0027779172419040293,
    -0.052293761426473,
    -0.13968779411246662,
    0.07664911912478606,
    -0.14326517984236858,
    -0.006657603989502527,
    -0.016838668287316942,
    -0.08065276706317553,
    0.07566784883933701,
    -0.03559398110513448,
    0.027540935676435542,
    0.07100041640134838,
    -0.018552628782909933,
    -0.06757848450438178,
    0.032503542805130674,
    -0.048419726945812265,
    0.022347600878498783,
    0.043838386284283576,
    0.005113594690814557,
    -0.003901232075018482,
    0.011298759871936969,
    -0.06859457079865998,
    -0.08888293937964489,
    0.01721774464052707,
    0.11664530631649653,
    0.09340324077772506,
    0.1124141148441311,
    -0.03362973219166894,
    -0.033109019721129285,
    0.06023846223267129,
    0.0542377041559321,
    0.07608578928494351,
    -0.018763388348617488,
    0.08475323817901068,
    -0.004192645384041335,
    -0.02283432186868456,
    -0.04984252797039072,
    -0.10680242695431717,
    0.12125978637744365,
    0.014496247004371344,
    -0.07699986830695801,
    0.070965158976423,
    0.03111148057509374,
    0.027470789431759006,
    0.08788832067197451,
    0.05185700370209023,
    0.05209807629210418,
    0.029018708928353114,
    0.06052470727045014,
    -0.060283740062146415,
    0.06583239486649765,
    -0.02502471115987962,
    -0.08002827669856095,
    -0.03498596446858178,
    0.03141349349163586,
    -0.014390724423137782,
    -0.006202941502544544,
    -0.018330302953760473,
    -0.058229839077446714,
    -0.0075819658346631125,
    0.05510891128955499,
    0.10960508285430964,
    0.07662463009319079,
    -0.0781172006433814,
    0.039403095679969885,
    0.04060667897152205,
    -0.004984972403980742,
    0.00607251761786699,
    -0.0021848530527454613,
    0.07654567191896766,
    -0.011687922444120025,
    0.06681122626458533,
    0.0493771677089903,
    0.00822396186373582,
    0.030531212522497242,
    -0.061142326426323314,
    -0.12505253439747616,
    -0.05376888460824612,
    0.05733899773419274,
    0.001585024908247655,
    0.06668169498044432,
    0.007134670904322751,
    0.16123060704996384,
    -0.08263043604516113,
    -0.1287533783754319,
    -0.27547301154728066,
    0.07717307840808725,
    -0.02145997788548768,
    -0.1394540818141615,
    -0.025578444041324623,
    -0.04535199316907432,
    -0.061305655540160535,
    0.061508139146278624,
    -0.001178025275384291,
    -0.15670167928526188,
    0.03654283121021426,
    -0.08055457356271976,
    -0.07544647220844591,
    0.16165575689304063,
    -0.00745166962222623,
    -0.07908120110731323,
    -0.05944697996125468,
    -0.08657054497514548,
    0.07356443305252322,
