{
  "indicatorWeights": [
    0.8037014166633845,
    0.7845106194795182,
    0.5332911626282604,
    0.5308559088893843,
    0.9275410164427407,
    0.9769019755381194,
    0.9262531015167801,
    0.5683145036758209,
    0.9581836800572576,
    0.9144837497065239,
    0.8740689175756948,
    0.5632196203339648,
    0.868235827619815,
    0.6586451785617999,
    0.8088496104188617,
    0.6410820830907216
  ],
  "trendingMultipliers": [
    1.18761254741298,
    0.880979410006509,
    0.8102540298815306,
    1.1178123716193973,
    1.0409446193173777,
    1.0680360760301544,
    0.8645588681706765,
    0.8710772308350416,
    1.100173963707946,
    0.9303564374039505,
    1.100496059321951,
    0.9715880035927086,
    1.163237963742572,
    0.8390359739312232,
    0.8190257546262137,
    0.8133831693839808
  ],
  "rangingMultipliers": [
    0.967796004690894,
    0.949782698367356,
    0.8765009365144967,
    1.0275347027291455,
    0.9860744188318925,
    1.0770976327052264,
    0.9825461173314711,
    0.9376668757582999,
    1.1678152988122308,
    0.8076247863488883,
    1.021019436764314,
    1.1082000406448687,
    1.196601224608648,
    0.9217137333070429,
    1.0628708090901837,
    1.182310426138674
  ],
  "timeWeights": [
    1.0043953351734092,
    0.7072943879567857,
    0.862696542862919,
    0.7678745493853414,
    0.9050722581024524,
    1.2571763935147398,
    0.7501561509774911,
    0.9930938439465014,
    0.9209091794543667,
    0.8954883915998129,
    0.9652742772350584,
    0.9034131770437074,
    1.0284943869536796,
    0.9712145651460755,
    0.8108057740013875,
    1.0617020311814644
  ],
  "interactionMatrix": [
    -0.01267326128325319,
    0.06856230875366891,
    -0.026501255688613303,
    0.08259778122276099,
    0.011172125944983803,
    -0.06174971934710647,
    -0.043705778455176314,
    0.016329119308854525,
    0.018453346755320933,
    -0.0953964147079533,
    0.06769234715477683,
    -0.03876848474248906,
    -0.06833138811442663,
    -0.03417152139796904,
    0.08498930394625291,
    0.09265098631220883,
    -0.06633499552291251,
    -0.004841109441289727,
    -0.029840344853797208,
    -0.08570605076476911,
    -0.03154545283763528,
    0.048497044166086405,
    0.01657502350868194,
    0.008781398725355572,
    -0.020571069000818155,
    -0.042099231108616825,
    -0.03483685988905603,
    0.02333835274977312,
    -0.0027779829144663594,
    0.06144786301587155,
    0.03177659358794018,
    -0.08080365629500466,
    -0.05750146286170928,
    0.05329291900978977,
    0.021499875355361887,
    -0.012526070724078365,
    -0.05675686797997712,
    -0.06434915648186071,
    -0.06245687584141906,
    0.0193056739663279,
    -0.06827355048135535,
    -0.009123034564631682,
    0.09835116527406687,
    -0.056186306146579136,
    0.06701113523742826,
    0.03628101119606808,
    -0.037024096224801184,
    0.05082480781557595,
    -0.0007854107224738006,
    -0.0816565018662324,
    0.09280957883447855,
    -0.07765383214096372,
    0.08503356477014201,
    -0.06776290300374536,
    0.00424929104999443,
    -0.030289863307635192,
    -0.05146849605442323,
    -0.023958148291491566,
    -0.004190763579926116,
    0.056159821659173596,
    -0.06071907519204034,
    0.06210266842990795,
    -0.07918125184339714,
    -0.002440080298638825,
    -0.05577353915530741,
    0.06779856615300058,
    -0.07789912598752924,
    0.007865341213159382,
    -0.060377235445541744,
    0.08609297182550157,
    0.005982643312370728,
    -0.07360766667035963,
    -0.011587850482133732,
    0.024868805632588798,
    0.006896109383947202,
    0.049882050291531393,
    0.0622054014403983,
    0.04957360090818315,
    -0.0727059052610666,
    0.07176208512383275,
    0.03599980344814648,
    -0.07928461676239824,
    -0.044068740980899815,
    -0.05181471716075399,
    0.03322040607404142,
    0.035975522323964726,
    -0.045710512694162576,
    0.04989121950148805,
    0.08266924340981062,
    0.09224961257215634,
    0.01054785344447613,
    0.06944963003378098,
    -0.09403207884209284,
    0.09014748820437608,
    0.06680309707771329,
    0.09437636235910903,
    0.04620809880325838,
    0.006221631382041171,
    0.04872961024206415,
    0.07789841670373271,
    0.01660432953778772,
    -0.0057796758048045856,
    0.08398617324336786,
    0.09945043626649624,
    -0.08135324752359017,
    -0.025545625492864855,
    -0.06260814658377743,
    -0.022537329744032067,
    -0.07582821463744237,
    -0.07269541347632258,
    -0.06736322629002638,
    0.05349576206209197,
    0.012671472629026216,
    -0.09835787655300643,
    0.043682915287661266,
    -0.09044489164959944,
    -0.06782643030256708,
    -0.027975842110117458,
    0.038908634526719665,
    -0.004994108088362559,
    -0.032580957771013046,
    0.017196453405825762,
    0.014956579301848662,
    -0.01276685248306031,
    -0.03660529419421377,
    0.015753404598333853,
    0.027049730939572948,
    0.04344492043964557,
    0.006236346491159339,
    -0.09516939323078628,
    -0.0866249137399598,
    -0.07141787394929396,
    -0.0933403798711166,
    -0.009979121664294889,
    -0.014318679404270451,
    -0.04097321346922176,
    -0.052254323632014966,
    0.049813064233566774,
    -0.04455394150389707,
    -0.03302909334366449,
    -0.07209965274367174,
    -0.0662162522664457,
    -0.0640713811802509,
    -0.06342113800975065,
    0.02323962719046915,
    -0.038910698392556634,
    -0.020307848535017062,
    -0.0688331640141162,
    -0.05375677178761345,
    0.05195459498740265,
    0.08035424150790252,
    0.07908313367411378,
    0.001902117787712232,
    0.06393144001022547,
    0.033315871720392236,
    -0.072687602057345,
    -0.08712646436079947,
    -0.07174503157481815,
    0.011845796901743234,
    -0.04130305209806964,
    0.0783936049802442,
    0.08154494953319968,
    0.0046099146678448165,
    0.027329674475284782,
    0.09365012502086222,
    -0.05972598705490924,
    -0.040633264089874735,
    0.048347084498315665,
    0.016388614443400364,
    -0.06367909371380139,
    -0.07954128241305486,
    -0.04854236945503603,
    -0.07858665111588325,
    0.03854591249294508,
    0.02475595355634426,
    0.08880067335187886,
    -0.048994222084392636,
    -0.08951993343635122,
    -0.006682299392584823,
    0.02804458802495413,
    0.0004431780136659791,
    0.06054958815692697,
    -0.03984808917955438,
    0.021852786631275146,
    0.03878400414888135,
    0.008978398651403818,
    -0.04958195639620984,
    0.0931263061228161,
    0.0012253769158642848,
    -0.0869771710681791,
    -0.05401953134287252,
    0.058267714651103655,
    0.0286564609549705,
    -0.006965944095918131,
    0.04692608740529023,
    0.015769321014091366,
    0.03671612632454981,
    -0.004606420809168377,
    -0.09797704615987485,
    -0.07312547290423572,
    -0.09167397475070889,
    -0.07702241664769123,
    0.07017840367060671,
    -0.014361986725957699,
    -0.05321208628926042,
    -0.043566256003896034,
    -0.016427984874929337,
    -0.08942836265530307,
    -0.0813041287335181,
    -0.09972788220806389,
    0.0018502403077306662,
    -0.09555002780092539,
    0.032710535539301165,
    0.009616507008050014,
    -0.019069597799734318,
    -0.09164906079017837,
    -0.09924989721686604,
    -0.08924893045152296,
    -0.0003698322492328599,
    0.007686398834953168,
    0.06951556856802421,
    -0.0017127498819339726,
    0.004152382582117898,
    -0.037123744491491785,
    0.061032889689874574,
    -0.09647241202780187,
    -0.03558914094468029,
    -0.010247953053144899,
    0.09830155266323062,
    0.07588815403482761,
    0.02717505841285475,
    0.06412969273508755,
    0.08617789285705663,
