{
  "indicatorWeights": [
    0.8619942574227153,
    0.578828161664027,
    0.9601659157286735,
    0.8394724353493788,
    0.527852877735828,
    0.6374068005127385,
    0.5030289348603252,
    0.9233163851922139,
    0.8459177725751383,
    0.9474132945887686,
    0.530060114727962,
    0.8172952514837315,
    0.9943295774528762,
    0.7308898861323561,
    0.988328154615494,
    0.6012369868510578
  ],
  "trendingMultipliers": [
    0.8372673164921515,
    1.0469376434829962,
    0.8506386769762696,
    1.1248870251937322,
    1.0924651757722201,
    0.9148863525210007,
    1.0896620627495741,
    1.1093989663857564,
    1.1056399875417668,
    1.0061437077635877,
    0.8272779738262002,
    0.9637360260013045,
    1.0427204083791288,
    0.8083253729905946,
    1.0723355593404276,
    1.1008987827595647
  ],
  "rangingMultipliers": [
    0.9151299834213167,
    0.9740438344598067,
    0.8987566379317911,
    0.8549498965163518,
    0.9074933385136732,
    1.1899101442768112,
    1.0777923317815958,
    1.1413593838725449,
    1.178161627393115,
    1.1459575971286933,
    1.0279559335129282,
    0.8939449063042497,
    0.9742081511328773,
    0.9686208509384914,
    1.0522199001233075,
    1.1532808707542712
  ],
  "timeWeights": [
    1.0439126047918463,
    0.7249847273400611,
    0.9985453874600734,
    1.2529925452529171,
    1.0871877208619314,
    0.9701791567046651,
    0.7188448125681635,
    1.1879631271360385,
    0.8011955837020354,
    1.1558034243351327,
    0.810784646440229,
    0.8202450370638609,
    0.809072090689293,
    0.785148706130053,
    1.1172238573956585,
    1.2925624320468523
  ],
  "interactionMatrix": [
    -0.008163147510289103,
    -0.08451566813441969,
    0.08190972211198884,
    -0.07980172117838845,
    -0.029266449721078593,
    -0.09190733215512961,
    0.08472104453234289,
    -0.04689323782242452,
    0.06460031256921672,
    0.09988830043264729,
    -0.06017135826572351,
    -0.05813499267993738,
    -0.06826189985617792,
    -0.0025527584758071598,
    0.050602149102957954,
    0.02159338700552145,
    0.02582300648820095,
    -0.02447959973362719,
    0.04162441367900174,
    -0.07134152327452663,
    0.06575855077138303,
    -0.05368378301198826,
    0.09508160061868819,
    0.08981686133656466,
    0.09639269406764249,
    0.020726242258282193,
    -0.022764710817877277,
    0.09036734745814685,
    -0.026608903983195643,
    -0.08042484139964197,
    0.0012814899595414708,
    0.04889334345862184,
    -0.03075007806486976,
    -0.032166862891960336,
    0.006793217009621233,
    -0.07305764813498676,
    -0.05942168802738808,
    -0.040530020113328895,
    -0.07592992797350025,
    0.09561506267054776,
    0.03515799174736816,
    -0.039944705600092334,
    -0.04237149300143553,
    -0.0169783794185558,
    0.049945474027016636,
    -0.024713566392701215,
    0.035826421740237493,
    0.06137997015938617,
    0.003719956165696892,
    -0.0019809110422693843,
    0.03150854164361699,
    -0.06953664672697295,
    0.025449042696681735,
    0.08910642142881585,
    -0.0013185590672674997,
    0.0028822365820184714,
    0.029468009141040155,
    0.04252634854777755,
    -0.043616787930050284,
    0.014261692956680096,
    -0.04546488664648601,
    -0.0905919916822715,
    -0.0824127849334596,
    0.009947179661886364,
    -0.006907499516920224,
    -0.05500435837642592,
    -0.08535335494663875,
    -0.08218087168794325,
    -0.005031202226975728,
    0.01718938964001544,
    -0.010920851171563828,
    -0.06838245448585643,
    -0.07858275221843583,
    0.06480476284480384,
    0.0258641147824896,
    -0.06091045591984541,
    0.0585805900932461,
    -0.0474221369469525,
    -0.07894299692660144,
    -0.057534458888910844,
    0.08343364794802377,
    -0.0549072952992828,
    0.0046894867228145735,
    -0.0438854383503831,
    0.07886741592022717,
    -0.027516546328984884,
    0.0574381897748562,
    -0.08422640334201739,
    -0.010690152933608577,
    0.09997537862815231,
    0.050215561218000596,
    -0.07270410103788534,
    0.03655853879574167,
    -0.04988621809944671,
    -0.010436600489591386,
    0.08604132573345408,
    0.06922348013822242,
    -0.08351557684587313,
    -0.05913482364682463,
    0.025572526941284757,
    -0.008968238505455074,
    0.029077370773555947,
    -0.029921594848420743,
    -0.08489296523399888,
    0.01689268536176063,
    0.0418630266129385,
    0.07516409024501608,
    0.005512274272388252,
    0.0634274709695158,
    -0.030629194497316117,
    0.08957618731404174,
    0.045151853381106055,
    -0.060730560829344096,
    -0.02654481480740083,
    -0.09253398052162512,
    0.018027717982626767,
    0.0697414297541996,
    0.07871183688877076,
    0.08322771119604162,
    0.0707685645947574,
    -0.07264312084401905,
    -0.0825501847148503,
    0.0009270128350735929,
    -0.09389007351840371,
    -0.030402166718730462,
    0.04203042929408858,
    0.09685649551595915,
    0.07441960977501352,
    -0.025562917566361244,
    0.0683744121525961,
    0.07271988322434107,
    0.09589101034571464,
    0.06646148084851593,
    0.00933685418932162,
    -0.08592024989505483,
    0.07105182505512408,
    -0.043796132897175925,
    -0.01228725178599941,
    0.06889735391536016,
    -0.03336855112593351,
    -0.002443221654672212,
    -0.04070746102145084,
    0.002873867883158954,
    -0.008732341276077004,
    0.01737041629335232,
    0.09064828706661687,
    -0.055419695563375275,
    -0.08002271259302161,
    -0.004637949795014107,
    0.08177435124768472,
    0.08997030587626023,
    0.03138664710058536,
    -0.08382075014328266,
    0.01873117837796461,
    -0.060758929398103505,
    -0.08575547180569856,
    0.05752748868913687,
    0.08792208649809347,
    0.042444202721008684,
    -0.015934222941225575,
    -0.024541454671442798,
    -0.0589458752157177,
    0.05382700946165164,
    -0.0774637638675289,
    -0.06689034494651991,
    -0.007455388086653337,
    -0.0750108053414088,
    0.07514195759554299,
    0.043622873735477824,
    0.06822749164534202,
    -0.01968611951291941,
    0.08162284009362025,
    -0.07715230903816604,
    -0.07298332689150137,
    -0.022556701825752735,
    0.07942692404266634,
    -0.06545205945782655,
    0.003757736307076054,
    0.029292384271243678,
    0.07776486894027641,
    0.0186458533264386,
    -0.017577078296019333,
    -0.0040478831299864074,
    -0.049906022612307144,
    -0.08428458347608268,
    0.09983419878881393,
    0.03657051600459669,
    0.02058630457478903,
    -0.03845698218580314,
    -0.016678099570787808,
    -0.03592387433130322,
    -0.04495450954431666,
    0.05992411674326639,
    0.0746646574617877,
    -0.07971751880609612,
    -0.027553700673015793,
    0.06050019254584607,
    -0.00894498840083544,
    -0.08445392192241925,
    0.01747654989575702,
    -0.0827589183163844,
    0.0304163944840965,
    0.009669652510234862,
    -0.017009333895711975,
    -0.07471640210181318,
    0.03571464387053602,
    -0.05936697546139385,
    -0.007576951762202456,
    0.04028734771414049,
    -0.021109677921300876,
    0.06072888017661313,
    -0.06335422031420349,
    0.06342870663281029,
    0.010321494621772342,
    0.047021091834659884,
    0.056040078220641415,
    -0.0747508829358317,
    0.07307926558677023,
    0.026798509149659713,
    -0.010762444333967025,
    -0.03709568510243666,
    0.07961381913836736,
    0.07695757512296016,
    -0.09995646865441643,
    -0.0048964155192326555,
    0.03347747698530475,
    -0.0019842234252686053,
    -0.09040529086221379,
    0.09739754712032585,
    0.0769863939200801,
    -0.07725233670947287,
    0.05926676576104373,
    0.08715334685142251,
