{
  "indicatorWeights": [
    0.5786518223425261,
    0.6063122019899205,
    0.6810767156297532,
    0.5076512908084148,
    0.7029674490782036,
    0.5395253878852981,
    0.8572508015910757,
    0.9184175941964088,
    0.7837635251653798,
    0.6504467822384934,
    0.9440029263103679,
    0.5714773712101624,
    0.8674500907775002,
    0.6907170711783064,
    0.9517873171241613,
    0.915640139764765
  ],
  "trendingMultipliers": [
    0.9059473728418516,
    0.8242899143087121,
    1.0638911242916178,
    1.0198585701587493,
    1.1993886941326009,
    0.9873238282946435,
    1.1270644872205795,
    1.175580273392456,
    0.8036997498845095,
    0.9438167816508691,
    0.9162361376851351,
    1.0974843513061256,
    0.9860045534864845,
    1.1741171846365572,
    1.1518329607917686,
    0.9729022821153434
  ],
  "rangingMultipliers": [
    1.0359956095287517,
    1.1910261102877637,
    1.0339400606300129,
    1.0306590784865288,
    1.1072692410634573,
    1.0485962436905534,
    0.9678015900025833,
    1.1312935131153428,
    0.8001408878408665,
    0.9772183251379617,
    0.8074983960335232,
    0.8557304393081865,
    1.1207176522325013,
    1.0006384656479215,
    1.1748438444502924,
    1.0340953968575706
  ],
  "timeWeights": [
    1.0610927435090007,
    0.7486500345261764,
    0.9580455060528272,
    1.269653291979525,
    0.8651256229012712,
    1.0011946417238144,
    1.084212600139235,
    0.9780569210969903,
    1.0572196818681912,
    1.0591149933911808,
    1.2559935545362753,
    1.0140792515233237,
    0.9416977090632973,
    0.7817461164927908,
    1.1895977762136782,
    1.008104738552944
  ],
  "interactionMatrix": [
    0.0175390348394568,
    -0.055233147982103596,
    0.027570685750355553,
    0.07766303862526153,
    0.04271941656963865,
    0.013505970472439621,
    0.06986776327423937,
    0.08240021023270493,
    -0.09876339407256061,
    0.007639441641216127,
    -0.006465298475717929,
    0.0059552300774505795,
    -0.028209283133830268,
    -0.01421639229813252,
    -0.047700467755545775,
    0.004743706841764572,
    0.053498978056624694,
    -0.004432630495922063,
    0.0651532601427113,
    -0.062398091938589056,
    -0.03821316133647062,
    -0.04843829354325031,
    0.0021405636905641235,
    -0.05137839560847886,
    -0.07264334022724783,
    0.068050987453474,
    -0.04856403303036186,
    0.05163656186640706,
    0.014250241987058643,
    -0.07351130143723132,
    -0.038849756344102815,
    -0.07721299137891324,
    -0.09179171537893344,
    -0.04973409199814225,
    -0.034949166917438726,
    -0.06525948613861464,
    0.005516140306671691,
    -0.02275543842561556,
    -0.057274610634424364,
    -0.08095839793811291,
    0.08494859381145484,
    -0.04019622332094346,
    -0.0980166552128587,
    -0.07902457385162186,
    -0.07388377361238407,
    0.07909139533111165,
    0.017255899143014154,
    0.044367497303129146,
    0.03179458803036106,
    0.04442991339192762,
    -0.09293497963057802,
    -0.007492635535601378,
    -0.008237108932849525,
    -0.0740614134001319,
    0.07090774819185153,
    -0.02693505348036871,
    0.0233608171631714,
    0.06742151557253495,
    0.03239762200728966,
    -0.006177023826108564,
    -0.06348475691052839,
    -0.033728033198988185,
    0.06902972540934434,
    -0.0019640623026633496,
    0.06051604251902618,
    0.04400244420745885,
    0.09588737279128133,
    -0.09166039619005065,
    -0.05247505716540202,
    -0.001711196902508072,
    -0.08090630763485801,
    -0.006764053717423568,
    0.060075641870239886,
    -0.04900624687780748,
    0.0214798435447521,
    -0.061992418384804675,
    -0.013532068442145296,
    0.056209909856644896,
    -0.09933503914022992,
    0.023233258177070115,
    -0.06536859067771264,
    -0.0699939997158511,
    -0.012774519951572506,
    0.035362878389526585,
    0.06621487539502391,
    0.04420464653360388,
    -0.01984068973019515,
    0.03728730869870023,
    0.04014125757548795,
    0.010982090719569126,
    0.05892672804393187,
    -0.014367974280706864,
    0.033029279770038646,
    0.046479499853112775,
    -0.07119485064893123,
    -0.008405387165389744,
    -0.09244339925687467,
    -0.04661238080191435,
    0.037604593994514685,
    0.08722245366660274,
    0.09910458264845295,
    0.011191180804681644,
    -0.08409437844756372,
    0.07880999293882525,
    0.05268204398154397,
    0.012446100831826335,
    0.0564221706465357,
    0.05077291516854481,
    -0.06958378749747872,
    -0.014800725285154437,
    0.041194834844343234,
    0.07550819093832649,
    0.004292393017876784,
    -0.008218060970393416,
    -0.0389063504052793,
    0.05710452057120328,
    0.07561806409463934,
    -0.039286763252857765,
    -0.06433535090944127,
    0.016041061121059807,
    0.0024886798261415377,
    -0.04639399304834331,
    -0.016458045090107554,
    -0.05832870571781288,
    0.058532998222222514,
    0.07186199006670727,
    0.0010328488241544643,
    0.07545036792040585,
    0.02351558403803529,
    0.023601434513157573,
    -0.09736122413175081,
    -0.06968539835763525,
    0.0873009395107899,
    -0.08846825076384993,
    -0.014117461236516849,
    -0.0034158037553841283,
    -0.028641446259098792,
    -0.08739702923554571,
    -0.07151935082661898,
    0.02366102706258011,
    0.02691898769228387,
    0.08980960635245674,
    0.08803198588614305,
    0.05629820051596286,
    -0.03003988379278151,
    0.0742687525701818,
    -0.07051473526639396,
    0.09819424903572455,
    -0.03397721370286562,
    -0.05325037735725027,
    0.08862925668376279,
    -0.04373918139326503,
    -0.09627647800748801,
    -0.0417467101595342,
    0.09705948656564177,
    0.07651246142943154,
    0.04109108339683379,
    0.0315777046031648,
    0.04557592555277619,
    -0.07938610004565223,
    0.002975316037347575,
    -0.06606146859164508,
    0.08669993351529924,
    -0.043352902262775134,
    -0.051658657678452236,
    -0.07561009167895678,
    -0.08288316101271963,
    0.04914669744388272,
    0.007691919005293868,
    0.03882768403025108,
    -0.09897663013785359,
    -0.018059218879394212,
    -0.06438412570333862,
    0.003316133642061603,
    -0.005759014944701435,
    0.03644437574094755,
    -0.0301322028555707,
    0.04732843378807716,
    -0.045496499457688216,
    0.013047754655317956,
    -0.00379128566683713,
    -0.005776880593475609,
    -0.005862038326342667,
    0.05655582914010167,
    0.06408173224756163,
    -0.09085908213406689,
    0.06164372797560791,
    0.030358911645153808,
    -0.0953610093095336,
    0.015846632329572598,
    0.006202809828313516,
    -0.040497905160822814,
    -0.0013663989576117254,
    -0.0918791708795294,
    -0.06743109528287519,
    -0.03708514199509818,
    0.04183569776268617,
    0.03825917296847619,
    0.011628828974024952,
    -0.03168722872249765,
    -0.022734394158121108,
    -0.022172825492960138,
    0.019923476450165192,
    -0.07633578874712305,
    -0.016548435583493837,
    0.018828483035954947,
    -0.04138165322382641,
    0.006261136821464475,
    -0.020309428684183884,
    -0.04609714469156861,
    0.019673588033228363,
    0.07056460020353983,
    0.08306267972580311,
    0.08952964307024365,
    0.09032978179401303,
    -0.014890857338267005,
    0.07307225646877183,
    -0.0482072963642904,
    -0.09109814476968095,
    0.07533534187442192,
    0.0328419302967746,
    0.07500953550525372,
    -0.06747414599426463,
    0.0775684819477805,
    -0.07060131886155559,
    -0.002315298931657428,
    0.08275045542798565,
    0.03925316168946189,
    -0.0609551435130846,
    -0.02462965155773278,
    0.075603849306018,
    -0.062219534519269454,
    0.0027463044113111624,
