{
  "indicatorWeights": [
    0.905760701054781,
    0.9962074885971468,
    0.9726557291923281,
    0.5663293304242845,
    0.6255188949927009,
    0.9816184783095756,
    0.7481214206813913,
    0.8614274829912454,
    0.8301148015414493,
    0.514496998771596,
    0.8673058112272287,
    0.806284783485477,
    0.8137204009620611,
    0.6217079756550186,
    0.844373976689542,
    0.5192858787581851
  ],
  "trendingMultipliers": [
    1.126404971051701,
    1.1863630661686309,
    0.8818512043786016,
    1.0929685921658843,
    0.8560750824706278,
    1.1380125114835262,
    0.9514317868892073,
    0.900907876721118,
    1.1300706801276905,
    1.0420966610438867,
    1.096801345074522,
    1.0931889363567875,
    0.9153151718064754,
    1.1230187051569902,
    1.1536834345177747,
    0.9899407292359631
  ],
  "rangingMultipliers": [
    0.9818502237478788,
    1.098366127818264,
    1.1217628703268305,
    1.1151250181168157,
    0.980866680006018,
    1.0392764185499057,
    1.0554272897561197,
    1.01079005980259,
    1.176135000600333,
    1.0356165418995658,
    0.9441951372471173,
    1.0285112991161038,
    1.0074687285675876,
    1.181080853931972,
    1.114000939257162,
    0.9937236916594253
  ],
  "timeWeights": [
    0.8744823850483855,
    0.9509672789642112,
    1.1571531213723965,
    1.023136836420484,
    0.9519022611111855,
    1.1502769205519874,
    1.0160810384516323,
    1.0052556042680019,
    0.9915128224406293,
    1.0323149239722422,
    0.9551223357179623,
    1.1499047638370066,
    1.261881238351342,
    1.0376231619041905,
    0.8120492719750636,
    1.0178368756564793
  ],
  "interactionMatrix": [
    -0.0009657567557706415,
    -0.02015568315983096,
    -0.07906317595387578,
    -0.02887100823442188,
    -0.05271437295387367,
    -0.005110900857263779,
    -0.08353596747086763,
    0.004541816453599279,
    0.07207008345743175,
    0.016882629630833024,
    0.08583915930207274,
    -0.0506383467303738,
    0.07819695509298885,
    0.005394343056978968,
    -0.004913690880404387,
    0.043103365091953054,
    0.06976557210442103,
    0.030448683921226485,
    0.04230068182242004,
    -0.03157712365753562,
    -0.04718843708990468,
    -0.08122977497035339,
    0.09571781244696527,
    0.004067960120868475,
    -0.022131441165856126,
    -0.004333457683995024,
    0.007428031430622917,
    -0.060947703590202185,
    0.03743045754031573,
    0.06796146346621,
    0.06549105739699834,
    -0.08704814449722482,
    0.021119249140222052,
    -0.03603519714605979,
    0.029824588025343268,
    -0.008713181244305979,
    -0.034901261248641194,
    -0.008978311143786754,
    -0.06100189477590892,
    0.0162091821595457,
    0.0861472933858408,
    -0.028050420862908654,
    -0.08750591906404606,
    0.047581976016586605,
    -0.023851098040216012,
    0.019364351867003717,
    0.054922370124427536,
    -0.047250176186533314,
    -0.03071256416897912,
    0.06973454307013642,
    0.02174562236565865,
    -0.08881048761097554,
    -0.030340681573861696,
    -0.04000786650075581,
    0.09585784578392748,
    0.08513227291932642,
    -0.02335101172001566,
    0.06933721575108635,
    -0.0835192384745938,
    0.024733776321778603,
    -0.06122743074401842,
    -0.07559013584372208,
    0.023578744883415714,
    0.029402375598392497,
    -0.046952097893129645,
    9.574298540784288E-05,
    -0.08758652013901785,
    0.08724893535711944,
    -0.019721873119815925,
    -0.017663815167788612,
    -0.09134133864284566,
    0.007241288274081015,
    -0.0010981942243904808,
    0.08357672661336289,
    -0.086697461434157,
    0.028622830484980533,
    0.03017489885813265,
    0.09532530134616422,
    -0.0763129201301887,
    0.010580947257295992,
    -0.07555421153992217,
    -0.0956933956300006,
    -0.05468808855474194,
    0.024696885077440257,
    -0.05719361726276713,
    0.004678478879662129,
    -0.05275899220491016,
    -0.057886005014925114,
    0.0896829617209398,
    0.06821207040590992,
    -0.0021355043926069685,
    -0.08826617097144665,
    0.08977292703697515,
    -0.07679761930765346,
    -0.04935930892001379,
    -0.013933044196276369,
    -0.046562929601089015,
    -0.012008403599503947,
    -0.031142060521262272,
    0.04931903455775588,
    0.0530199894737468,
    -0.0947138706836928,
    0.046015288513649624,
    0.031172105487298762,
    -0.04178767892335187,
    0.052875479678563125,
    -0.06841617350672856,
    0.0493752630830296,
    0.05375851203963527,
    -0.09263217256664508,
    0.05065393996584107,
    -0.03252161083010692,
    0.032174592922408055,
    -0.06546825123341303,
    -0.08791966539040677,
    0.07523315119123651,
    -0.04148983437627638,
    0.060963533264297244,
    0.08087535024800814,
    -0.03867653646394664,
    0.041653958592118116,
    0.06359188810939324,
    0.05902870803796341,
    0.020995444426717236,
    -0.09135594685494215,
    0.00740033958248556,
    -0.0984265094668764,
    0.08603364050966696,
    -0.015132602016990272,
    -0.0018040072050787394,
    0.022105617571203686,
    -0.05819659216152631,
    -0.025500026210976603,
    0.060426590685338205,
    0.08168444953827501,
    -0.03435338721282253,
    0.08036482520828417,
    0.010734918544800222,
    -0.07769315004140061,
    0.07515027812414238,
    0.0016624944254582498,
    0.09585973872044073,
    0.08954929837048609,
    -0.05501866498177604,
    -0.05696529562875052,
    0.057298864790382625,
    0.0736949488857734,
    0.009434853377735709,
    -0.02038489313859484,
    -0.06298598223511853,
    -0.07784979590195883,
    0.012341958647784913,
    -0.06841910179780156,
    0.08141402663110323,
    -0.09053813720054862,
    -0.020544337429446082,
    0.033539282411459294,
    0.09324879152206905,
    0.04408298554218757,
    0.06251066812767829,
    0.031840579362592436,
    -0.04623195504880136,
    0.013881774771393629,
    -0.08883599667814951,
    0.07477990273407678,
    -0.08187059104439093,
    0.037692811687154264,
    -0.02091933129454704,
    -0.004731367147489763,
    0.01938420234805538,
    0.0646445521236966,
    -0.02072450038064866,
    -0.06227831862384792,
    0.03879746897962988,
    0.05505847956529382,
    0.07018720133352847,
    -0.0021195158389074376,
    0.0780712136412088,
    -0.042314809451980254,
    -0.05730199722172174,
    0.0028196958790696726,
    0.051107566266812676,
    -0.07851104070359959,
    -0.030692895741274942,
    -0.08946271755565507,
    -0.07320676957294683,
    0.06203338028241228,
    0.0687935108855561,
    0.06291537380984145,
    -0.0494661511071248,
    0.04817494600635988,
    -0.03972592294806554,
    0.04594239142263919,
    -0.06684013318928128,
    0.033103211414716775,
    0.05964483343041343,
    0.026697778830037124,
    0.07354135874767552,
    -0.0799496149484509,
    0.09419929965380668,
    0.09213357101826639,
    0.07562552381291121,
    -0.09254592262775863,
    0.004999102586954885,
    -0.06727487948628932,
    0.07090555896250676,
    0.04141148721110528,
    -0.05335501248618513,
    0.033552493151400166,
    0.04467101842064698,
    0.033860379231342906,
    0.02481420492473634,
    0.04900735942859041,
    -0.05211151564705199,
    0.07860575959274302,
    -0.05147338632876622,
    0.025500818910425195,
    0.062403101394056984,
    0.0033201363309898427,
    -0.09361580200824515,
    0.0802137040837206,
    0.07123481371977872,
    0.04054513784286538,
    -0.043507931019247485,
    -0.05049403971662656,
    0.009765553994198518,
    -0.09045095165407711,
    0.0517244891808248,
    -0.09179694327243082,
    -0.08607992964014254,
    0.018122315466730578,
    -0.07602985765460327,
    0.01644776192656421,
    0.0491885485726334,
