{
  "indicatorWeights": [
    0.7846882644439319,
    0.7422051182165302,
    0.7528289335015914,
    0.57477353241589,
    0.8772357835671554,
    0.6465209538918589,
    0.789253670603015,
    0.8081359969126618,
    0.9060077466715981,
    0.9793800620401891,
    0.9008147225789243,
    0.6909932920597304,
    0.6080237012514211,
    0.6583896999208132,
    0.6369629211406483,
    0.5276897494406151
  ],
  "trendingMultipliers": [
    1.1756989859612585,
    0.827157952956545,
    1.177837187996165,
    0.8958393655543773,
    0.8968325970297927,
    1.1280244156731425,
    1.0984163345223559,
    1.1765576422647008,
    1.0028752019190263,
    1.0616515599652703,
    0.9432487993373219,
    0.8374857518678627,
    0.9515455114876016,
    1.0543829206937403,
    0.8512684702186888,
    0.8207891152565068
  ],
  "rangingMultipliers": [
    0.8852120852499401,
    1.0102795057300646,
    1.116082267593343,
    0.8927541377627555,
    0.823542673760937,
    0.9192646704376114,
    0.8179035386820763,
    0.8139817400154057,
    0.9876012676245213,
    1.1050470121182814,
    0.9234250227005809,
    0.9128477947091616,
    1.1230646226632257,
    0.8343120534411153,
    0.9788448133697824,
    0.9353564178849388
  ],
  "timeWeights": [
    1.197843299678972,
    0.8117472380705916,
    1.1313964959344736,
    1.1169404318057181,
    1.081032667214817,
    0.7414567045862946,
    0.8209712855767981,
    0.7894684292225862,
    1.2826460704943128,
    0.9467141125316777,
    1.187021179719976,
    0.9900827831995151,
    1.152377984601853,
    0.7758041834914376,
    1.1008320711951631,
    1.0295792645555562
  ],
  "interactionMatrix": [
    0.03691978569520593,
    0.010588681008197699,
    -0.022164261403701382,
    -0.039048520382858935,
    -0.07721900916866205,
    0.017911177115543842,
    -0.059413996895787705,
    0.07851887669976132,
    -0.04044202986895262,
    -0.05201473644231927,
    -0.06049587149962526,
    -0.052895735331010024,
    -0.09362050502668162,
    0.013793476897075642,
    -0.041064155408000305,
    0.0021645230123872317,
    -0.09446935006923735,
    0.027978112797834888,
    0.07464367760332125,
    0.03750411615754721,
    0.07001471350497417,
    -0.03880731890001228,
    -0.06145761481500181,
    -0.045218981935167935,
    -0.043547393131828364,
    -0.06517876964314893,
    -0.08971642242700098,
    0.08737057771402035,
    0.004989353917891415,
    0.07412374765947541,
    0.04149828845846118,
    -0.009434555854313032,
    -0.08889270946633808,
    -0.02398569896733396,
    0.035653034265187844,
    -0.02619383591348068,
    0.02193082891264027,
    -0.07395579853885863,
    0.039820922787662964,
    -0.004098795664581978,
    -0.05465515690638256,
    0.08851544018582408,
    0.0916935704570695,
    0.09341655215942533,
    0.024953506113501556,
    0.06455795070501691,
    0.06412333322907708,
    0.06940402352210089,
    -0.052295818469322033,
    0.07910524441375373,
    -0.05562946930577615,
    -0.036499416163150736,
    0.02907551236934012,
    0.03084759506952761,
    -0.05691995136788164,
    -0.07409663102898593,
    0.03627257490430391,
    0.0845580841109612,
    -0.01526113380542049,
    -0.011687540263200314,
    -0.08411367918224218,
    -0.040898537995795375,
    0.06851994737932986,
    -0.029042589731673375,
    -0.07425874550736303,
    -0.09857879189469826,
    -0.07137760186913548,
    0.022725875148778177,
    -0.09771979303220027,
    0.05998386879036393,
    -0.0021770252678445347,
    -0.010209998607214145,
    0.09871004541934654,
    -0.03472200914459354,
    -0.09304688202879192,
    0.027657387772071343,
    -0.06171442939919709,
    -0.05806038939201685,
    -0.07056623864333021,
    0.011187708993072178,
    -0.0033519769425140347,
    -0.046851476576822405,
    0.06385936882630334,
    0.08227448390541232,
    0.06135603736913349,
    0.063900641874807,
    -0.0002485789131963179,
    0.06388391664728992,
    -0.0651688467294101,
    -0.00834389931045434,
    -0.021253389159167482,
    0.070362469523209,
    0.031172448711803316,
    0.016165628044686308,
    -0.08742950381426172,
    0.07469274711318981,
    -0.05681791736683859,
    -0.05197857948118594,
    -0.08950120480574078,
    0.084270525522706,
    -0.07718698809361335,
    -0.03245369857031031,
    0.025672869665398747,
    0.056585257853689536,
    -0.01783018315307361,
    -0.07023647893022648,
    -0.03987999844127332,
    0.026736362715514807,
    0.06235977468542653,
    -0.029802273580140693,
    -0.04844909985576678,
    0.025839387871609956,
    -0.03737579545451895,
    0.030597677232342326,
    0.0010909652098238798,
    0.09705733012100591,
    -0.07283609001405371,
    0.06506802683877382,
    0.058197397951822216,
    -0.04150269002724991,
    0.04854813080487415,
    -0.008015359778506426,
    0.06858225519167974,
    -0.07213660675760307,
    -0.0794954520451962,
    -0.05913257241489836,
    -0.09148661666474385,
    -0.00846095921338077,
    0.03788944644671566,
    0.09036725880571986,
    -0.08612238631869254,
    -0.06248726569119478,
    -0.054689139819475964,
    0.044322869085894494,
    -0.04828515159173972,
    -0.057873198626206504,
    0.08374135175973452,
    0.09508615410545347,
    0.03419359846022856,
    -0.08161564730080313,
    0.0729200805518732,
    -0.061920042685623525,
    -0.09307784349987235,
    0.018643775988133715,
    -0.06168417385147349,
    -0.04642919705394036,
    -0.08237404521174421,
    0.07113525434624395,
    0.039764666574689606,
    -0.06144348401355624,
    0.03275534686203139,
    0.08503211321535165,
    -0.053088787925150774,
    0.07267067333435653,
    0.07974197692602432,
    0.031229517130726483,
    0.009996550194679266,
    -0.028386440289520132,
    0.04937849693993908,
    -0.07042655564003278,
    -0.07735832292361289,
    -0.05494758841553041,
    0.06611211922322298,
    -0.02574403736843003,
    0.037390995603788627,
    0.053492266710853525,
    -0.09040945549699841,
    -0.01715148126532149,
    -0.09203070700305477,
    0.03869349415265222,
    -0.02276208605669985,
    -0.08757633068713473,
    -0.0331225791477753,
    -0.033712480980451945,
    -0.06507404304238798,
    -0.03629365866845229,
    0.060203248191671,
    0.012987575423529841,
    0.004981028347813355,
    0.07578954035880053,
    -0.07533026983550616,
    -0.04118370625069976,
    0.0995664239767725,
    -0.04972013336635894,
    -0.05238222439235301,
    0.015712747810216456,
    0.06552052255734246,
    -0.08581325991546569,
    0.004562675893315916,
    0.03237633385406918,
    0.01840098155299006,
    -0.02726686455950844,
    -0.00599380016541331,
    -0.03673104825096216,
    -0.001923077484205238,
    0.08958669772414868,
    0.04007627231009332,
    -0.015741989682494295,
    0.09368511945808689,
    -0.059396717687652895,
    -0.06548263001409892,
    -0.024467444413176387,
    -0.018837648399800757,
    -0.04498816245539894,
    -0.012564287930443797,
    0.082064175480316,
    0.05599418088239941,
    0.03458182142999671,
    -0.039759628080944714,
    -0.011860495819275375,
    -0.06940552058834921,
    0.06659575489482006,
    0.07024859321402721,
    0.009919215755975097,
    -0.08044538561269121,
    -0.04131295455187474,
    -0.09453230781802685,
    -0.05709434698649194,
    0.065727779688071,
    -0.01645009118244092,
    0.08090645253659419,
    -0.0021183689164133933,
    -0.021505407858677675,
    0.02233791549021187,
    -0.09398752076526024,
    0.03198821489312285,
    -0.06095987035761592,
    -0.07240836429794154,
    -0.03830686380383846,
    0.07752318879358118,
    -0.03251232074899646,
    -0.02619897413743562,
    0.06827366456518245,
