{
  "indicatorWeights": [
    0.7422061894230308,
    0.591734908025303,
    0.7996372402796371,
    0.5088463519784503,
    0.855356516223311,
    0.47368196937508134,
    0.6755314993310162,
    0.7704144565707807,
    0.9757135660709662,
    0.9136523008906563,
    0.8209425226868267,
    0.7636048068354084,
    0.49441065145446156,
    1.0862948515198354,
    0.7917028945204987,
    0.4889388362802112
  ],
  "trendingMultipliers": [
    1.0396822659866511,
    0.9807894513723873,
    1.0089365160788648,
    1.0489154984488536,
    1.0382551784290617,
    0.9387583755047515,
    0.8814624894925049,
    0.923259448928252,
    1.012538498352943,
    1.0643715681455728,
    1.1903567025712414,
    0.9395371678502429,
    1.099282469615006,
    0.6178150146066461,
    0.8423338406456314,
    0.9255091221850175
  ],
  "rangingMultipliers": [
    1.2032561969005322,
    0.8611497840664194,
    0.8255138756514054,
    1.2285161729863099,
    1.0110277958035188,
    1.2099293050117903,
    1.388375011410957,
    0.9488023153480535,
    1.2143548712584824,
    0.9643547224894305,
    1.056815803855742,
    0.9975218025662644,
    0.73877903479005,
    1.0362827297556676,
    1.2220850270513552,
    0.888730333376354
  ],
  "timeWeights": [
    0.7704238314704857,
    1.4275354460573688,
    1.0163732578189162,
    1.213262683303039,
    0.836245802012584,
    0.8232680953307042,
    1.0992494268600783,
    0.753892429020888,
    1.5459063551798995,
    1.0399337831115023,
    1.0714212795305464,
    1.0672575035106462,
    1.2322650735044514,
    0.6850677129105653,
    0.9008535710130976,
    0.5804585546307535
  ],
  "interactionMatrix": [
    -0.08296879991416858,
    0.09676233490815603,
    0.0570507251443282,
    -0.10394371226399439,
    0.037042816120979025,
    0.06661688012532851,
    0.12444384921330282,
    0.030134418728570422,
    -0.06339311136370623,
    0.19932887192285637,
    -0.03527704578246926,
    -0.08582393693560561,
    -0.0252491623567255,
    -0.0751374409341268,
    0.06491916099785874,
    -0.060109043193282384,
    -0.015308213223966194,
    0.07824070733991302,
    -0.02816834897035647,
    -0.02794802419243383,
    0.06891289936447792,
    0.01870327910452244,
    0.009665305649724884,
    -0.056974949100180194,
    0.00019753905082334905,
    -0.022507302145084403,
    -0.011747994003954931,
    0.005096870299187709,
    -0.14600700090398386,
    -0.09882640469510172,
    -0.09538306564293307,
    -0.05592049227098876,
    -0.1284346853450353,
    0.08384369971648636,
    -0.14290273048698227,
    -0.11562873116860524,
    0.00940659915887088,
    -0.11956178964208548,
    -0.03493327999039239,
    0.0323865112625107,
    -0.06817240021072624,
    0.010993592259024056,
    0.10803625179337202,
    -0.12974652041996487,
    0.020357286865118285,
    -0.05462871105117531,
    0.0017363466956239436,
    0.04407184891225748,
    -0.11227857067588447,
    0.010312477213942042,
    -0.09590800207966835,
    0.0015279433977944956,
    -0.015248662466897258,
    -0.05049521862012306,
    0.014631736860737089,
    -0.04043674926556109,
    6.393441891969914E-05,
    -0.005975213010041006,
    0.015389265120450565,
    0.032076455470677806,
    -0.05440867376830979,
    0.0013532634248101909,
    -0.08843482102914645,
    -0.15421674372149724,
    -0.18191175921727173,
    0.07469558320165857,
    -0.09764422388736171,
    -0.01478708398910018,
    -0.021348236421722882,
    -0.012720628812591228,
    -0.050417994078855256,
    0.036836221541676206,
    -0.06616888280275622,
    0.01058083958011299,
    -0.07854100394341819,
    -0.09858670884798065,
    -0.04154134075422544,
    -0.018317000592368494,
    -0.06982987907390102,
    0.0030068945099651287,
    -0.012835960826509766,
    -0.05907110213419446,
    -0.046607726281424094,
    0.021460052657914,
    0.03310115013861646,
    0.04203486217075314,
    -0.12969204173974472,
    -0.07405328918177245,
    -0.10895375894319981,
    0.028138621049337415,
    -0.011415988418549086,
    -0.14047865667964285,
    -0.016599269399307857,
    -0.017307424280450713,
    -0.08666341535932122,
    -0.0027729267601748313,
    -0.05643934824895887,
    0.03217513251894569,
    0.02657363737584893,
    -0.11824701423073532,
    -0.08067263475106543,
    0.04943659486945469,
    0.12490955998763972,
    -0.033188694416329406,
    0.02003704454076192,
    -0.04178657677334964,
    -0.05189211868114972,
    0.01365624137917186,
    -0.03514284608581214,
    -0.1381778660006362,
    -0.029151318593871937,
    -0.0027118385301629667,
    -0.12022944902881458,
    -0.14028052627551157,
    -0.1037686199189357,
    -0.10455167588405495,
    -0.10439509016136733,
    -0.028108365804184434,
    0.022848289136347615,
    0.06977034100960647,
    -0.0681041067446953,
    -0.1024123443061817,
    0.09155681581532295,
    0.01451060870168553,
    0.050782521624140944,
    0.04180000089672298,
    -0.03964135232119354,
    -0.06600507878788468,
    0.01616215320520054,
    -0.177692871706122,
    0.09340850828445109,
    0.1011389259982119,
    -0.1542500832807855,
    0.1261610501478484,
    0.021421721063472995,
    -0.05400774520716921,
    0.11323385458705487,
    -0.11930404667206108,
    -0.00712243230424316,
    0.16748814740333234,
    -0.07049962562917067,
    -0.04502662971248273,
    0.1499100563102096,
    -0.05811963212282725,
    0.07901765502582941,
    -0.15122552283297253,
    0.09728450372999711,
    0.014305031116792911,
    -0.01556580279556832,
    -0.04175810193435937,
    0.007508827002328248,
    -0.1293348918525405,
    0.02988254177518428,
    0.09741788728439224,
    0.2038190488826307,
    -0.015588766967651043,
    0.05663085290090386,
    -0.004038233638691439,
    -0.10048921092874316,
    0.03098803871545682,
    0.001038561753223123,
    -0.09307223760450997,
    0.013986600584347093,
    0.00962224526359571,
    -0.060385472310776366,
    -0.13385145855766556,
    0.10896663390017516,
    0.13049415490753744,
    -0.10510620087586642,
    -0.10164059459232452,
    0.1842701879430594,
    -0.02380185170684386,
    0.05489358989377426,
    -0.0032101565058157526,
    -0.07835593051549569,
    0.04204150228411164,
    -0.1577205721356324,
    0.11231807795623053,
    -0.07242566480023922,
    0.003734277419957576,
    0.052637544949714274,
    0.062187863354777856,
    -0.11205561401766062,
    0.05831896912543282,
    0.04057794319267788,
    0.09748660892831634,
    -0.007421719211231061,
    -0.15009743041929113,
    0.009391048609007982,
    0.0726959264792113,
    0.010189139622967237,
    -0.06456527379061984,
    -0.016138871741933826,
    0.0012886969772762102,
    0.05696703785493147,
    0.09063431287783158,
    -0.025037635388822244,
    -0.02114113017522852,
    -0.07033697947716655,
    -0.06886386806672638,
    0.07156428746649318,
    -0.0003642103969298989,
    0.07862079621318491,
    0.008699035667190071,
    -0.17825882010404126,
    0.011947472000767515,
    -0.030702467314660045,
    -0.07418856028998203,
    -0.1574487419281402,
    -0.02911283597642314,
    -0.12653785501365925,
    -0.03479808955386056,
    -0.03782049442915842,
    0.12287651749814406,
    -0.003351664475378213,
    0.06822366808378566,
    -0.04616941020947772,
    0.15810157083907683,
    0.14291436378442055,
    0.21259297310457695,
    -0.0674411825405062,
    0.04248976920284129,
    -0.016309732152132064,
    -0.04387456601188257,
    0.0008584062755636022,
    0.0791745582634251,
    -0.07330906485830399,
    0.0013575647539481907,
    -0.09310859078839522,
    -0.08862807055934943,
    0.011904420503345028,
    0.06223558227435731,
    -0.08881402188942761,
