{
  "indicatorWeights": [
    0.6567416079735449,
    0.522613584573605,
    0.8071156479893414,
    0.7055343038432372,
    0.7411824397367734,
    0.6649937514417117,
    0.8924144525090401,
    1.0267614830335425,
    0.5145413331379953,
    0.6088394035505645,
    0.765261111095627,
    0.541636985801757,
    0.7294093221084,
    0.825342302349807,
    0.639189826782386,
    0.8843984415102435
  ],
  "trendingMultipliers": [
    1.1986276705626893,
    1.0348025010488395,
    0.9544413099847169,
    0.9350264470953938,
    1.0936597127968333,
    0.774210488959786,
    1.1778382407304575,
    0.6750885588046929,
    0.965268326067271,
    0.9783991122687925,
    0.854560615712336,
    0.8478873790453706,
    1.138028006103959,
    0.7361035745730103,
    0.6804841279734049,
    0.9790196230805488
  ],
  "rangingMultipliers": [
    1.0581918741399887,
    0.8393485455457906,
    0.923960795907725,
    0.7078693970665839,
    0.9484653027222758,
    0.8173453118037539,
    0.8616874461392426,
    1.038228014792341,
    0.8383879170082165,
    0.8570610719780463,
    1.3423822551264901,
    1.0110282900726355,
    0.8397931962432609,
    0.7970228053027676,
    1.1539310622167256,
    1.1335551801099721
  ],
  "timeWeights": [
    1.2795362715166576,
    0.8281962138325729,
    1.2604303147426392,
    1.2916761114568582,
    0.8971339096625092,
    0.8170985829069196,
    1.0535307749107128,
    0.931399867896053,
    0.7800133968637778,
    0.8723556660891462,
    1.2021929025886642,
    0.6216244364020715,
    1.3363759321377575,
    1.0400931463631051,
    0.7887686262498496,
    0.9706521946443563
  ],
  "interactionMatrix": [
    0.11068069375589697,
    -0.09124253722521855,
    -0.0588147987212567,
    -0.1172119041575845,
    -0.010494611133062472,
    -0.10341327300369858,
    -0.03383036651047988,
    0.03525711819339312,
    0.03833696851794659,
    0.08728544626284965,
    0.12798526301675175,
    0.08838943827247221,
    0.010086891010449378,
    0.04134656398324591,
    0.12782323069881052,
    -0.10081300872976366,
    -0.11261620291506835,
    0.026715552756931653,
    0.007313966319160814,
    -0.03576581697500639,
    -0.18459605088833614,
    -0.02004020266228678,
    -0.03665720495079286,
    0.06569757876910715,
    -0.01400381677237885,
    -0.10004166372329729,
    -0.1413786690662467,
    -0.12667757323764348,
    -0.12350813165205449,
    -0.0467563948953319,
    0.038334469120233076,
    -0.012301386624655734,
    -0.015865523958232243,
    -0.0866894791699523,
    0.21698234440744316,
    -0.019535328351574455,
    0.0874378746635501,
    0.027133054566227596,
    0.0372124369424436,
    0.04166893374089736,
    -0.01582742166223181,
    -0.0736030026226008,
    -0.0718107592094711,
    0.0756261885602352,
    -0.026442369656129006,
    -0.0374369516829967,
    0.022966084220020562,
    -0.03997866446640437,
    0.1063177259198062,
    -0.013050674601510034,
    -0.008733747619266367,
    -0.029127547176922043,
    0.02103872284249339,
    -0.03944401815891618,
    -0.08419896007826423,
    0.05631914200353447,
    -0.15323130956005743,
    0.07066977369745923,
    -0.13379609859079108,
    0.08129533224355023,
    -0.07117159899000935,
    -0.0063049694245263105,
    -0.015234724881355452,
    0.013037803261672753,
    0.04108591172954661,
    -0.011603720456951048,
    0.025972937157317376,
    0.10935710220570033,
    0.015226632474456582,
    0.048106350022286526,
    0.11311394549758998,
    0.06503699782519182,
    0.07218912061155944,
    0.07051589758657706,
    0.04384496660881473,
    -0.032225131252911834,
    0.045643601408316414,
    -0.07701141086216745,
    0.04450622549173702,
    -0.05340518565511619,
    -0.015064617436242305,
    0.040863006223993914,
    -0.06108643913360392,
    -0.17272450399963532,
    -0.041576250185195354,
    -0.013128358937638092,
    0.08936184683731091,
    0.12888520738948583,
    -0.11929134053011038,
    -0.03751012817257826,
    -0.007662642670212634,
    -0.012736974134424109,
    0.004220858361830039,
    -0.19903299206833297,
    -0.06902995986246739,
    -0.1297289873128926,
    -0.11119365224081482,
    -0.05455590240485528,
    -0.02268514500095247,
    0.04635373427994377,
    -0.06403461011912617,
    -0.013075265357385357,
    0.08090227888140859,
    0.07887707923946702,
    -0.042437349203311554,
    0.047188101582370794,
    0.06702183505533657,
    -0.02491777376990713,
    -0.1537315479104916,
    0.021682104987934672,
    0.006474016406110674,
    0.058974598844425664,
    -0.08467908042106065,
    -0.09401290577810262,
    -0.0058423010947354845,
    -0.07940812463556066,
    -0.014716489565015284,
    0.005644718153192953,
    -0.13954531777720858,
    -0.13708911371688481,
    -0.07113467859569128,
    0.16057474030411245,
    0.01562933553833508,
    -0.11399448467671627,
    -0.027720018597735152,
    -0.06389346934496098,
    0.1238863842967928,
    -0.18833397635727525,
    0.10517615702873068,
    -0.18165757353073692,
    -0.09120575387985279,
    -0.0010467902541468482,
    0.025739288702799,
    -0.04396081625160218,
    0.06561460258579134,
    0.0468250852062065,
    -0.16492843839254698,
    0.012737267646622752,
    0.03047943812698597,
    0.06393658693563341,
    -0.01578309845117491,
    0.16559715749030554,
    0.04260942718512251,
    0.13396900071695916,
    -0.04324519308776956,
    -0.012179063945085819,
    0.125549268109156,
    0.08015113421425922,
    -0.028027044187008156,
    0.01185848022940213,
    -0.03471381806571695,
    0.07740287329415038,
    -0.03979405804567825,
    0.10073855934362616,
    -0.10264846704632555,
    -0.06230274226713244,
    0.01169359739926408,
    0.08413605861580573,
    -0.07287486973910517,
    -0.09109210197237953,
    0.0800431759230856,
    0.04669148382176603,
    -0.12739142672923676,
    0.0852691467744505,
    0.026688933739785925,
    0.112334845602754,
    0.0022720656222348784,
    0.07161920886431786,
    0.04384653574494862,
    -0.06733382057858633,
    -0.017554800973011715,
    -0.07561838364932008,
    0.0068856616055982395,
    0.030996045859841198,
    -0.19244379165987685,
    0.07218118103690706,
    -0.06447631088226718,
    -0.03260137284598996,
    0.03978732379126302,
    0.025014053980197834,
    0.15708758315936047,
    -0.04264829543271261,
    -0.04392151626117921,
    0.03587458286053844,
    0.01319716811091996,
    -0.06475917848754469,
    0.0836343512768494,
    -0.002957713463402345,
    0.0990627065357486,
    -0.08601134269403488,
    0.05722911638995436,
    0.06741281652007187,
    0.002591926391302596,
    0.04501536305227041,
    -0.022942525504574738,
    0.01583665192901706,
    0.13039454934139538,
    -0.017059455557653272,
    -0.031192953929048438,
    0.0913716971062091,
    0.007282918079748769,
    -0.027353211898772788,
    0.025715048800033374,
    0.07921793210479894,
    -0.05476016115537581,
    -0.14720663336547313,
    -0.039273145234156995,
    -0.19503645525077934,
    0.08393527082390738,
    -0.03297500118984551,
    -0.054840544684484314,
    -0.07527338856437377,
    -0.0544559569764039,
    -0.04330178763600706,
    0.10894302965767444,
    -0.012438975206832924,
    0.023436255424576547,
    0.04181063009570804,
    -0.11262758094538025,
    0.028151832103951464,
    0.05286284426405467,
    0.004288323454248309,
    0.11260101822894894,
    -0.029908490966856063,
    0.015362032072945338,
    -0.03656563770821791,
    -0.05052804774095175,
    0.07039844072881128,
    0.04733407273748021,
    0.012905802695685309,
    0.02412086510539649,
    0.046942631034310386,
    0.006648533145193175,
    -0.05416999253787755,
