{
  "indicatorWeights": [
    0.8334370056689184,
    0.68770861604398,
    0.952687532612138,
    0.695525408899807,
    0.6246215832397519,
    0.6687890124967326,
    0.7805532995119827,
    0.5709957277739858,
    0.8745134467820317,
    0.5295967587251476,
    0.753920636699025,
    0.7159768627359381,
    0.827630827187243,
    0.977226600853004,
    0.8953206361040402,
    0.999498935945188
  ],
  "trendingMultipliers": [
    0.9228291627139686,
    1.0812017629147552,
    1.1659868590276534,
    1.0037702493054055,
    0.9868005674173613,
    1.0918411141735125,
    0.8173405786996644,
    0.9217762817876115,
    1.0196149960890661,
    1.047116188875446,
    0.8925123578105276,
    1.0159591165016715,
    0.835546712938579,
    1.055146672898614,
    0.9851371793082162,
    0.9642766760931447
  ],
  "rangingMultipliers": [
    1.0000806291648165,
    1.0535152129221603,
    1.170095035553041,
    1.1944947421011416,
    1.1192239418894672,
    0.8343346563951948,
    0.9307880812183796,
    0.8463481359142794,
    1.138289190132543,
    0.910713932159849,
    0.8010197187188275,
    0.83113292511265,
    1.0569419726038731,
    1.1302445938430108,
    0.8795225500569108,
    1.066693098842173
  ],
  "timeWeights": [
    0.8504188043624159,
    1.1007736755245259,
    0.806388264061976,
    1.2940623688430803,
    0.8019316491445295,
    1.080094551756351,
    0.8201940620521337,
    0.9465517040541557,
    0.7023647454893075,
    1.0011544516520203,
    1.1174322147408962,
    1.0067463627799484,
    1.2613193276940242,
    1.2133166318443345,
    0.8118153049881236,
    1.0522766595123538
  ],
  "interactionMatrix": [
    0.05605689771778033,
    -0.04804879986030122,
    0.01750097624850455,
    -0.0026787746725409622,
    0.03664438309749787,
    -0.01992648363044891,
    0.013314435835107897,
    0.06936427033521682,
    -0.0641758358304879,
    -0.009867694770607671,
    0.09495081956146006,
    0.08525209911051707,
    0.0384236145935242,
    -0.04007605172414426,
    0.038724031241958404,
    -0.02285202335805603,
    0.04244759828371543,
    -0.09544192334300734,
    0.04392581779618219,
    0.09631491882278034,
    -0.007846070295929208,
    -0.07886097587604579,
    0.04514236824341496,
    -0.04096155523392484,
    -0.0565586392469571,
    0.06586865440529235,
    -0.07258822780571361,
    -0.06216713270853167,
    -0.014554079734385895,
    -0.0007916783553943319,
    -0.09926628964433344,
    0.00182293883894733,
    0.028436046486561995,
    0.06264488764013779,
    -0.09416034988077895,
    0.09766009800281306,
    0.0076163332389120875,
    -0.02745768113387086,
    0.08359073718756278,
    0.016700126816068674,
    -0.05129293263564616,
    0.027969468809216025,
    0.0021781933187252855,
    0.07465222525075506,
    -0.016348132030589223,
    0.044064211742525776,
    0.03476889624662647,
    -0.0017150803981243802,
    0.043988526480835156,
    0.06987844088204719,
    -0.009839138124152736,
    0.053393405692590906,
    0.022993013571034695,
    -0.0931021482348944,
    0.008667593237047133,
    0.00181717816617335,
    -0.029125232225712908,
    0.08850924564838483,
    0.09534223712768936,
    0.042428170630612994,
    0.03671701623583661,
    -0.028547538302614497,
    0.03344883599505033,
    0.003753678960522433,
    0.02108848447719727,
    0.023840599419439213,
    0.05875883228178058,
    0.022774184020996093,
    0.04193018990454081,
    0.00755627854469152,
    0.07659396007871416,
    -0.04688760293827357,
    0.06295236253509111,
    0.053704405197758764,
    0.09475992469809531,
    -0.004893891629429836,
    0.03881660610052998,
    0.04774424757177176,
    -0.09123961948727125,
    -0.08027893290435709,
    0.07694351671513155,
    0.09770610090345029,
    -0.09213659200995082,
    -0.09299834557282934,
    -0.01291769664919209,
    -0.06711149986400214,
    -0.023202832223115588,
    0.022432337897381662,
    -0.09955743738933863,
    -0.08697118227032119,
    -0.0023602837342197036,
    -0.050150697957984484,
    -0.06528233859384085,
    -0.08254236432824438,
    0.04088539875385584,
    0.007305351844082631,
    0.0029921811301276027,
    0.03063563871827493,
    0.09031049620433723,
    0.009989618906682686,
    0.015391902569335737,
    0.00016901046301158741,
    0.007292973920746438,
    -0.04816206508393859,
    0.014041911822578725,
    0.006533008935158491,
    0.09542026265164863,
    -0.05493532406499289,
    0.04110909057404266,
    -0.04226207547319776,
    0.01769387829697653,
    0.0511833882293816,
    0.06822991105360386,
    0.08573603171370157,
    0.002879405674830804,
    -0.021116045557552688,
    0.022483851908420883,
    0.025313578658470504,
    -0.051580740199355726,
    0.07245640332705879,
    -0.0026746679957491805,
    0.06443172126613628,
    -0.0635768030082307,
    0.0732566461501114,
    -0.04149928879618903,
    -0.03950193119689125,
    -0.09255114881008625,
    0.06592935293549132,
    0.0943075704833186,
    -0.021479532646010303,
    0.09848234543666626,
    -0.04721558162163517,
    0.007934801541138703,
    0.07069101660903164,
    0.0065372856767876636,
    -0.07968198528025223,
    0.012126759916627839,
    0.039315550178497485,
    0.07379482607009895,
    0.007583367855515721,
    -0.04446820011474953,
    -0.012955602173739278,
    0.00010827175323187,
    0.09515004327198023,
    0.09102193943351455,
    0.004697319133757372,
    0.07402878337428875,
    -0.020693947525669845,
    0.034696018990519904,
    0.0394867934800804,
    -0.05503049050125022,
    -0.04990636629592931,
    -0.02818047978125531,
    -0.03551994368354019,
    0.0958403447207617,
    -0.029135719913755454,
    0.07387815174246606,
    0.011388849554179093,
    0.012608186537264388,
    0.07241289735366677,
    -0.0939004983136041,
    -0.032474604616875395,
    0.015468205455925555,
    0.0872674917866348,
    -0.09612358908946095,
    0.08496366279362816,
    0.06566283018700492,
    -0.00658733040565076,
    0.09218381011937993,
    0.015476273581272106,
    -0.0008180909616910537,
    0.013485624637230353,
    0.0006062322246149333,
    0.06665411930378658,
    0.08755459457386516,
    0.020661944000570576,
    0.03018699260777187,
    -0.029592863368978952,
    -0.06471160507851008,
    -0.0703316712639503,
    0.060888793396958546,
    -0.03713526091940951,
    0.03225978981799782,
    -0.057235863760862364,
    -0.02677881047803752,
    -0.03405909685172777,
    0.03946879557900083,
    -0.07156569555469686,
    0.004029668631875105,
    -0.004875113674218956,
    -0.007041662346533185,
    0.05013472236183445,
    0.09563304505382533,
    0.06102057644920409,
    0.007121701133418413,
    0.08014066075340348,
    0.07917052725399108,
    -0.023756123510838202,
    -0.00014183466461052953,
    0.02388379870644739,
    0.01865523752733884,
    0.0043967669014844946,
    -0.0032745033854405304,
    0.02420559102834885,
    -0.02702896273723765,
    0.024373870718378446,
    -0.02937042822054996,
    -0.022646931158390206,
    -0.02732997722989039,
    0.07300008487344063,
    0.01769654256944575,
    -0.07884357248790691,
    -0.09918840676974579,
    -0.005488549818501021,
    -0.07377020966095556,
    0.03100550784778089,
    0.017989087463650223,
    -0.09987676957509295,
    0.05134975730529692,
    -0.03537125979802005,
    -0.04959151768356258,
    -0.002933248887841944,
    -0.02797115417199585,
    -0.02178643247288008,
    0.09495465146025761,
    -0.002331966880195258,
    0.005461621315287913,
    0.03360522492930958,
    0.0727377438508054,
    -0.0895574016192762,
    0.052647068618867365,
    -0.09364736850587617,
    -0.05578004911706094,
