{
  "indicatorWeights": [
    0.5860051569142112,
    0.38616334262440405,
    0.5121560348782184,
    0.8808891003239646,
    0.8765975684628075,
    0.4397807961707005,
    0.4524119608059366,
    0.38239043042859094,
    0.5131012737648677,
    0.8899119217794849,
    0.9210468760460022,
    0.880379883756005,
    0.8209182381283117,
    0.8177390132357784,
    0.4671098253416183,
    0.8589168059216685
  ],
  "trendingMultipliers": [
    0.8570840100686493,
    0.9563129129996143,
    1.0337391431918732,
    0.7483007927869438,
    0.9036809581636743,
    0.8761501744463327,
    0.9396378671936793,
    1.0778259926199498,
    1.0193433410984631,
    1.1468060898175136,
    0.9915024940831032,
    0.9512416731043567,
    0.8703358967461671,
    1.1756889855651678,
    1.197744877631612,
    1.1849106074028464
  ],
  "rangingMultipliers": [
    0.9157020193983048,
    0.9622952035632439,
    1.2711717103681528,
    0.7910252412944861,
    1.0552644183999156,
    1.084426353831574,
    0.7837205795780036,
    1.056268043642457,
    0.8755959373183567,
    0.7204439756744723,
    0.7600754201856068,
    1.2120548548883379,
    0.6972570231556761,
    1.2922724204919684,
    1.0536951562039905,
    0.9492279684957076
  ],
  "timeWeights": [
    0.993650375642629,
    0.828044821185217,
    0.7585485195244844,
    0.7499794480039658,
    1.2078940954339774,
    0.9946620155912227,
    0.8277094920037703,
    0.659000909455564,
    1.136747661848082,
    0.7981584248347453,
    1.3020343756453736,
    1.1746960011704617,
    1.1644956928313432,
    1.2818240681408473,
    0.6061760415869448,
    0.6009566047078955
  ],
  "interactionMatrix": [
    -0.054169034990363116,
    -0.12254579927266158,
    0.23672257740431735,
    0.034485832316673924,
    0.00356083039046135,
    -0.01167028005887153,
    0.0037502342990535717,
    -0.04244555542379254,
    -0.10791714998671914,
    0.10359922295247785,
    0.059184217025347964,
    -0.15008909631824974,
    0.034851580563877896,
    -0.002424545056082361,
    0.059110536169084134,
    0.05563892528191681,
    0.006876772288673849,
    -0.10897264860664106,
    0.028066040720626885,
    -0.002588714284482397,
    -0.044563782398330906,
    0.07210337978425496,
    -0.05497953286033465,
    -0.022511032296540168,
    -0.0014959730676059393,
    -0.029708882248304085,
    -0.03408285946162944,
    -0.027791600273455,
    -0.10546333180947468,
    0.021071379762985752,
    -0.020905119427700174,
    -0.032748006681674185,
    0.05267977298498455,
    -0.060807893480805994,
    -0.030627702599149712,
    -0.18135355830606698,
    0.008907835604555013,
    0.0785521103765584,
    -0.04114581242062647,
    -0.1142366578618278,
    -0.07408752593284366,
    -0.07203701491567771,
    0.019170935503075113,
    -0.12796990534718958,
    -0.044139977610784184,
    0.0353596410206314,
    -0.09177105494260474,
    0.004422678836479101,
    -0.14860334276242146,
    -0.20840243664938563,
    -0.07129522494355385,
    -0.0031233081843079586,
    -0.10999022259883103,
    0.05602919093234619,
    0.01041682619183078,
    -0.12812143577759408,
    -0.08281450724177908,
    -0.1307517272051596,
    0.026917721263110532,
    0.087218830011239,
    -0.022192255516277258,
    -0.04134928695952163,
    -0.013529467838410893,
    -0.08903989738093188,
    -0.022535211349904778,
    -0.026539213778852648,
    -0.033008129528438915,
    -0.1186623417138861,
    0.0059679980462524745,
    0.028573733866990754,
    -0.08252676414293549,
    0.035658512487348,
    -0.14970673101010576,
    -0.07379885608530179,
    -0.08094148971291028,
    -0.08848676770351568,
    -0.0360838105630864,
    -0.08510656888908928,
    0.012285347493916347,
    0.0787737048646608,
    -0.07144103137642333,
    0.10079269749807354,
    -0.17612750717306314,
    -0.041471488591711785,
    -0.1315750081516499,
    0.0135435282795386,
    -0.025996293969820672,
    0.07546190998281546,
    -0.041301512455056345,
    -0.05420237306146995,
    -0.05566817226050383,
    -0.00831699541246405,
    -0.06961913050528015,
    -0.04530617401408824,
    0.09868184695750266,
    -0.05370515519617974,
    0.026694312126449016,
    -0.07338665288514841,
    -0.08366665159302297,
    0.04588483897492068,
    -0.11099072781898053,
    -0.04658005494940806,
    0.10981577084920877,
    0.05053243946480714,
    0.018481208596794647,
    -0.08883633056011582,
    0.1579457577984762,
    0.0057664282024957325,
    -0.13421568147951748,
    -0.06760883208420379,
    0.07485986551442564,
    -0.10679321377437123,
    -0.1685667471199581,
    -0.10648386471357892,
    -0.017629838711760423,
    0.07702480454973555,
    0.052685598502571665,
    -0.060491118868266296,
    -0.15258458606548173,
    0.06314404769659168,
    -0.017878733542530154,
    0.0567231563820956,
    0.10475953603688551,
    -0.03754480781040104,
    -0.12087603145388583,
    -0.01185363606461673,
    0.1414283787100959,
    0.09561706790739206,
    -0.02698167729322172,
    0.00404476016836555,
    0.010072168426889593,
    -0.0014997826572134623,
    0.05201569667719466,
    0.1295597698248227,
    -0.03677884733567075,
    0.10614218724729763,
    0.07397689926407575,
    -0.16618214952578808,
    0.06211669945803518,
    0.03210335544544677,
    -0.05130180065027126,
    0.03834177689718694,
    -0.0681012635685511,
    0.07157846489292394,
    -0.08807017363352546,
    -0.04092809954648416,
    0.0025624433361200252,
    -0.0032717172946129976,
    0.0010835094033217144,
    -0.00742065408771979,
    0.048897182037056675,
    0.010442268200520468,
    -0.01299738476317438,
    0.0991125678195495,
    0.07718619793302058,
    0.029313946398274886,
    -0.017030023635588365,
    -0.08954410304442005,
    0.12162653779885137,
    0.019426087499841257,
    0.04929608518493807,
    -0.0011732494676884187,
    -0.08124856438423292,
    0.017506883724250473,
    0.03761435402396961,
    -0.02086536545999674,
    0.0749398805070618,
    -0.15128304431356154,
    -0.05400488556043801,
    0.0012402710149201773,
    0.053616547613252116,
    -0.040501419013944,
    -0.03914443320077733,
    0.012802279657231387,
    0.16948512306204536,
    -0.05504869249489804,
    -0.012260329179488962,
    -0.10293007560546255,
    -0.07979302212412226,
    -0.0822658636393415,
    -0.1114502393172697,
    0.02239663648721264,
    -0.032811480577041294,
    0.027876203019131643,
    -0.08766341173982276,
    0.08415598677728287,
    0.13202717815482726,
    0.0976320715066968,
    -0.006795065000851032,
    0.11306904123966925,
    0.0544243680916946,
    -0.12357171672268762,
    -0.06794777369969711,
    -0.011904547325811438,
    0.03633323811498982,
    -0.017942119619122975,
    0.025540453976180377,
    -0.03673515796650849,
    0.09934392035953056,
    -0.015394450326881791,
    -0.1260853131314303,
    -0.10435561037803984,
    0.11037662095310741,
    -0.04816098970803394,
    -0.004108239429005272,
    -0.07066431254558571,
    -0.11089093711118328,
    0.07449125141462093,
    -0.13173830541918743,
    -0.019377937192099244,
    -0.07749361106043175,
    0.02594914238989405,
    0.026791949495567333,
    0.05379522527340239,
    -0.06177532507678275,
    0.07200872171101347,
    0.07191769892492969,
    0.009622069573318109,
    0.037301282855486215,
    0.02357828538582403,
    -0.02878586742822884,
    -0.10442174173792718,
    0.12112454297049444,
    -0.07609794027886307,
    0.054959847937686185,
    -0.03801958733006577,
    -0.08804015528241527,
    -0.07718459101631023,
    -0.08432624932587868,
    0.09104503060023109,
    -0.03235477775789393,
    0.027438152679363184,
    -0.02293380812742143,
