{
  "indicatorWeights": [
    0.7301037563830156,
    0.8782239498295675,
    0.8933018472228956,
    0.5922484795284131,
    0.595562639243064,
    0.6637324209126425,
    0.7561513939554587,
    0.852733978896764,
    0.5225308377822322,
    0.6953111712333565,
    0.7205960502503315,
    0.6941548076593431,
    0.5687185534528367,
    0.8413257927954794,
    0.893892823494811,
    0.8017626072526706
  ],
  "trendingMultipliers": [
    1.1557080209932349,
    1.0305701603084974,
    1.0929987424076757,
    1.2239564663190086,
    0.8329627868153142,
    1.0439845881107528,
    0.9558579681385542,
    0.8919771121625566,
    1.046057399849679,
    1.0981734300894337,
    0.960796781013449,
    1.1112571374263023,
    0.8143366062859584,
    0.8730599958749552,
    0.9199938367683498,
    0.8596448117314704
  ],
  "rangingMultipliers": [
    0.884949519616097,
    1.0553175707258329,
    0.9487633304351158,
    0.8052122419629827,
    0.9550881899003045,
    0.8619860215296548,
    1.1596951057924214,
    1.1254495518668195,
    1.0720248547586508,
    1.186168114084789,
    0.8555991131596722,
    1.0660084656968996,
    1.1855619957876373,
    1.1589684851075344,
    1.0824324208368674,
    0.8452305115793777
  ],
  "timeWeights": [
    0.7628458830565696,
    1.1637958371358228,
    0.800262647313415,
    1.2392678746435841,
    1.0603310380222255,
    1.136771979444611,
    1.1758432434329675,
    1.1974586726432888,
    1.265604031680213,
    0.8781081151807486,
    1.2713684490130392,
    0.8472676876280433,
    0.9143430091843061,
    1.0139214627435047,
    1.298434205824404,
    1.2128850250123104
  ],
  "interactionMatrix": [
    0.07012285455176524,
    -0.029264630863614374,
    -0.016687418837170932,
    0.017521689741129005,
    -0.018022822090018886,
    -0.03942951325728448,
    0.08812035189958647,
    -0.04599984217482609,
    -0.031315152296834924,
    -0.03827044028581335,
    -0.005199182400096848,
    -0.016649049435897567,
    -0.09704637958449008,
    -0.05039957517371543,
    -0.03080305454520964,
    -0.01674464865538472,
    0.08552284680895145,
    -0.01981367891414374,
    -0.07310973276609899,
    -0.04024939030134485,
    -0.08437536297784215,
    -0.00035692869222058235,
    -0.01452837472669033,
    -0.0715036663209692,
    -0.019983727244752503,
    0.09439423140058714,
    0.07258563210063758,
    -0.004435547862016321,
    -0.009593358061865388,
    0.06600511459235414,
    -0.09628637852515293,
    -0.06542439620476291,
    0.06065463649624885,
    0.02858873894492844,
    0.07856327759377349,
    0.010270234337493567,
    -0.03124066786760864,
    0.11848371286865739,
    -0.033220373498759906,
    0.03455835244919278,
    -0.040238148819406995,
    0.09887578626816731,
    0.03373155951327429,
    0.07991009421977258,
    -0.08415515671387053,
    0.03867330742831581,
    -0.08099011730978166,
    -0.07729166749845413,
    0.045161393240091365,
    0.00995787769280656,
    -0.07307072462044698,
    0.0566898988786559,
    0.05164025376209003,
    0.060895525909888316,
    0.019106356369636767,
    0.10180838329906242,
    0.002260916969415483,
    0.05602396312152836,
    -0.01175945086516479,
    -0.04830798312155844,
    0.09139667264567793,
    0.01716593437810463,
    -0.09299988115674283,
    -0.09441742997569086,
    0.009892975541565097,
    0.04673851502528055,
    0.11804097008850847,
    0.08106776289035961,
    -0.11387589636080829,
    -0.04775501021486217,
    0.045602105498096915,
    0.09348869815087309,
    0.06832532263183644,
    -0.03373870314218119,
    0.06258867251635634,
    0.0445647213488736,
    0.039396970920767695,
    0.05016059069896146,
    0.0016775330597705758,
    -0.07724601963348549,
    -0.025829568028059045,
    0.018869112455405637,
    -0.08233640896308195,
    0.05760303130917737,
    0.003888396627772561,
    0.06934903223388322,
    -0.06977366731024873,
    0.012993001522540883,
    -0.056129925470035216,
    0.08443733108389054,
    -0.004402352418200128,
    -0.06362846840855288,
    0.03459071069882689,
    -0.03557060857896806,
    0.040443770680457375,
    -0.07902049699227627,
    -1.0012843855333742E-05,
    -0.005920626891193992,
    0.034478291718829594,
    0.0008280951710054607,
    0.04090731101994609,
    0.05069215663413038,
    -0.059649773234664125,
    -0.052654789992674034,
    -0.07177856737943622,
    0.011459551124827373,
    -0.1193698338206892,
    0.05043195579584017,
    -0.08396095906072631,
    -0.04556081976449169,
    0.01206182777738859,
    0.029193215872339518,
    0.01399167795741272,
    0.048505950046215635,
    -0.0289848180485038,
    -0.12667814954565573,
    -0.09066779662657616,
    0.018157799638910576,
    -0.05258626328447116,
    0.08322216306899408,
    -0.08485412707525503,
    -0.05747381879720333,
    0.014088885760111204,
    0.06713894266397417,
    -0.09618075231171541,
    0.05016794477864911,
    -0.09677191798408834,
    0.06715413998567364,
    0.125259146256832,
    0.05474596536612125,
    -0.09141002097219207,
    0.06160436787723396,
    0.004360463271537185,
    -0.04341350390553752,
    -0.004809529435916261,
    -0.0643774882771613,
    -0.00668818886780902,
    -0.05273527106992244,
    -0.09090320821366116,
    -0.08664075735434947,
    0.0378514578424759,
    -0.03959438674511855,
    0.024152754204402285,
    0.04184616986985006,
    0.04368307153004541,
    0.004510090209422813,
    0.05284806169302972,
    0.04330112912225153,
    0.06832041001090057,
    -0.06373299050115096,
    -0.00667898355419121,
    0.0844958971726785,
    -0.054569438183011014,
    -0.08449757957261916,
    0.039895112949664926,
    0.09418264086972204,
    -0.004287155142068906,
    0.0038598681103171953,
    0.011177316164831086,
    -0.06537122945835472,
    0.025911175421891853,
    0.05527802906583432,
    -0.04143822535119535,
    -0.012443494430422765,
    0.055981378327257664,
    -0.09219785763103283,
    -0.01822786449464311,
    -0.034637024284478256,
    -0.12337070149679108,
    0.022140965049683548,
    -0.07857245196468185,
    -0.057483166097034834,
    -0.09058275664842473,
    -0.04571662715590777,
    -0.07592387903057962,
    0.06498625068035187,
    0.06149754979427078,
    -0.08969863322862176,
    0.09191419840485125,
    0.09862572915218215,
    -0.039125908943366455,
    -0.0549376354505943,
    0.12482584847102686,
    0.07639442979149401,
    0.082687918636011,
    0.04536927320394504,
    0.08689984588234141,
    0.019230477099248078,
    0.06565547302574548,
    -0.021576120000416612,
    -0.03258747160845327,
    0.024903298216075787,
    0.027679073750962527,
    -0.10888114954369985,
    0.04148562847605082,
    0.09751192446659807,
    0.02234593260088329,
    0.007467336851381921,
    0.04572937823707297,
    -0.02780384937571914,
    -0.0612188313101204,
    -0.08365433825855428,
    0.09921220799573799,
    0.0467619881552008,
    0.10497032250832347,
    0.032736150408812656,
    0.07285157386641732,
    0.052140258290632915,
    0.013810662673884623,
    0.058549780760054834,
    -0.08100702105445033,
    -0.0615183739844633,
    -0.08436695380453677,
    0.047030396786697695,
    -0.0573620988837813,
    -0.03260000474728946,
    0.0471603558013981,
    -0.10372945486126324,
    -0.012579471590932423,
    0.09082770606498079,
    -0.010208613247262945,
    0.0003066938403374131,
    -0.0060850686690242075,
    0.09062990351603376,
    0.04837856536423024,
    -0.0035346196973014446,
    0.027145756184761005,
    -0.0002903794639105284,
    0.05225626003003077,
    0.02035509938328091,
    -0.0019382416285263606,
    0.014418722396441997,
    -0.06713142711537652,
