{
  "indicatorWeights": [
    0.9140660838307006,
    0.5282443368381291,
    0.4601212573745427,
    0.5506825764804586,
    0.2951709745260469,
    0.7822425286172421,
    0.5577140202287262,
    0.6575221713224471,
    0.5272714047586601,
    0.9638547394027381,
    0.6703456658710701,
    0.9640391791764557,
    0.4626625116786834,
    0.8760971366442142,
    1.0353883110439104,
    0.929453626393106
  ],
  "trendingMultipliers": [
    1.0363338028318045,
    1.040771656836327,
    0.5013828859779813,
    1.0888868400649179,
    0.8817067258308574,
    0.8261553695379307,
    1.0107924199579745,
    1.0620352719952846,
    1.0794828904901803,
    1.0677861789831709,
    0.8478442902585988,
    0.8767248140303645,
    0.923449560600424,
    1.003851017396645,
    1.1668779896749304,
    1.0157017617539028
  ],
  "rangingMultipliers": [
    0.8538919784387962,
    0.8348836994883849,
    0.7584082107607142,
    1.0487535941421084,
    0.7452693329335613,
    1.0467643542796814,
    1.0666807272160526,
    1.1018872635311228,
    0.8268055003164374,
    0.4579922198966233,
    1.1686093663999038,
    1.1806897656447837,
    0.8773480170321806,
    1.0240530599264526,
    1.2610476246097573,
    0.8704395562926646
  ],
  "timeWeights": [
    0.8582374201588513,
    1.0126346918841878,
    1.0113109801672218,
    0.8403961262477424,
    0.9002137509428297,
    0.6413204341378707,
    1.096765049616145,
    1.2604595060960448,
    1.0362679751689248,
    0.9987563794340627,
    0.8158914027903998,
    1.3359010307107464,
    1.026116775305185,
    0.7696225194139964,
    1.1197611255807933,
    0.8246427491042929
  ],
  "interactionMatrix": [
    0.03289671495355522,
    -0.07487627612152423,
    -0.06938403893192846,
    0.020079925155173508,
    -0.06123635028700922,
    -0.2077564740225738,
    -0.08153222834842816,
    0.018657623721517694,
    0.1201523940781368,
    0.08639472286437012,
    -0.05888074660802946,
    0.03736000585613756,
    0.037862600140154135,
    0.025958567609229953,
    0.059384688018784826,
    -0.06772750996363999,
    0.05535545259914571,
    0.12096538910477693,
    0.006021097154059633,
    0.02141320230962787,
    0.030856374485303893,
    -0.026395223812490255,
    -0.025042718175134857,
    -0.0545845812688046,
    -0.027673822673823192,
    -0.14315678117492922,
    0.020775524608378015,
    -0.06020880486015061,
    -0.09511273010431812,
    -0.05870357931392222,
    -0.05098921746703125,
    -0.05893205410906782,
    0.07302981092582086,
    -0.0520957106479045,
    0.1879480228026552,
    -0.0930397122566552,
    -0.035157313558019404,
    -0.006881010623512131,
    0.03314336100160806,
    0.001956060063261711,
    -0.178350791931515,
    0.06758374156073894,
    0.005410553145690656,
    -0.032795257191754024,
    -0.04472201610083383,
    0.03989946188305433,
    0.03087867401818535,
    -0.057262252942739,
    -0.04418917078937178,
    0.098895102282435,
    0.11647045610771586,
    0.017038241365023157,
    -0.008874559344226547,
    -0.054539856906706305,
    -0.05560020373199152,
    -0.07307424813173491,
    -0.09362608707249855,
    0.12198703707973053,
    -0.034555810954352964,
    -0.02644292485026439,
    -0.18421356770688577,
    -0.10488345759671638,
    -0.013629882121489313,
    -0.05627935177456919,
    0.08128039944489965,
    -0.07427356020247428,
    0.08917352542737378,
    0.037410604433508396,
    -0.13534509763047234,
    -0.16417934538046786,
    -0.017980955268106974,
    -0.10638524427843304,
    -0.1616903593966159,
    0.09265575609578916,
    -0.12951923144590302,
    0.13096345345356342,
    -0.028148903398377417,
    0.06049174633692811,
    0.03899216551888206,
    -0.02092759933421638,
    -0.08177147126117831,
    0.06474975556914414,
    -0.10436891153617484,
    0.026378227187841795,
    -0.08979129517794954,
    -0.07507518920670132,
    -0.1500785231114355,
    0.023061642469387054,
    -0.08540131573658535,
    0.01468961865251618,
    0.023859580450874874,
    -0.16644972368765484,
    -0.016357732519327844,
    -0.019796380801312127,
    -0.04565081795439277,
    0.047653072505641034,
    -0.0031376054331712575,
    0.06236994907911557,
    0.027464719281675935,
    -0.08012505408020537,
    -0.106457894908811,
    0.03067195783466295,
    -0.07158683500269067,
    -0.12356322730626836,
    0.004329160988039447,
    -0.011757255169799377,
    -0.00603721416657017,
    -0.17319077191315965,
    -0.11509291762997649,
    0.03763990894688857,
    -0.051624108728194264,
    -0.11987535495475145,
    -0.12779486366957052,
    0.14040316537605826,
    -0.17092666221401792,
    -0.14587927891689603,
    -0.12033037944312949,
    0.008553863389111016,
    0.05027252846629762,
    -0.07139606097097219,
    0.0018865152022961296,
    -0.016957528859838564,
    0.03678691690885087,
    0.10899742264970588,
    -0.15487604340981997,
    -0.0916156366247786,
    -0.06109260630792458,
    -0.08652268213791302,
    0.06859258699613052,
    -0.1460114937267872,
    0.0009819205924768096,
    -0.016616593016791234,
    -0.02931897594032795,
    0.15858414044007613,
    0.07805904786221085,
    0.0362218330452091,
    0.15126992839030173,
    0.003505876246989,
    0.042633727853483364,
    -0.07880964420687922,
    -0.06201924855382947,
    -0.09245691312089446,
    0.052803324294030826,
    0.10089526785814257,
    0.058972716223630935,
    0.01269319820923702,
    -0.11687374270442338,
    -0.09385268723585899,
    0.17261480190253942,
    0.10313201281895196,
    -0.013400074818682252,
    0.03681981157264641,
    0.0837624763973854,
    -0.058418421425370654,
    0.012446221445225636,
    -0.03254601251201168,
    -0.010716828768937516,
    -0.08579790939020865,
    -0.020282955911777922,
    0.01546991920893516,
    0.22196814014536442,
    0.14624482833129135,
    -0.03247720740829603,
    -0.20283836262182517,
    -0.013128381485911736,
    0.1143091536841188,
    -0.017982647871391266,
    -0.05305944926284918,
    -0.10917793753979091,
    -0.011579803291372434,
    0.07800680559627686,
    0.005655918974652826,
    0.026705640154403257,
    0.018132641864135667,
    0.0882324214314152,
    0.1135968704033644,
    0.05032941771713552,
    -0.07301299703686354,
    0.02181406102988783,
    0.07342388111083609,
    0.15721540615248633,
    -0.1024078345355283,
    -0.060623055565377365,
    -0.0315572654447596,
    0.06705115721762239,
    -0.0062961643080281186,
    -0.16508809522771511,
    -0.10659303433003006,
    -0.07703464673176982,
    0.01474981293850433,
    0.09095398694853435,
    -0.032293353819686565,
    -0.0716950043779564,
    0.03860796956253821,
    -0.0440988341026636,
    -0.19280672459694695,
    0.06478336584453562,
    -0.05931800822965053,
    0.07298825962174524,
    -0.044580099034174106,
    0.040029674048352205,
    0.10081001663205942,
    -0.14827520205439723,
    0.07702898813268283,
    -0.04704295461088362,
    -0.008476158981636717,
    -0.008825728719199823,
    -0.07798526353633983,
    0.08576161877017313,
    -0.0943546298135301,
    -0.16792284190628637,
    0.09445428907883097,
    -0.020945970656979028,
    0.034615437044229626,
    0.11477335942053149,
    -0.07484180624228039,
    -0.11249211056684441,
    0.01568997542704522,
    -0.04079129842116572,
    -0.06730371048276317,
    0.07965992969794652,
    -0.10308637014620915,
    -0.04787847492300993,
    -0.06535820854292206,
    0.03048370786815821,
    0.011280945873514386,
    -0.0830346612959099,
    -0.16491513945236683,
    0.07389629907379312,
    0.03018076032553219,
    -0.10573830798613408,
    -0.07378558642844765,
    0.07052619012767825,
    0.062420127155204286,
