{
  "indicatorWeights": [
    0.7875881820172552,
    0.3867627092057424,
    0.7182745778378963,
    0.5168436456566106,
    0.5500679699011596,
    0.5413698178084289,
    0.5850681028665509,
    1.020546625960827,
    0.8639643284175431,
    0.7638203658089071,
    0.9542299555991457,
    0.7297590225914152,
    0.766521724137515,
    0.9399743695385837,
    0.9431146946409638,
    0.8663260906850945
  ],
  "trendingMultipliers": [
    1.1081616800447986,
    1.059379272191376,
    0.8420733421766156,
    0.8805655117641273,
    0.872649571060239,
    0.8539868564918434,
    0.6800912769544665,
    1.1387429804353235,
    1.106421632116208,
    0.962068382677206,
    0.9860055735481922,
    0.990800284913003,
    1.0761409845413643,
    1.0576614478734527,
    0.7139761605916727,
    0.9560867603509061
  ],
  "rangingMultipliers": [
    0.7331559777179152,
    0.9508550380440187,
    0.9267251190073937,
    0.8937352430498815,
    0.7635975468868391,
    1.033155827663179,
    1.2668629890005016,
    1.160062057147592,
    1.0608810293713444,
    0.8409259180933749,
    1.0860229422092615,
    0.810254791811692,
    0.8193010348282141,
    1.2199051037805997,
    0.8375440296619634,
    1.5179158860519175
  ],
  "timeWeights": [
    1.145852536991687,
    0.9664195110512259,
    0.5945612417723299,
    0.5430291309094334,
    0.7358093464617248,
    1.2345000322534065,
    1.1717623044366232,
    0.8125306948490671,
    1.083486864052738,
    0.8811483872783179,
    1.049275851141877,
    0.8538614387261819,
    0.7782011922590902,
    0.7354530183059047,
    0.810088942109431,
    0.751488550961414
  ],
  "interactionMatrix": [
    -0.09812861461185363,
    -0.07531670187039478,
    -0.11888292318506914,
    -0.0159176503378617,
    -0.01986079906301051,
    -0.08107661260270874,
    -0.1347235962261929,
    0.022046363126766333,
    0.0019585742675705363,
    -0.08641190843379207,
    0.054601969634216804,
    -0.0946194692335855,
    0.09081122745606321,
    -0.19887848467961505,
    -0.08148818649753833,
    0.05421552427920588,
    0.007005713653127847,
    -0.021974394977820316,
    -0.005220064711575991,
    -0.13089949609554394,
    -0.09075119644555685,
    -0.1020761333177871,
    0.016198364737515503,
    0.06922983807237165,
    0.10063406134896258,
    0.10408214220948833,
    0.018162572809389224,
    -0.15993737728526614,
    -0.05690320045249175,
    0.014698650126693892,
    -0.03158584569968527,
    -0.18299031464223373,
    -0.003200371023657979,
    0.08029588975818501,
    -0.08787178549276067,
    0.07995508349875245,
    -0.17667973676102458,
    -0.17464860506877755,
    -0.18983457307651397,
    -0.0007945421318097633,
    -0.09730653316191523,
    -0.04738709901432739,
    -0.06546094000337392,
    -0.023522192686465892,
    -0.027187953023728534,
    -0.10442594456472432,
    0.01669817907834041,
    0.023794902737453296,
    -0.16583417476549434,
    0.0698704698705512,
    -0.08257986698290135,
    0.04438689638683131,
    -0.08909333559768372,
    0.07629310881655298,
    0.12478452646450905,
    0.09491553383365803,
    -0.09018016061849984,
    0.06421174494214216,
    -0.09834651311197012,
    0.058966053216387176,
    -0.023011876969061755,
    -0.08072611110242789,
    -0.026270061697381913,
    -0.06426629325484023,
    -0.18329918432984016,
    0.19757980427719996,
    0.1389103793121767,
    0.09568008094407762,
    -0.10350811246165036,
    -0.038899938392250935,
    -0.0990143715284371,
    0.01039078537758853,
    0.1072205201457519,
    -0.1505591472761337,
    -0.06217328602543791,
    -0.0843559631054766,
    0.05350896740100332,
    -0.17028824293262554,
    0.060256688751010076,
    0.05049579324569937,
    -0.1470133484171566,
    -0.16181629674180814,
    -0.017315824092478796,
    -0.05539648162877117,
    0.01065842995707101,
    0.030960166243624323,
    0.006776987364479858,
    -0.06744679626865391,
    0.04977555410143499,
    -0.1090622642774151,
    0.004512964695539509,
    -0.09676396520728398,
    0.010129578468491371,
    -0.05779796862527031,
    0.0448253561817078,
    0.1071443484692817,
    0.05244975475234931,
    0.019444713788543972,
    -0.009543121163967803,
    -0.13353971498238296,
    -0.00020094215711556897,
    0.018719358554619855,
    0.04872858027363967,
    -0.16774740819373124,
    -0.07955354635705264,
    -0.020166330441984355,
    -0.09534099114218147,
    -0.026234717423660334,
    0.007237613852305674,
    -0.0739487518736705,
    -0.1389493015856832,
    0.08170074282403159,
    -0.1397448761941068,
    -0.051223104557701134,
    0.029873691278378786,
    -0.045666586727891,
    -0.02482271294765928,
    -0.06450366851217035,
    -0.04068375203452769,
    -0.060104899270119305,
    -0.09139015280983478,
    -0.07240108772776514,
    -0.07557347798857575,
    -0.045552079617974764,
    -0.24277850317616687,
    -0.11292819847661001,
    -0.04273957241415125,
    -0.1455942861245746,
    -0.14294765297868617,
    -0.0599855470531964,
    -0.15047252156171115,
    -0.11594130589313124,
    -0.07174401409897556,
    -0.08049358304854995,
    -0.0435080982912337,
    -0.08985920156392613,
    0.0044534552611635025,
    0.01673446034748855,
    -0.026589656743703394,
    -0.13056652356080262,
    -0.10019958926477501,
    0.04535794698253377,
    0.029178859922225454,
    -0.1155857888712288,
    -0.17366233308792733,
    0.04491586433272688,
    0.0859002747049796,
    -0.015183830565179093,
    0.07652816619277868,
    -0.029750457027094532,
    0.006726552852799893,
    0.03531555361926842,
    -0.04252879331912983,
    -0.00957494303362114,
    -0.03506249494594243,
    0.11227409174422714,
    -0.05246440115523679,
    0.0315181266541922,
    -0.008860650666955154,
    0.10990053734875016,
    -0.07066602331157254,
    1.863640173067546E-05,
    -0.12185939656901133,
    0.043986071398616745,
    0.044280373298908604,
    -0.12905869559335623,
    0.016098989319138193,
    -0.0863049657117386,
    -0.01329234398957118,
    -0.17485600254929343,
    -0.17479421938652157,
    0.050334641363298606,
    0.04546539967808223,
    0.09431571448706974,
    0.1044524934213433,
    -0.15348175197802746,
    -0.13388349103943264,
    0.08332218677660308,
    0.10051473705436269,
    -0.13455530215346684,
    -0.021900072443722503,
    0.11131294654661036,
    0.10064757949635118,
    -0.16654608672738386,
    -0.045521999253440346,
    -0.08568827792556312,
    0.031544180466691246,
    -0.10298263353299705,
    0.17501928202971961,
    0.1524283632224395,
    0.025177778353094347,
    -0.03700406883402414,
    -0.05159898850725292,
    -0.07190839133215374,
    -0.007348407073954254,
    -0.04825245757725467,
    0.039978510125343626,
    -0.0825012895722084,
    -0.032247859057398666,
    -0.01753593996433167,
    -0.06545047928306863,
    -0.18660547902024857,
    -0.06788584708061496,
    0.043108833293166615,
    -0.07966006683125151,
    0.008873162701024201,
    0.04839899971252204,
    -0.04217569925833227,
    -0.03807818653701902,
    0.03695718805073704,
    -0.060886807469190285,
    -0.07135816767021878,
    0.21993638744481778,
    -0.04481341797203464,
    0.12812123022547214,
    0.14035495171484794,
    0.04587439894212939,
    -0.14006051390375962,
    0.13799165555622023,
    0.1312166503413255,
    -0.17296586903307123,
    0.06364482076455322,
    -0.010014570066514765,
    -0.01625563564151188,
    -0.07639700833199298,
    -0.032402394735374165,
    0.059906226716669495,
    0.09497761165823237,
    -0.13123199237557964,
    0.054660941283903204,
    -0.10345470900011698,
    -0.07190458220656001,
    0.05359288955404624,
    -0.03943473974960312,
