{
  "indicatorWeights": [
    0.46460237362551704,
    0.38695068210007194,
    0.570475629786063,
    0.44317868461531795,
    0.6092181880145585,
    0.5028731952829051,
    0.42167787239691334,
    0.6367718303299125,
    1.04138181688819,
    0.782504869492716,
    0.8908778296165563,
    0.9442771497131373,
    0.6013376272673766,
    0.7654376615348871,
    0.6946959416353927,
    0.6050493343417446
  ],
  "trendingMultipliers": [
    1.0664117757534117,
    0.7054015160654972,
    0.7098466399563416,
    0.8707270222307146,
    0.9893619459143036,
    0.8253560399540302,
    1.1061797428205222,
    1.0227627232869463,
    1.0530950655239129,
    1.115472230617225,
    0.7776630190328838,
    1.1914383824195252,
    0.9624113695024143,
    0.7808298385534483,
    1.0450790369433882,
    0.9798836024061622
  ],
  "rangingMultipliers": [
    0.974505283346772,
    0.7923945667732653,
    1.0456258970218302,
    0.7789365977384346,
    1.0738643801037175,
    0.8833496346250375,
    1.007046888842073,
    1.155349022308931,
    1.085364415139499,
    0.8347463133295199,
    1.06289231367205,
    0.8721690198272448,
    1.0733666090554486,
    0.744551932409755,
    1.1306960629147897,
    0.9087539376860594
  ],
  "timeWeights": [
    1.1892091119337576,
    0.8503520616641809,
    0.7362650622576502,
    0.6603652280753991,
    0.6667155852760227,
    0.6489999328301538,
    1.240714498982301,
    0.8808919421228577,
    0.8806539982473282,
    1.234116765874623,
    0.8031830120899256,
    1.4852133736547555,
    0.9624472822795946,
    1.011341842951531,
    1.39220000952924,
    0.42853446181448057
  ],
  "interactionMatrix": [
    0.11837298241673917,
    0.17561232932877308,
    -0.09532635714307358,
    -0.009702237812905926,
    0.1240586649375173,
    0.14411243233675852,
    -0.06132737238444526,
    -0.11193389749615619,
    0.018606306335625624,
    -0.04977438250089017,
    0.11621569804253602,
    -0.1228565482467447,
    -0.037110780173696796,
    0.023327232230096737,
    -0.025426814074733517,
    0.05832139773202524,
    -0.06606633625115149,
    -0.08658288283780219,
    -0.02197224847551299,
    -0.04950380245561654,
    -0.10497296512891707,
    -0.15173144897899493,
    0.060513144389042234,
    0.0103853004207938,
    -0.059564619510760745,
    0.036274181156413,
    0.03178375261419234,
    -0.19638599427449238,
    0.02776688046465654,
    0.015563914450938014,
    -0.0314954659094367,
    -0.10777388971849629,
    0.04918542165393684,
    -0.1438855682713686,
    0.00027038543462985093,
    -0.018898491711746557,
    0.02713481181136547,
    -0.005659232129577061,
    -0.07887844408364184,
    -0.06725532086427988,
    -0.0393693791713262,
    -0.041023456166293576,
    0.08031660645491676,
    0.09999210584953973,
    -0.053999200528236826,
    -0.08705136906165406,
    -0.132288443260432,
    0.06055353459583211,
    -0.03255486407526117,
    0.004597858402833239,
    -0.013277708324580497,
    -0.08159076446354578,
    -0.18728487060416607,
    0.09719204665188354,
    0.034534156556609075,
    0.054500464106991046,
    -0.07159404133521804,
    -0.0964468680871568,
    -0.025275371141912056,
    -0.056876009675735986,
    -0.12388725175495566,
    -0.023524846645384387,
    0.07665990451282094,
    -0.0010160982698684817,
    0.013538373347178268,
    0.061418747350888314,
    -0.022277471351302668,
    -0.09620568013129148,
    0.11167625374137671,
    0.06062712700381022,
    -0.1439302424395272,
    0.10253660864014197,
    -0.1146698699823159,
    -0.05721520634674048,
    0.03326400318614821,
    -0.04190383898746419,
    0.059838289415661466,
    -0.027088841799376616,
    -0.005440795074186759,
    -0.05035848756280405,
    0.04343064103479835,
    -0.059735326147616986,
    -0.002902870740692093,
    -0.1448467779264197,
    -0.12212369323441086,
    -0.0717165859698464,
    0.02720946577500999,
    -0.07643570471621178,
    -0.001566290367788868,
    -0.0275709446429677,
    0.12619395017099252,
    -0.1033342906360082,
    0.025076493596858727,
    0.12407228759454536,
    -0.1380496533072504,
    -0.07772628592233262,
    -0.01082776193681153,
    -0.056059702836565674,
    0.06370322737313025,
    -0.045698308017025485,
    0.035040758572386886,
    0.052397222070911506,
    0.19780270903668035,
    -0.19699904518325836,
    -0.03714720110621264,
    -0.18543379225842047,
    0.01175420921416993,
    0.045791264812112126,
    -0.11177705460531213,
    -0.011500836816875436,
    0.11725802530244124,
    0.048700431983756655,
    0.06701109628619163,
    -0.19735323241599373,
    -0.1612466710284431,
    -0.00018199224594855207,
    -0.12586703402694843,
    0.04200359070629836,
    -0.016110958149700906,
    0.09052842564573355,
    0.10729754326571375,
    0.041696118944371204,
    0.02786351091528267,
    -0.11880942950539064,
    -0.010236516630228,
    -0.0627051063215299,
    -0.009318799757987883,
    -0.12918551782582086,
    -0.030095519024953114,
    0.08490463300008008,
    0.11583044413014495,
    0.049801402113617964,
    0.1510933491985948,
    0.05161535797121198,
    -0.06359349631289159,
    -0.17320533596241666,
    -0.11910907898566676,
    0.0038405099776313567,
    0.044559358218692995,
    0.022480611705323977,
    -0.18193833735328047,
    0.03577802330360197,
    -0.09974279740472067,
    -0.04197963843006976,
    0.003921470951929729,
    0.09885744799675569,
    -0.020161278693438346,
    0.005406448443103042,
    -0.08008375213401632,
    0.003230649725033125,
    0.027605673417859303,
    0.09831765899718148,
    -0.002970106619859688,
    0.08722456383001088,
    -0.1145111035476322,
    -0.009607233819002546,
    0.05447216589639461,
    0.14446579938623352,
    -0.1250862385220195,
    -0.0650645009014548,
    -0.09604489601544891,
    0.03422869648370836,
    -0.12230253619301443,
    -0.10369235344773413,
    0.1304559330923604,
    0.09248875267522152,
    0.0307814462762395,
    -0.061491749475761005,
    -0.1338054698526325,
    0.03289754131911017,
    0.1686649844709365,
    0.1571967434034096,
    0.03928904247430491,
    -0.06740385373225705,
    0.008935715254547795,
    0.0939361030895423,
    0.024534482368365744,
    -0.09331917299190759,
    -0.10742344214297833,
    0.13910038165174096,
    0.010789954897917172,
    -0.01098075959423958,
    0.035690730260006576,
    0.08143779530856354,
    0.08591389433742011,
    0.13191695996216746,
    0.20933246601784739,
    -0.1297729946169145,
    0.050930062659183234,
    0.0701390514122105,
    0.036005839165825566,
    0.11927554644620347,
    0.0957576164143988,
    0.07032458470541172,
    -0.0006058484123590557,
    0.05302878563995807,
    -0.06459855138886463,
    -0.06336175306194566,
    -0.1409635653650178,
    0.004451541251210132,
    -0.06396527730385379,
    0.019118819467876937,
    -0.03289880599228791,
    0.08126878323362198,
    0.03233101885805741,
    -0.11110916800582914,
    0.04541162085403408,
    -0.10209238697989137,
    0.05758219005445786,
    0.12049098407331407,
    -0.005117985747485454,
    -0.014618055656597212,
    0.08001547103405508,
    -0.03091933229734116,
    -0.030117215792892556,
    -0.13059816634042454,
    0.12830155167359686,
    -0.036954236527324075,
    0.04820162573336852,
    0.18677492285160885,
    -0.01404239028128953,
    0.03516570144278004,
    0.0067430924483634705,
    0.08987037918475446,
    0.011675013376643721,
    -0.012488306482178704,
    -0.02089420175398877,
    0.030966338074881177,
    -0.09854925158285176,
    -0.049799297925004704,
    0.025024478727449936,
    0.1344751885635661,
    0.021174871662240413,
    0.026907321898946113,
