{
  "indicatorWeights": [
    0.6706917985511327,
    0.609091652527598,
    0.5379238934329043,
    0.3609413810796648,
    0.7165032269004744,
    0.3609402724377926,
    0.8025729805580334,
    0.5130464680322481,
    0.772445596737792,
    0.6598635559591962,
    0.9435073248501529,
    0.6602481619481652,
    0.6985698915687767,
    0.5253802014703111,
    0.7151788676789018,
    0.8635878468895369
  ],
  "trendingMultipliers": [
    0.984203079215723,
    0.9108473906444815,
    1.13593937151939,
    0.8314026456222615,
    0.8228336840529082,
    0.8021455956255019,
    0.693148190681619,
    0.8077874387596947,
    0.868279822178601,
    1.0440791688214288,
    1.3317113896029389,
    1.1189074524259413,
    0.9351355710899498,
    1.1204274219188264,
    0.8591468067939959,
    1.2704161700371897
  ],
  "rangingMultipliers": [
    0.7744024553498409,
    1.1512583175579398,
    1.0594353536455552,
    0.7649583310493495,
    1.0290788187438293,
    0.957294061651025,
    1.0494618432065876,
    0.9650329106834943,
    1.227454675218871,
    1.146859208754174,
    1.0477499242833088,
    1.3259748095810235,
    1.1097481679821897,
    0.9867114531501615,
    1.085436142376245,
    0.9070781802556048
  ],
  "timeWeights": [
    1.0695308274681863,
    1.0229897039784395,
    1.126266259997981,
    0.8555451517845885,
    0.9927542764105417,
    1.1465619467989596,
    1.1379885311550209,
    0.6746308991850544,
    1.101641126194735,
    0.8080281265014106,
    0.9574161225707614,
    0.8899673383002631,
    1.0090823493348535,
    0.7247630935252006,
    1.052037360942588,
    0.6578192907053015
  ],
  "interactionMatrix": [
    -0.07384657767409551,
    0.0014568788002674148,
    -0.18246735493831592,
    0.023637865142765627,
    0.0356993315941556,
    -0.019704778956140152,
    -0.16855777083479614,
    0.04498443918047833,
    0.15336344416990927,
    -0.0397133598230695,
    -0.05641216372566209,
    0.010148795079562213,
    0.022299078894661012,
    0.08051620593777462,
    -0.08063280953123118,
    0.05247793678060071,
    -0.02913120320384488,
    -0.03613799712960912,
    -0.05830487206639551,
    -0.09666464729151554,
    -0.06450007666111038,
    -0.20335024017064163,
    -0.0743930840496792,
    -0.04117760061101522,
    0.12480660941979155,
    -0.010348763218356503,
    -0.048207887220408904,
    0.02034782677352058,
    0.17223231055420277,
    -0.003263008377744025,
    -0.002240297213800556,
    -0.050351046748014494,
    0.13439833276202623,
    -0.2525641394503348,
    -0.028484443670069772,
    -0.0577828351874307,
    -0.004677107999016848,
    -0.030726318222080568,
    -0.07852436336084206,
    -0.13697905342046898,
    0.13362913064659768,
    -0.09491913282826339,
    -0.10401710220317469,
    0.0031580228670903838,
    0.10552409969292756,
    -0.1959657102983619,
    0.007734699411413639,
    -0.10853639902943771,
    -0.013396947674973236,
    -0.047781049110362475,
    -0.06239106662125826,
    -0.10227220991098104,
    -0.02279916960101201,
    0.07797373157546687,
    0.24282563393122814,
    0.018093462041426735,
    -0.11631940408690547,
    -0.013595682098913304,
    -0.00024335375059574438,
    -0.07957537405381093,
    0.006832738044521322,
    -0.04956593827848456,
    -0.1223794323502263,
    -0.026020116924757655,
    0.0324693789367056,
    -0.06789149648650315,
    0.01802463459907439,
    -0.0343345187227207,
    -0.08745985281238355,
    0.10718486738419622,
    0.05760152004068311,
    -0.1460660771869985,
    -0.09030882736111161,
    -0.032664202181461516,
    -0.11518919843063812,
    0.0024338325859925014,
    -0.0030226720435686284,
    0.02665577513601567,
    -0.016746585300111735,
    -0.10165403569946575,
    -0.03736563832995769,
    -0.11530056166792468,
    0.04010854551708612,
    -0.23405988535030847,
    -0.05581103103443972,
    0.05858348217980118,
    0.08823006740007922,
    0.04300993956946522,
    -0.045680437440364874,
    0.051564058457498355,
    -0.0820121214389602,
    0.08637052900111186,
    -0.0023237140591965827,
    0.05502147214234678,
    -0.04171818372160594,
    -0.03829659600130504,
    -0.14864296351576384,
    -0.09313428590655173,
    0.054578214942430155,
    -0.025381720945506857,
    -0.09431194644822287,
    -0.06306245362821747,
    -0.07084772916212406,
    -0.0659364308490783,
    -0.024716899275747228,
    -0.16020978293183344,
    -0.05542384717621894,
    -0.11364176785209612,
    0.012603222400207177,
    0.13427992408402173,
    0.011348695268539568,
    -0.02110129921905233,
    -0.054992716218087156,
    0.028778576752993182,
    0.052979784968731014,
    0.07986312393211457,
    -0.11999236042839398,
    0.008126450421865779,
    -0.10835692872940977,
    -0.08635058186252101,
    -0.007255159798588939,
    -0.09296956923835083,
    0.03038345006161479,
    -0.028474246176837137,
    -0.07510072079224617,
    0.01955503975421942,
    0.05889135407425418,
    -0.028478288016584925,
    -0.01722476587928873,
    0.03390443874600234,
    0.17792889589516295,
    0.002409022992606355,
    -0.04918885826776247,
    -0.18613232278702796,
    0.08323709062297532,
    0.07019980604965054,
    0.08249359848482354,
    0.0265096027576378,
    0.02338471140968036,
    0.08785487917092064,
    0.04279302207858358,
    0.02635077688010232,
    -0.11942266655032382,
    -0.09844138843774948,
    0.19379641367713932,
    0.10416029897503837,
    -0.01349412268361751,
    -0.04415903892942882,
    0.026123900883639563,
    0.014184398012410004,
    0.03029036270270187,
    0.04838936224146452,
    0.04313539000678009,
    0.07004802004363986,
    0.05236258502304198,
    -0.0077045152437153555,
    0.11519742823597168,
    -0.08146072292452738,
    0.02894691584167565,
    0.07187389856016747,
    -0.035967716899475956,
    -0.17377044928954904,
    0.05682936204049303,
    0.09810343284551666,
    0.03075035005501178,
    0.03427319641232254,
    0.01358946686541386,
    0.11636792025177733,
    0.03690876083424792,
    0.11636039413267098,
    -0.07841734745906218,
    0.07201029045606933,
    0.02556186837711398,
    -0.024788082553078034,
    0.05428201612749998,
    -0.05623731001282152,
    0.04501801534362451,
    0.07109948914822146,
    0.0950210759728784,
    0.14336144155141547,
    -0.11872637216671024,
    0.02991167695281094,
    0.09122886994907958,
    -0.0943579397486377,
    0.12477587611436311,
    0.07641954153792048,
    0.048578326423222656,
    -0.029212354977860372,
    -0.020648109809491364,
    -0.07352842094126817,
    -0.03310766861534474,
    0.15674007799920095,
    -0.08685890966997317,
    -0.07027357983519991,
    0.008309629194743876,
    -0.08270172957774892,
    0.017845923937841637,
    -0.004091162194568336,
    -0.02032586922057404,
    -0.10814048892481676,
    -0.014582512501367884,
    0.029307502607273866,
    -0.034991568568171275,
    0.08490940761295196,
    -0.015174129802031689,
    -0.07818322214325049,
    -0.03642240030073162,
    -0.018792346462339616,
    -0.055072714210441326,
    0.0776123579446539,
    -0.030031232905044836,
    -0.02372085393290433,
    0.01851671911025841,
    -0.004469363958401842,
    0.06722332435402467,
    0.09260476652940092,
    -0.17989375423804155,
    0.04974484836941211,
    -0.0052535479573626465,
    0.09848631225561782,
    -0.054171604082686925,
    0.04008000267914298,
    -0.052148650676623894,
    -0.10283371331415792,
    -0.10955108021457247,
    0.06289018766609958,
    0.03388299633910399,
    -0.036398920011057975,
    -0.12492207941091275,
    -0.006976426140447068,
    -0.16653142301964016,
    -0.019461422632364084,
    0.08339492917527211,
