{
  "indicatorWeights": [
    0.9637160704014738,
    0.8398896085402725,
    0.5805916869305674,
    0.8513121930530476,
    0.8119538281910723,
    0.5315182506286706,
    0.7395278816209738,
    0.8598442561735897,
    0.6183224075516478,
    0.9419857153410183,
    0.7048829461740025,
    0.9242446981129036,
    0.6427417713813477,
    0.9171903892714255,
    0.68226154576129,
    0.8714223500226868
  ],
  "trendingMultipliers": [
    0.871975870127083,
    1.0780983768059027,
    0.8783076523284074,
    0.9019130648075749,
    0.8148994456329053,
    1.1619391246515813,
    0.8648876478437935,
    1.0062534027228935,
    0.9837304583576103,
    0.8688522987268213,
    1.0306903623858976,
    1.18889303564655,
    1.1242284270059844,
    0.8176842037245369,
    1.1953949106836803,
    0.8477525950372191
  ],
  "rangingMultipliers": [
    0.981352095277875,
    1.077780848460443,
    1.144830530334644,
    1.0954847534972845,
    1.0083433294689672,
    0.9717247571011037,
    0.9433390976794849,
    1.0063064351202133,
    0.8428143239723305,
    1.1913563162417462,
    1.0338218947516908,
    1.1063853239021695,
    1.135682898861032,
    1.1222006370176185,
    1.0238795095156603,
    0.8518654182886941
  ],
  "timeWeights": [
    1.2103289679470068,
    1.2545177169680457,
    0.7986197599019742,
    1.0484406770285373,
    0.8337638630935692,
    0.8661506426121635,
    1.212751917327737,
    0.7207800116881081,
    0.7875157480122017,
    0.7600774933704275,
    0.8650878633026216,
    0.7251658077661891,
    1.1655350484755982,
    0.7512152236763214,
    0.790799374188269,
    1.0369550263966585
  ],
  "interactionMatrix": [
    0.07856159626132889,
    -0.08970560962301027,
    -0.022746280717556466,
    -0.06821989162794721,
    0.05893490121925149,
    0.05264712686160655,
    0.09023836049116514,
    0.09196856644506411,
    -0.09425507205735043,
    -0.050942122802188884,
    -0.07173960998881034,
    -0.0012620703362338894,
    0.03594710528969922,
    0.030448420090859175,
    -0.06163048687560642,
    0.022541647766214614,
    0.047428841054057674,
    0.029804359725093744,
    0.08156685807535158,
    -0.06731837923872859,
    0.0629785677804141,
    0.0962591265796246,
    0.019449413891935108,
    0.03718220050733552,
    -0.046547066291199424,
    -0.02813771986165068,
    0.0777827202889756,
    -0.08329746221355044,
    0.06772317883826147,
    0.07548736006873054,
    -0.04965156887320526,
    -0.008039886246407923,
    -0.02488141909020445,
    0.09831580351733218,
    -0.0667852104315948,
    0.004785758051980693,
    0.04403200842380082,
    0.06272699850429779,
    -0.0418486907137023,
    0.09349700239247266,
    -0.08318203582892181,
    -0.09731782927378985,
    0.0453815569290239,
    -0.009644450823739149,
    -0.0034176992200317005,
    -0.001557148289471999,
    0.0785933480541487,
    -0.025239979874014606,
    0.09406459998998772,
    0.06048586410314336,
    -0.09266144848221161,
    0.0016236153713593993,
    -0.06241714486820016,
    -0.01418918728508023,
    -0.03989686837011466,
    0.07120342114690337,
    0.020747671642998112,
    0.031965069357146825,
    0.02430502049386163,
    -0.05648201705817431,
    -0.06682792346493338,
    0.07421814021145626,
    -0.04301495554092832,
    0.05199966316322611,
    -0.02961208652074934,
    0.05398465540069724,
    0.036454454941257076,
    -0.01133511222368815,
    0.07314968558254453,
    0.009821912712770199,
    0.06727845894637273,
    0.0644238489151473,
    0.05842934743322936,
    0.08019378728923987,
    -0.00903264118446665,
    -0.05884211654771437,
    0.049302689096333153,
    -0.06346583788259812,
    0.04938145885882977,
    0.06563895423089912,
    0.043976893915867746,
    0.09621996448457325,
    0.012027911231747136,
    0.081631686464196,
    -0.03245717463368974,
    -0.05264794422274848,
    0.09641386040464195,
    -0.03702139182251807,
    -0.01872250879217856,
    0.034279138314240946,
    0.07863646938634734,
    -0.0037080019645173937,
    0.026206442296233458,
    0.023522949565903974,
    -0.058299070637950326,
    0.029507234169281006,
    -0.07045829212475192,
    0.09645847822322134,
    0.054375909555172575,
    0.07711632902862503,
    -0.07937488931634776,
    0.05008842945416914,
    0.00924070456613033,
    0.015914105754160125,
    0.05382979110880684,
    -0.09128393515276825,
    0.07799829644607813,
    0.03141616639618019,
    -0.09043147714190465,
    -0.05123402058671609,
    0.033848948056241814,
    -0.07017478343362855,
    -0.03267535673900928,
    -0.03676284384397863,
    0.007056973349675477,
    0.0821711794014841,
    0.06629724321149004,
    -0.004040849149659654,
    0.030765292399957178,
    -0.0699108847066191,
    0.07393168236900237,
    -0.09120386141864155,
    -0.08781889151261571,
    -0.06892260526501241,
    0.08133462687474735,
    0.06658312302126153,
    -0.0788651451846128,
    0.05085360104691679,
    0.08957097994942419,
    -0.02570322465321928,
    -0.06749389520108265,
    0.049266366130585174,
    -0.06355718426178396,
    -0.041234168070343635,
    -0.004984745919698086,
    -0.035838589337159624,
    -0.02605217985803994,
    -0.032054542397034584,
    -0.08934337861761982,
    0.07944927013661816,
    0.0347915687632975,
    0.0050526428637696075,
    -0.0866267809818754,
    0.019603962188009395,
    -0.01483301655200735,
    -0.007716040177686567,
    -0.042402458753843054,
    -0.08105392161048837,
    0.030259070745199068,
    -0.059954465273995464,
    0.03692677427599527,
    0.09277697503745262,
    0.03766956544824845,
    0.0689582670614779,
    -0.09944036049367673,
    0.06281541416838435,
    -0.06062234473930919,
    0.09597381465697499,
    -0.05813373551884993,
    -0.07860740805451892,
    0.06169178896271846,
    -0.026105134462098525,
    0.04298707916440561,
    0.032752612894618775,
    0.09202375057526391,
    -0.09881330808904454,
    0.014933159369584725,
    -0.01720373022858477,
    -0.08657048837635087,
    -0.050641402384012074,
    0.05022842156228642,
    0.043996653447641476,
    -0.020570367740369203,
    -0.09813751882933325,
    -0.08098472432959164,
    0.08888100034102071,
    0.08126727065569272,
    0.09053396657131048,
    -0.008456003470661244,
    0.05157968751794373,
    0.07581829132742975,
    0.051360087217931484,
    0.06677601175310924,
    0.020172829467544996,
    -0.08517198894997749,
    -0.0943913133074542,
    -0.07624229501367728,
    0.06521689166324861,
    0.07389915967825976,
    -0.086103956419087,
    -0.06941488561995515,
    0.025606159845680355,
    -0.018014820204997496,
    0.026159093679846458,
    0.08750622207420762,
    -0.04363577419377871,
    -0.05733961594580237,
    0.0067923272696974735,
    0.07109339317382467,
    0.009724658526961007,
    0.011232264375727642,
    -0.0006599204466362085,
    0.08762914439840258,
    0.009428491144871876,
    -0.038523968506454676,
    -0.02616767054455911,
    -0.02186491425427264,
    -0.02677440654973915,
    -0.05387766761050124,
    0.08245554433886393,
    -0.029829931574357295,
    0.07722303257751886,
    -0.013129502084899158,
    -0.09899523872262864,
    -0.030000707224048042,
    0.08131143748837809,
    -0.04915883069058422,
    0.08252973772081865,
    -0.0029336217342569083,
    -0.08780702706612487,
    0.09737452822840183,
    -0.07557364729397503,
    0.025946841953917832,
    0.02037874082497857,
    -0.03202111955749996,
    0.06380128358841333,
    0.07651602949420933,
    -0.01782171444162748,
    -0.03665960385195693,
    0.021494502377414793,
    0.07408123968954113,
    -0.04225538718402571,
    -0.08338570593019119,
    0.051239824763958636,
