{
  "indicatorWeights": [
    0.6112986027102295,
    0.39930362861336227,
    0.1674478823265967,
    0.4299056145083386,
    0.6639354393828811,
    0.5340142006699506,
    0.6703933495750937,
    0.692000144145586,
    0.7786584090753054,
    0.8781827183915616,
    0.8275626670774379,
    1.0319880491000542,
    0.7708056835660592,
    1.0904535720533646,
    0.7872729078700215,
    0.7484852389622068
  ],
  "trendingMultipliers": [
    0.8974357930158094,
    0.7887095101607856,
    0.7818187869613514,
    0.8549364443070152,
    0.94882510820144,
    0.9427820019124555,
    0.9560640195785447,
    1.1097858644804905,
    1.0087436840847233,
    1.1649432328403098,
    0.9278358085537564,
    0.698135435591119,
    0.8419546605026047,
    0.9830750317362044,
    1.0891323461122469,
    1.0627770688591904
  ],
  "rangingMultipliers": [
    1.0215999078081026,
    0.8168050199503547,
    1.0788643102366697,
    0.7222423471270062,
    1.1037847878255815,
    1.2123795998039089,
    1.0234581073140692,
    0.835009100371972,
    0.6979064602216052,
    0.9105857636138116,
    0.9923752282733855,
    1.232825741127602,
    0.8329083588035344,
    1.1104501095942885,
    0.9900525990738944,
    0.7900535415690841
  ],
  "timeWeights": [
    0.9614073789944079,
    1.1593771493920624,
    1.353951700586277,
    0.977858249984226,
    0.9741190895459096,
    0.8768786874045933,
    0.924390693592905,
    0.7819031154242492,
    0.9596049028661489,
    0.8413356763021664,
    0.8404212423815793,
    1.0738737812481018,
    1.1706305616038768,
    0.9711343586707785,
    0.8465967132790914,
    0.7045968448755726
  ],
  "interactionMatrix": [
    0.09843206593903062,
    0.055683922742961814,
    0.098984196076452,
    -0.13739368269595603,
    -0.06603361091765453,
    -0.04225464803223778,
    -0.030212743884055596,
    0.06760679703668251,
    0.007947234345208106,
    0.13001290579486002,
    0.07993473988541934,
    0.03212685858092346,
    -0.10895185997348844,
    0.013018090265690887,
    0.05955134277596635,
    0.08848504219420372,
    -0.06225436674884427,
    -0.17932850141273604,
    0.05325116305131313,
    0.03957626772641715,
    -0.005069532467166571,
    -0.0786954989747415,
    -0.2703754244394445,
    -0.12766418409099714,
    -0.1119113579090015,
    -0.17575136958700788,
    -0.07600343841195338,
    -0.039903069375176056,
    -0.12299422758010031,
    0.012326008009029112,
    0.016502732128967065,
    -0.08651855728744212,
    -0.07143194335099612,
    0.03132527563164993,
    0.10576403456320461,
    0.03464135217216332,
    0.025884559133613476,
    0.05432190172195313,
    0.017063476780101373,
    0.10363289643865897,
    0.005236404212513054,
    -0.045845085791969456,
    -0.08452176578903352,
    0.07728108960713838,
    -0.1051686638864702,
    -0.11405352221619461,
    0.01610431051730231,
    -0.0465072171805892,
    -0.07644102110091168,
    -0.07668876765256405,
    -0.1252866066771274,
    -0.12295746903694138,
    0.035150247234871895,
    -0.041693667780258424,
    -0.010319236673356415,
    -0.026919807580678204,
    -0.01107552855225309,
    -0.1632058896470413,
    -0.08033105481525776,
    -0.019280807335289224,
    -0.09107142573326849,
    -0.09432648456762788,
    0.10293526439492734,
    -0.14484695767418868,
    0.005083466965643341,
    -0.13567642699257798,
    0.050101959382124625,
    -0.09427778060593614,
    0.016025583075981363,
    0.017313959802787382,
    -0.036692170991636464,
    -0.0716108834100479,
    0.02765980372619542,
    -0.04016156986423917,
    0.02924192719076886,
    0.10393307783867746,
    -0.0634753123334085,
    0.0411197040917153,
    -0.03753227598300211,
    0.03397559332776159,
    -0.11457437312241864,
    -0.1562824320336481,
    0.00843332740860956,
    0.023593818843177697,
    -0.10987011558800308,
    0.05129391088355929,
    0.020129788570436447,
    -0.1202259515907878,
    0.12498166344709989,
    -0.08955397172302636,
    -0.013228150347862785,
    -0.08725303382218674,
    -0.11739279481933132,
    0.017194606760958065,
    0.008764378684075003,
    0.0032076161846443345,
    -0.03474726354949811,
    0.01792273232366122,
    0.038477090745778264,
    -0.008329051449518607,
    -0.0361951746027378,
    -0.06856904157172518,
    0.010817189817099913,
    -0.05873045405186367,
    -0.02493322952719068,
    -0.1135440184803871,
    -0.05099616809516417,
    0.003134192169142659,
    -0.0756589805352563,
    0.0005260005195336204,
    -0.03036300111035032,
    -0.11792286033123006,
    0.052022798190892124,
    0.008324899627322718,
    0.07740919831156107,
    -0.05264506025392685,
    -0.010368943114060059,
    -0.09213676491343206,
    -0.14863573941620256,
    -0.0850401735109498,
    -0.05335666670900285,
    0.02128629514194922,
    0.05719917924105771,
    -0.07135475094894189,
    0.12725384714320556,
    -0.03617933514222734,
    -0.0555664218498582,
    -0.07698551194881398,
    0.028409437074782228,
    -0.053741564289259636,
    -0.03975599634949947,
    0.043778603296554114,
    -0.1020298848644862,
    0.09095278485896349,
    0.06846092394047672,
    0.07389610207834661,
    0.028199795050313246,
    -0.09232471635837253,
    0.07480119413718728,
    0.054833576163665604,
    -0.01466787791403261,
    -0.019890031984783563,
    0.06686487811484078,
    0.1042520181575767,
    -0.016418677847634497,
    0.11021688416477081,
    -0.07914038024206667,
    0.004061785017516939,
    0.024983149686040193,
    -0.02037502258583778,
    0.08499919051717471,
    -0.08067125308734317,
    -0.04072637955310022,
    0.03699255714902008,
    0.09030904617843705,
    0.036499229876268996,
    -0.0669925082911351,
    -0.031170551862736297,
    0.10493405641717143,
    0.006842565894608486,
    0.08044707812673843,
    -0.009152220974399612,
    -0.10618419939038064,
    -0.1333666204009928,
    0.12850655246614334,
    0.013811079124874913,
    -0.12401581483023554,
    0.10256016153911002,
    -0.1601321637827573,
    0.027959195551771884,
    0.05703933741466032,
    -0.08844554596523567,
    0.08094793315381582,
    0.0005438904987738399,
    0.05203594769805959,
    0.05477421756806872,
    -0.04003809500476204,
    -0.06772799414275413,
    0.05073749343612925,
    0.043498295854595706,
    0.040631212945726566,
    0.10402455417947921,
    -0.040971836015565054,
    -0.12691332650682008,
    -0.008231741971709195,
    -0.06994430049148306,
    -0.059999959812655254,
    0.002210046337688072,
    -0.017931791886627246,
    0.022105552345870697,
    0.04376936244754531,
    0.06867153903570823,
    -0.07130819346763757,
    -0.07844041295267151,
    0.04547127291592891,
    -0.10260439634977314,
    -0.022085108236524865,
    0.09366658816628237,
    -0.03466425513973701,
    -0.12195873744773195,
    0.03653536036960939,
    0.05192623982254782,
    -0.0924919096597053,
    0.018279498123067027,
    -0.09254795792947791,
    -0.09274979741398982,
    -0.00738457355140233,
    0.07489045028955327,
    0.07346793223392536,
    -0.03107864046490653,
    -0.02977903603399992,
    0.027738190579504142,
    0.065490792274283,
    -0.05060389704433105,
    -0.10045306910036975,
    0.005755811704314759,
    0.0427813964396342,
    -0.0069304809724045,
    0.1197993031539116,
    0.08640309220628736,
    0.05115034028888075,
    -0.008513267385869761,
    -0.027396139057064443,
    0.06873623992694039,
    0.098306068188393,
    -0.023245791238077487,
    0.06603036089784957,
    0.025637808816951057,
    0.02418109502062591,
    0.020815714089844603,
    -0.11610609267827451,
    -0.018961757469454867,
    0.1702796903982774,
    -0.021224190311193797,
