{
  "indicatorWeights": [
    0.25371149313200453,
    0.3757263978947465,
    0.8169151016477842,
    1.1679842492850978,
    0.6234524460323039,
    0.7190127186488385,
    1.5287979644284757,
    1.318333117584427,
    0.5483416074393288,
    0.6438446592437868,
    -0.026425636336781855,
    0.14146970466654213,
    0.07960763941530813,
    0.7899128441839931,
    1.3950801517933487,
    0.5584185860039783
  ],
  "trendingMultipliers": [
    1.199049269510705,
    1.082639796206463,
    1.1707563897647315,
    1.1920667623019852,
    1.0876171509046495,
    0.8150612493274146,
    1.159457984905271,
    1.0410314713237387,
    0.8922474701891716,
    1.1457324564641824,
    0.8041950531437886,
    1.1580731968585174,
    0.9314433695915512,
    1.0014736946742708,
    0.8800594969610116,
    0.9711986050586582
  ],
  "rangingMultipliers": [
    1.1979811955472541,
    0.9082396550474043,
    1.1585739852721741,
    0.8455015428357086,
    0.8086117887616031,
    1.0394807384173075,
    0.9383319900789592,
    0.8960549665858011,
    1.0408296884664077,
    1.0208978759394327,
    0.9768376320961039,
    0.8749859739859291,
    1.1220404159338908,
    1.1758252652763161,
    0.900334240682023,
    0.9789672653025258
  ],
  "timeWeights": [
    1.1635768169684166,
    1.153271429330642,
    1.2595670047079115,
    0.8211744543012707,
    0.9503793090539909,
    1.2003493242600938,
    0.7747953749576484,
    1.0694808937222133,
    0.8428850384247554,
    0.92865273818383,
    1.1054385334369676,
    0.7373360242930197,
    1.2645032992427476,
    0.9643110610686925,
    1.0263384161640785,
    1.230832021669417
  ],
  "interactionMatrix": [
    0.018176025349477598,
    0.06915764177613695,
    0.08377094480786801,
    -0.0310341255693277,
    -0.03750222088428612,
    0.019984740383334244,
    0.024040364439234185,
    0.06812380438345189,
    -0.06574099407623031,
    -0.08432648580024081,
    0.0499648662077872,
    -0.07744981445604018,
    -0.02218326970530542,
    0.07561650003817078,
    0.06444668175167322,
    -0.04070600831327625,
    0.05563082879204009,
    -0.06441050122719072,
    -0.06798801598977824,
    -0.07530082113555225,
    -0.023954568409012313,
    0.022385461453557555,
    -0.07810066724110554,
    0.08805915060630667,
    -0.005599847099100663,
    -0.06979366526325843,
    -0.08094044863781923,
    0.014572445983198824,
    0.07469875156697284,
    -0.03401789760415164,
    -0.015537327097162934,
    -0.07292740460469833,
    0.0676234639598339,
    0.056735715884658006,
    -0.0450180167990492,
    -0.06348495088987789,
    -0.0655710426606726,
    -0.07809359224830813,
    -0.0671039771663668,
    0.056598648952938646,
    -0.05088956445535542,
    0.033981613142045286,
    -0.028657322912290884,
    -0.06678421248505906,
    -0.014657867821033888,
    -0.07705824332996346,
    -0.033055265749230324,
    -0.010060442104615276,
    -0.08988370499682619,
    -0.07093996837441914,
    0.0713251897630917,
    0.008428150813262026,
    0.007037031665858318,
    0.015065813672240625,
    -0.0136335716449719,
    -0.01377722775688608,
    -0.046745491899577885,
    0.07445771376110036,
    0.040194568049362014,
    -0.017600183193360208,
    0.03802502060787878,
    -0.06996398590520335,
    0.0585586105596029,
    0.010210871721037386,
    0.0068841946952106214,
    -0.019545885984132583,
    -0.07454593973872496,
    -0.01216267454971507,
    -0.05243759482365214,
    -0.09715259227504294,
    0.06258933473020296,
    -0.030266247375764777,
    0.08842986271602676,
    -0.08695993691287163,
    0.08094609256633059,
    0.018333435215402073,
    0.07280271496640534,
    0.09094710635514498,
    0.0641037029459397,
    0.08237977062837748,
    0.02798426681491677,
    -0.05062607814213829,
    0.07227392892588731,
    0.08852492696174662,
    0.002851985920121281,
    0.05918725818366353,
    -0.03461550654507677,
    -0.08722016883275577,
    0.04231813987098765,
    0.04847854258590994,
    0.08145931315923437,
    0.0024746666711269907,
    -0.03957376912310798,
    0.051017466063892375,
    -0.056019558000070524,
    -0.027183412653689377,
    0.0949439717828305,
    -0.00025546109702447863,
    -0.06474823740046268,
    -0.06213645184367751,
    0.008675741360355116,
    0.03429440676942659,
    0.008923244596187941,
    -0.04282448172530991,
    -0.07702942318261607,
    -0.08675439649090966,
    -0.041561463163553004,
    0.057087373870706594,
    0.09451358598256776,
    -0.042930268723129376,
    0.023991877548840402,
    0.03247682882179972,
    0.07407476434431791,
    0.04748780960950998,
    -0.07143742515711504,
    -0.014685838474395552,
    0.0668937654716572,
    0.08217517268605135,
    0.047579473556383235,
    -0.0793991977267619,
    -0.06981868817408643,
    -0.06053118000899565,
    0.05379400373715142,
    -0.06770273422740121,
    0.08774476859878613,
    -0.04738438839558759,
    0.07456069665987912,
    0.021897327082499654,
    -0.07721740604976852,
    -0.023110620668766946,
    -0.05499453048616061,
    0.0394700109402933,
    -0.06405593192842722,
    -0.04691045184369689,
    -0.02568374363330448,
    0.08500496170854202,
    -0.007195165646511615,
    0.038400650281821914,
    -0.043621435253815594,
    -0.08749789329009994,
    0.05685742157203533,
    0.07178437069221287,
    0.0344241631702177,
    0.09660444164709514,
    0.024961260499011574,
    -0.08261588278064545,
    -0.002838297306807114,
    0.03369910303798201,
    0.012843885966264623,
    0.07655681235353068,
    -0.04414211345507753,
    -0.009545941322457563,
    -0.08393240812953562,
    0.02008742075710146,
    0.09563924987844968,
    0.07044456017934962,
    0.012854380244457998,
    -0.08007558928215636,
    -0.0566142035627453,
    0.04194752806234976,
    0.096906195292894,
    0.0025974397741488353,
    -0.07684670055418462,
    0.015581759095920678,
    0.0530670217956029,
    -0.04726091440618161,
    0.08596357782630637,
    0.0771944145185392,
    -0.0011248246749115953,
    -0.08326954165599183,
    -0.08136145406982631,
    -0.010604932877553642,
    -0.07980170312389728,
    0.07756315176135856,
    -0.0781751767830172,
    -0.07634716120290025,
    0.014996964472868957,
    -0.04443999452776946,
    -0.006961223698238728,
    0.093362045980845,
    -0.011242237635553787,
    0.08623047189408217,
    0.07529275909706928,
    -0.05987714595650069,
    -0.052834753584301765,
    0.026171443006255315,
    -0.047792847319479886,
    -0.077482167023686,
    -0.06464272387474015,
    0.0017309266052019546,
    0.09025737363867954,
    0.04423678926572821,
    0.03263319282038026,
    -0.0011494668327194368,
    -0.014823802632406525,
    0.07120613809105596,
    0.04304139479147262,
    0.030095500503717655,
    0.0738190326893492,
    -0.08172863783691822,
    -0.0980008179265405,
    -0.019366489921384546,
    0.01438802575404068,
    -0.0494340390453599,
    -0.0464196326137325,
    0.058180725111129754,
    -0.05445306731963731,
    0.0078126102478151,
    0.01631426440802397,
    -0.004758002113542248,
    -0.07015248600130185,
    0.09792289812970845,
    0.0875808829781377,
    0.04250168394807999,
    0.04403159908273107,
    -0.07172004315294277,
    -0.006004198201040878,
    0.08964272254884836,
    0.007541057512246274,
    0.040959284329669735,
    -0.013925963448200096,
    -0.02377857323254262,
    -0.03247142823897851,
    -0.08135233620234145,
    0.02817971567185187,
    0.06336484326014669,
    0.059552387861375226,
    0.055004677647164636,
    -0.08206341275858503,
    0.02014398177301595,
    0.07561084850040976,
    -0.08024731023898785,
    0.0894919553722876,
    -0.02593341521156798,
