{
  "indicatorWeights": [
    0.6752497553609115,
    0.7604782732520908,
    0.9003334360797857,
    0.6004654687497707,
    0.6487885222833454,
    0.5723960068740663,
    0.9062314316288865,
    0.7654702780730421,
    0.7795179652552666,
    0.8209300201839123,
    0.8897554845017152,
    0.4100549964302639,
    0.6558497262166417,
    0.5251251846320697,
    0.6086614708449689,
    0.5642407026266352
  ],
  "trendingMultipliers": [
    0.834005369657911,
    0.8849444672022063,
    0.9076395891143906,
    1.150750527434573,
    1.0871568765703334,
    0.9518895906375704,
    1.1426293603211615,
    0.8964421563318709,
    1.0954500597913874,
    1.189157484847836,
    0.8032010425980383,
    1.0485247217206912,
    0.7505317127429917,
    0.9049425414794403,
    1.0056495592819645,
    0.935487028245912
  ],
  "rangingMultipliers": [
    0.9204375998245694,
    1.0446480678647876,
    1.1337637935234592,
    1.1332648899111055,
    1.16318444566897,
    0.9143111325083082,
    1.0752635529322445,
    1.0765313815633044,
    0.9452393388039037,
    0.8312468164896821,
    0.8399768896193675,
    1.1812003044718287,
    0.9158828297674881,
    0.9434784666467771,
    0.9878430666090552,
    0.8105324097331823
  ],
  "timeWeights": [
    0.9597794629554967,
    0.9948434768141057,
    1.0479225694041885,
    0.8918033331986402,
    0.7213578407087718,
    1.026498909869533,
    1.2830389643626767,
    1.2103426211168742,
    1.0500677761941337,
    0.7361198241166744,
    1.251469300861716,
    0.9755757904301021,
    0.9013342435017857,
    1.182711293411686,
    1.0048185515758652,
    0.6786564311965814
  ],
  "interactionMatrix": [
    -0.0929610929717202,
    0.08271741907818159,
    0.031846039005869686,
    0.05425049954752659,
    -0.044374230688405375,
    0.02164468375730596,
    0.0006585595756240306,
    0.09118867757914767,
    0.09263491623579304,
    0.061292771301298316,
    0.08541462491431132,
    0.0727791536655767,
    -0.051904782803449324,
    -0.0645613146371762,
    -0.049182926614695394,
    0.02902289577855064,
    0.06926120697171559,
    -0.13373177363017905,
    -0.058590840898175615,
    0.01913947491432291,
    0.031581474185218776,
    -0.03205399362291703,
    -0.0639238144544374,
    0.09781545497123074,
    -0.09364048721807791,
    0.07742553767051491,
    0.004148073655657392,
    -0.024161755234037165,
    -0.024985623499144072,
    -0.0582929348458364,
    0.05903927023398728,
    -0.04904552783138949,
    -0.07610304080859849,
    -0.09189405154759725,
    0.07845922910822567,
    -0.0033875119856699113,
    -0.05001315772203843,
    0.05739905145247959,
    0.044439719623396434,
    0.09985347911453302,
    -0.023480538968843546,
    0.08369507454135271,
    0.07400910012894224,
    -0.030178349093357804,
    -0.13500527292355835,
    0.03507068830441702,
    -0.08707391926049385,
    0.059724967090824616,
    -0.09516315848725197,
    0.07845510990630417,
    -0.07110784940484723,
    -0.04490175676775519,
    0.03637616168369215,
    -0.032282682020947265,
    -0.0692530403970929,
    -0.01869895060285998,
    0.0829077127317673,
    -0.0144023434161785,
    -0.05271457884322659,
    0.09516381981524358,
    0.08147813089492835,
    0.009103954755894695,
    -0.05727821911865421,
    -0.05059513939693015,
    -0.07297114360544539,
    -0.018474247479516114,
    -0.059940000202789806,
    0.055362242645924466,
    0.014958229933347597,
    0.047487802742348054,
    -0.0035720759356747235,
    -0.07703670464023572,
    0.03560030351043177,
    0.07750930574732738,
    0.03754890420870345,
    -0.033710198661270584,
    -0.0012741190469295562,
    0.022081107223454268,
    0.07254843738993529,
    -0.09751093873768611,
    -0.02923310848687577,
    0.12149364105401353,
    0.02339478954278875,
    -0.0549043163758883,
    0.04498079893280599,
    -0.01715838156163423,
    0.00898366782819381,
    0.05972241892638639,
    -0.02710486772759997,
    -0.003830016035739736,
    -0.09961651478931238,
    0.011987034710405853,
    -0.037554632985309366,
    -0.05656842434619243,
    0.08651131517044604,
    -0.03984203830135383,
    -0.09396413926549839,
    0.005579717501474502,
    0.06086538856629671,
    -0.08619433856950279,
    -0.018381367468635414,
    -0.02161224939158808,
    -0.04052001826850078,
    -0.14507515834267432,
    0.024965488614955622,
    -0.0496236604207458,
    0.02152546342505293,
    0.04640742648971104,
    -0.012796967174161811,
    0.07002937878425346,
    -0.012806898327552952,
    0.08504270538086763,
    0.01809737896182865,
    -0.047176053434255905,
    -0.06318378090885626,
    0.07280134641241238,
    -0.04866481565260083,
    0.036943978777452605,
    0.016506030955667852,
    0.05789245699679793,
    -0.0355206414660546,
    0.09627590672732454,
    -0.08434844276517292,
    -0.030494760547123634,
    0.12907412678869712,
    0.07639169397245721,
    0.06569558283228445,
    0.05043569515557256,
    0.03464863808600949,
    0.09538453722447138,
    -0.001927457036843716,
    0.09367834888569758,
    0.06934738456821403,
    0.04686941537624876,
    0.08746710521987919,
    0.0001332347825734992,
    -0.018939156243826496,
    0.08859420838983592,
    -0.07056406065316026,
    -0.03413056635824163,
    0.030022381675239483,
    -0.09815097272454949,
    0.07765947266259415,
    -0.019880446582922876,
    0.03174402529543501,
    0.09263295412561452,
    -0.09343873339536456,
    -0.09829737110329902,
    0.02767578700206356,
    0.06370760927729341,
    0.002963305076922529,
    0.05208697364725179,
    0.10378960948970267,
    -0.08824701085069458,
    0.043444019017664974,
    0.02722878180865692,
    0.060743961260058967,
    0.03199050757038673,
    -0.06677976345188581,
    -0.017267793819331547,
    0.011479108547194663,
    0.041970275049267536,
    -0.13366946507940408,
    0.08827195716330234,
    0.05973782193049235,
    0.019733694926721883,
    0.1195390482086708,
    0.08696980105526558,
    0.012382024216918797,
    -0.07589209250213504,
    -0.023854164138278924,
    -0.06832820180274082,
    -0.07677181507375225,
    0.019097337157185083,
    0.09102505498212808,
    0.02194820909438815,
    0.0666124031096067,
    -0.03051930507541305,
    -0.09976882422472302,
    0.027307131448050106,
    0.025333743917016482,
    -0.04202482682460132,
    -0.03325059878916473,
    0.03771618475584222,
    0.017124632578834367,
    0.04645349370502514,
    -0.03727153604628552,
    -0.021782402944882165,
    0.004582117837326271,
    0.04566377805944062,
    -0.08601373469389605,
    -0.05357350257587439,
    0.0021906286172701963,
    -0.008378889679835178,
    -0.11997034291505689,
    0.04748699872053107,
    0.09722702525319343,
    0.006561520713851899,
    0.07024993989100457,
    -0.08292810018346514,
    0.02442788803092588,
    0.04491517611262659,
    -0.06446985849352241,
    -0.024932385892601938,
    0.0476404432126226,
    0.01705972380305566,
    -0.0013821751589510045,
    -0.012830153039396164,
    -0.06219793660052939,
    -0.03733151356230555,
    0.0811005894444567,
    -0.06048372268053302,
    -0.008237875684727091,
    -0.012012736013724401,
    0.0900221954501009,
    -0.07953531867674582,
    0.027748661232788446,
    0.09324335367819739,
    -0.0963657471577051,
    0.03740463090077644,
    -0.0038318562405371803,
    0.06303208151327433,
    -0.04895519839921196,
    -0.13798525865792222,
    0.08905914300447851,
    0.018384576435277467,
    0.06680066667715416,
    -0.06358048433960231,
    -0.025668554378147704,
    -0.03874811656549368,
    0.015231052522745304,
    -0.012559527542787163,
    0.048168686306028136,
    -0.044990224213631816,
