{
  "indicatorWeights": [
    0.9877526723868866,
    0.6569824241952211,
    0.5759049193575411,
    0.8595693723719399,
    0.8440874775052822,
    0.6415491924229744,
    0.6491740780169105,
    0.5401951599310174,
    0.7378871987835228,
    0.8927552391903922,
    0.7332043410819713,
    1.034211729500056,
    0.6529973934838051,
    0.7424958093362898,
    0.3960893917172249,
    0.9548127197063067
  ],
  "trendingMultipliers": [
    0.8012986983184218,
    0.8088547973951308,
    0.852532240669353,
    1.0671253628365067,
    0.8512074037592254,
    1.015517239842996,
    0.9826493192569714,
    0.8004226007358285,
    1.1968118830320638,
    1.1870536531468983,
    0.9251619134303113,
    0.899140156892005,
    0.9883428269850111,
    1.1914722264050142,
    0.9569955489459875,
    1.128548651944597
  ],
  "rangingMultipliers": [
    1.0129377475451014,
    1.0669167527184293,
    1.2499448685639538,
    0.9443058283032079,
    0.8438665268586499,
    0.8718758186930188,
    0.9366637503993324,
    0.897582976105724,
    0.9243629154819608,
    0.9849367214952791,
    0.9784984581113633,
    1.2167537960312698,
    1.109870149728952,
    1.1371346243940819,
    0.8963586510236214,
    1.0331316631252285
  ],
  "timeWeights": [
    0.947992060099273,
    1.3493343934531166,
    1.2758714240057032,
    1.16301453481347,
    0.8999477220193028,
    0.9445918784477847,
    1.0327830363120192,
    0.7792331521601319,
    0.9711006384868107,
    0.8405620584024718,
    1.2485225494334635,
    0.7386785803660643,
    1.1612216111442546,
    0.6998739350943126,
    0.8991639490026848,
    0.7141630609853656
  ],
  "interactionMatrix": [
    0.03471581513449362,
    -0.06152337857938681,
    -0.1501656282258231,
    0.010129622608010381,
    -0.0759917418669563,
    0.025845164986894563,
    -0.15883454208368508,
    -0.05506631996556604,
    0.061078011246334725,
    -0.0639559065872882,
    -0.08558233256724583,
    -0.0940077171855015,
    0.09679092322360386,
    -0.0561784150291621,
    0.07007691393765657,
    0.0387061641037363,
    -0.031798179854049646,
    -0.006586196943128298,
    0.003201918947685671,
    -0.012080409414320026,
    -0.016691281297689865,
    -0.051346949892113324,
    -0.04280289508158205,
    -0.011522767842019312,
    -0.10528040134658641,
    0.14792001297462137,
    -0.015087931901238007,
    -0.030373280232651945,
    -0.0352263502395457,
    -0.10978988310264012,
    -0.04162773032483558,
    -0.0772477057115784,
    -0.08700705305010348,
    0.03209060792081627,
    0.04990988898503249,
    -0.06813869846840818,
    0.013539585279450962,
    -0.03108095329893844,
    0.04634573640785744,
    0.030140317651484602,
    0.013228746680852582,
    -0.08537526066258823,
    -0.009511415033204742,
    -0.0834214721370985,
    0.11234796169902046,
    -0.03794400153788291,
    -0.037570634100306956,
    -0.03664990497879323,
    -0.02478119797897228,
    -0.114628078490763,
    -0.06762877624052709,
    0.06266457139408788,
    0.09891250744283905,
    0.0006637611079390419,
    -0.06706050052859769,
    -0.08422033955497579,
    0.09295845938330577,
    0.0769001985732253,
    0.04819883016035518,
    -0.0013793908759437753,
    -0.02563719005114174,
    -0.1385532499495326,
    0.08019236374165237,
    -0.04216477540289132,
    0.0944499623047191,
    0.07566821528351453,
    -0.07069068733735127,
    0.0008211938757219372,
    0.027603342926003402,
    0.0692272316410506,
    -0.0036155197184693094,
    0.030017793581709862,
    0.05051395045351603,
    -0.09152088080454635,
    0.09302404496509172,
    0.050720192002014684,
    -0.0891902165601938,
    -0.01327044038926446,
    -0.08306897269223046,
    0.060026999333042695,
    -0.0059960758776978484,
    -0.20641878114980033,
    -0.07986660107604193,
    -0.015724663209337165,
    -0.14986157108107978,
    0.03462219303336225,
    0.014691913428962018,
    -0.12252018544524676,
    -0.07457090419783474,
    -0.08145859782083173,
    0.00848181034595432,
    0.028093932124381625,
    -0.0825085421053762,
    0.01259120991000692,
    -0.1212612321225268,
    0.045688162637150274,
    0.10091978275258326,
    -0.06927384889600323,
    -0.15520971257079003,
    -0.10781555344549282,
    0.008193669268343716,
    0.039850720569457376,
    0.009694390094859305,
    -0.11969722468368536,
    -0.02872740768486368,
    0.06942079450432255,
    -0.06584959177678493,
    -0.026265819876890275,
    0.06130919585276318,
    0.017850049891384424,
    -0.07937025771819349,
    -0.07142740182982008,
    0.14834671395458598,
    0.05941243946941606,
    -0.009908394313676828,
    0.11639686059726381,
    -0.05499267781175042,
    -0.03150019529412444,
    0.0399247852594823,
    0.027969267173090718,
    -0.03612670660960322,
    0.07231516862165295,
    -0.08556204164126238,
    -0.0017604341308325112,
    0.003121349417917762,
    -0.018263969181127732,
    0.12113084911391822,
    0.06086812703824809,
    0.016595878288550307,
    -0.09762546151238208,
    0.014893179836092974,
    0.03555173614269049,
    -0.06766688424624323,
    -0.008495754770614018,
    0.060556267762578615,
    0.06268989791886488,
    -0.06352201441971056,
    -0.06508886193174113,
    0.02449722994788278,
    -0.11212602167366928,
    -0.0219157786286496,
    -0.025598272857389887,
    -0.06130928728186716,
    0.06464893415313204,
    -0.02513530087306296,
    0.009472447498435212,
    0.0880142971029047,
    -0.08087149932036652,
    0.09151082981122338,
    0.03218914128003068,
    -0.046667128001890046,
    -0.11382576575085734,
    -0.05501135243684872,
    -0.09373541847122727,
    -0.02714943457618582,
    -0.03380717235690922,
    -0.06595326127159924,
    -0.01620259821021779,
    0.00668579082935297,
    -0.08416476547787924,
    0.02531552875371449,
    -0.0038783361586929768,
    -0.03050952487756261,
    -0.056874563120095825,
    -0.06754615365966236,
    0.09320999851371418,
    -0.06971375063507,
    0.034204650161479576,
    0.04328754363589012,
    0.10629998886354805,
    0.06648269801635233,
    0.04069629821489309,
    0.004540165547400117,
    0.09127283109842235,
    0.05192868278655209,
    -0.11880332646815306,
    0.11870158984537162,
    0.07344866318222265,
    0.02568982223718666,
    -0.014438906211834232,
    0.10205585335812106,
    -0.09032134350569662,
    0.04658534829020016,
    0.02397083906224633,
    -0.05561727918858586,
    -0.12451046197353885,
    0.024833847215330933,
    -0.04899081277714066,
    0.01706505189844978,
    -0.042915603247850376,
    0.011277280662671873,
    -0.06838954752621101,
    0.0026553724928678746,
    -0.12235456856065538,
    -0.04236430855524746,
    -0.027426789153142696,
    -0.09700826468746734,
    0.07403137453762594,
    -0.04966669264558053,
    -0.12566544114041095,
    -0.0425608445690093,
    -0.07926795440451471,
    -0.03172312524597175,
    -0.14174389271781054,
    -0.08321063517460005,
    -0.08428255275259836,
    0.028641397865593003,
    0.0003665765537690033,
    0.05432951837223959,
    -0.11458746566530081,
    0.09118529069106315,
    0.09151296574410575,
    0.004634252458981351,
    -0.031810941246897095,
    0.07725820373002432,
    0.07596005026663939,
    -0.02473405960192502,
    -0.14664745132404297,
    0.045476531188700126,
    -0.015343252657079094,
    -0.10163375768422696,
    -0.029593771627906523,
    -0.06503903777766229,
    -0.007359399584474536,
    0.03195260156739647,
    -0.031710787847230595,
    0.11596813700724048,
    0.009653282789841722,
    0.05334876497718038,
    -0.012121188597855404,
    -0.12580646982182492,
    0.07616100280481021,
    -0.03393428077328928,
