{
  "indicatorWeights": [
    0.8008890649513625,
    0.44972138270829837,
    0.6806801674270514,
    0.35989852410355155,
    0.7420560302556869,
    0.6579979943684763,
    0.8936909058457853,
    0.617587602487092,
    1.1347370442628877,
    0.8047350639121691,
    0.6488234270855936,
    0.5445289314321233,
    0.5450740304259863,
    0.41675207928272395,
    0.5932045312002515,
    0.972358264215356
  ],
  "trendingMultipliers": [
    1.174043613656966,
    1.0038235855119413,
    0.7634160259202973,
    0.8753966732550765,
    0.8036537481316016,
    1.1129252867848312,
    1.0940203115971467,
    0.9267125862776173,
    1.0644477677065307,
    0.7327200366016546,
    1.271707969570048,
    1.1487853398817576,
    0.789210676199577,
    1.0176447284288999,
    0.5654699038967962,
    0.8906301721387315
  ],
  "rangingMultipliers": [
    1.0475752738038016,
    0.8576471863526506,
    0.8741819410681579,
    0.7019188663469533,
    0.9061722066800351,
    0.8608344987094824,
    1.1290262309600634,
    1.0323692482981768,
    1.1488729531465,
    0.9874368887846007,
    1.0208057869592924,
    1.2259222891851644,
    1.134539200591041,
    1.014343402791306,
    1.1957562759829106,
    0.9500640446035495
  ],
  "timeWeights": [
    0.9998290137625292,
    1.207431638201264,
    1.0742589547811594,
    0.8132664735184245,
    0.9060355446370674,
    1.1102822548741251,
    1.2718432745854857,
    0.8798159182165954,
    1.2705752296353048,
    1.2822678998078298,
    1.2342323358155425,
    1.2069346418435636,
    0.7827267372753747,
    1.0907062157638956,
    0.8109065827686979,
    0.46573336550642863
  ],
  "interactionMatrix": [
    -0.09296313008859157,
    -0.07427618134518238,
    0.11130114565535,
    0.07203317804750431,
    -0.03500158790398314,
    -0.04960102741029077,
    -0.20516462437012367,
    -0.1020385707900594,
    0.05444555773549631,
    -0.04271209152927516,
    0.11116424941188222,
    0.02962178794355329,
    -0.012915712209482622,
    0.03669562369536159,
    0.000947384272006406,
    0.12347581093368014,
    -0.09400102708047536,
    -0.11899475269461457,
    -0.06924191085422791,
    -0.08574133308374679,
    -0.0717550212458918,
    -0.15129892697838598,
    -0.10196399707515556,
    -0.03128750328669125,
    -0.09071904469760983,
    0.022320312207058362,
    -0.06280641297297747,
    -0.022091629648293233,
    0.002514547058093161,
    -0.062441953102346154,
    -0.052604445215700825,
    -0.004735230654175054,
    -0.06537587309331563,
    -0.1352213095307681,
    -0.07175238452888555,
    -0.16408664201781395,
    -0.10452434372986334,
    -0.028975007106479277,
    -0.14579849775916176,
    -0.0761954891039344,
    0.036955881019360884,
    -0.0066997252785868456,
    -0.10595640282770619,
    0.07996376816347071,
    -0.1483974742637199,
    0.05678977347497685,
    -0.14998272224066983,
    -0.03113472174436461,
    -0.17433458183430783,
    -0.020515342299631985,
    -0.15379461788492726,
    -0.10623166396791117,
    0.06453257092542698,
    -0.08195673697459882,
    -0.008645672044567555,
    -0.061813700171342204,
    0.0031902537526043735,
    -0.07077868971321749,
    0.06831863662153537,
    -0.025601187568617394,
    0.02606269682457485,
    -0.07479706180079211,
    0.034207949610704856,
    0.02088700919225377,
    0.04355649645767314,
    -0.055861406572479844,
    -0.1852437207976882,
    -0.0014848251321674024,
    0.07496153885500068,
    -0.006464696825569161,
    0.006618174859259156,
    -0.02780805723052039,
    -0.09847285627706542,
    -0.12239567052392769,
    -0.04899606661528601,
    0.08287479867135297,
    0.05632158080163828,
    0.20272310624698228,
    -0.036677046109819256,
    -0.00011859209355546962,
    -0.1719255259080496,
    0.13120931812511963,
    -0.08826510161815777,
    -0.02581316957795382,
    0.021933165026820106,
    -0.02530193049026533,
    -0.03948977234546659,
    -0.049023434162007676,
    0.040662271530430893,
    0.03464802253077984,
    0.04808530691726376,
    -0.04512192578501445,
    0.01132487108293364,
    -0.04337015813552107,
    -0.05603664558910271,
    -0.054396273636408095,
    -0.048311159816579866,
    -0.16102619083499395,
    0.06768903195007554,
    -0.06300291981609515,
    -0.11192835471689276,
    -0.0003537447391892268,
    -0.010090486532145778,
    0.03883664917355785,
    -0.057067216391211734,
    -0.0071767017550109,
    -0.06625199395509505,
    0.03264599148687322,
    -0.06077442585106426,
    0.04570701972912338,
    -0.11814122490555777,
    -0.06751385463690113,
    -0.0705535680942108,
    -0.05603718747281585,
    0.07447064040454054,
    -0.06444074610131652,
    0.1219602249250508,
    -0.041129149892019365,
    0.09148400726530519,
    -0.035311438968900405,
    -0.05508158402385941,
    -0.0783480309943922,
    -0.014410450390205116,
    0.06647695620956327,
    0.09077478677995017,
    -0.1083222157118112,
    -0.045162125350037545,
    0.08806707807343932,
    0.11805707130793817,
    -0.08936934166193136,
    -0.0009858694513229585,
    -0.15534716278118044,
    -0.05523228134043194,
    0.1050639250665194,
    0.10699280245568021,
    0.07839337111848156,
    0.1186654506848718,
    0.13525740363854397,
    0.1017861720611429,
    -0.07492349251477365,
    0.006239280326891375,
    -0.13444240153607775,
    -0.0946778547757606,
    0.01697424862014171,
    0.08320636490559186,
    -0.11892613330732905,
    -0.1106803041390545,
    0.048076657055261304,
    0.03399026544654772,
    -0.08089030084444654,
    0.028442515319775798,
    0.0079284432451741,
    0.15745603288537394,
    0.04690749429608891,
    0.041112722630953016,
    0.049730318271918796,
    -0.05137537578567362,
    -0.05687302472050674,
    0.051008494074137226,
    0.029723684671280157,
    -0.1563923406635171,
    -0.0055739435280618005,
    0.05445032793369443,
    -0.08187370919567369,
    0.0837805583350592,
    0.04506538383983837,
    -0.150498642736437,
    -0.0749631681998795,
    -0.05991670968282098,
    0.00018154553963820215,
    -0.25784162972076385,
    0.02521219307848547,
    0.15528691862739075,
    -0.13927935904420477,
    -0.007322921105224298,
    -0.005614616424018379,
    0.15038633820076047,
    -0.01849696565781564,
    -0.00862096244043873,
    0.045969747394144354,
    0.07623323839787388,
    0.06234981491378892,
    -0.09483381953455532,
    -0.05446001468352947,
    0.1487021255663571,
    0.007635586153801756,
    0.03621528015843079,
    0.1165376206234604,
    -0.07458909947028043,
    -0.008901786537391345,
    -0.06329428909191051,
    -0.06405027218368894,
    0.10864056228825007,
    -0.11910867095426128,
    -0.012679832167456953,
    -0.014991897633859986,
    -0.07800639132083742,
    -0.04146445951439678,
    -0.07550870462204987,
    -0.08569035114951407,
    0.02532050615408393,
    -0.06120858071462136,
    -0.14409924042027467,
    0.13490121610759456,
    -0.06694329244625866,
    -0.10881443870606017,
    -0.006132231964655906,
    -0.003774669630256182,
    0.086917084013669,
    0.2022976977349886,
    0.020263357992397528,
    0.0885632764195612,
    0.06608722418320265,
    0.044414468994974504,
    0.11309112033133278,
    -0.012316019787341452,
    -0.0321735650132436,
    -0.10277094014002675,
    0.1751351433892592,
    0.12351056774410199,
    -0.0614703103812124,
    0.06017126331172783,
    0.0981357418840785,
    0.011888475024831292,
    0.08330408929747314,
    0.19658234761655655,
    0.04454779607835603,
    -0.09456597563182305,
    -0.09748736054362879,
    0.18135318884712476,
    -0.015187379477538013,
    -0.08409754517944866,
    0.004307318353216728,
    0.13110378465834024,
