{
  "indicatorWeights": [
    0.6326474363008001,
    0.5342879601598763,
    0.8808887726583645,
    0.771262484455941,
    0.6396540092629486,
    0.5403450330874295,
    0.9293036007446376,
    0.8426087609175128,
    0.9766694302245069,
    0.5869527163914745,
    0.9179467180517569,
    0.5094127737482579,
    0.5378702330373859,
    0.5062976585106627,
    0.82969745539507,
    0.5208622315318652
  ],
  "trendingMultipliers": [
    0.835201516645041,
    1.0206355209804505,
    1.1880724339565252,
    1.0631265480155587,
    0.8844876430689037,
    1.083318984581973,
    1.0187252916467349,
    0.8031704710711494,
    1.1967368944148578,
    0.8293859972797029,
    0.986925007660121,
    1.165516325946326,
    1.1664356521455852,
    1.1989380144962265,
    1.0879129878464744,
    1.1954346234542954
  ],
  "rangingMultipliers": [
    0.8858126198441876,
    1.0175919892443441,
    1.013433720520215,
    0.9301647770607028,
    1.1659441008503046,
    1.189825661695186,
    0.8533892812829289,
    1.0606198403085958,
    0.8231676965936026,
    1.177278911871769,
    1.1719032340447595,
    0.8883578888833893,
    1.1118328807529583,
    0.8064462176154017,
    1.0159252836134929,
    1.1348120210551744
  ],
  "timeWeights": [
    1.1234350154402677,
    1.0494575684512222,
    0.7136945092799664,
    1.0249925749918687,
    0.8705188482422485,
    1.0934531947896002,
    0.8305785834215155,
    0.7326484276166023,
    0.9607809194357461,
    0.8442398729093078,
    1.0560267652092306,
    0.8009748745349169,
    1.2723830708143073,
    1.0940650971324883,
    1.2202892069620732,
    0.9384704967615658
  ],
  "interactionMatrix": [
    -0.08959697902409894,
    0.030495147101555632,
    0.03111386199255475,
    0.00031642216276595025,
    -0.004968276545103279,
    0.022404314737274292,
    -0.003437512463307302,
    0.06510006521515088,
    -0.02337562383876204,
    -0.09569079171610909,
    0.09635853060017274,
    -0.0662260242228071,
    0.04499787533869224,
    0.02987699263278767,
    0.08842108977161525,
    -0.07526562508401524,
    -0.09364111877868193,
    -0.06692105078249942,
    0.031841848767212015,
    0.05306607041433438,
    -0.04975333241074884,
    0.044392405081220776,
    0.051717355856142594,
    -0.07035342146627277,
    0.06235989212339337,
    -0.0013895037108635488,
    -0.05115554413852341,
    0.09116762537977802,
    0.014073180839387378,
    -0.06663206670701653,
    0.0874712394320411,
    0.09088567233837529,
    0.08011304901470069,
    0.08381383193725765,
    -0.05808732440982445,
    0.002486143801898666,
    0.07699480307571496,
    -0.052703334829442276,
    0.08190768724507523,
    0.0453393772303637,
    -0.013392581989105912,
    0.0625149477265453,
    0.05437567620673465,
    0.0300636084139692,
    0.07392188185953141,
    0.02181922143727022,
    0.03900656821021234,
    0.023468572446307623,
    -0.0531801246360921,
    -0.022735721985176593,
    0.059512666309516196,
    0.014537488815150046,
    0.05486654865346621,
    -0.0022005618349135504,
    0.04167531666276252,
    0.09522487731525903,
    0.006945899920012511,
    -0.0846634000732297,
    0.09259655338589651,
    -0.07806511756206767,
    0.0172827916153133,
    0.022238987710492,
    0.03679674786626948,
    0.04319943266554682,
    0.021311548512160217,
    -0.020196747654805614,
    0.007918541323324325,
    -0.059258181857297434,
    -0.03816993170842034,
    0.0631376900117522,
    -0.05421552251072375,
    -0.03648658771373203,
    -0.03504976815046901,
    0.009844904328455596,
    0.02458265994775415,
    0.060446373706967926,
    -0.09622112294908705,
    0.0005418847841966778,
    0.03711005475434979,
    0.0977207069583252,
    -0.02797741190273826,
    -0.06928817976181616,
    0.010053868494654838,
    0.014658510776604163,
    -0.09961407608250886,
    0.03775904007975464,
    0.061654720704348236,
    -0.0599990501504559,
    -0.005583285309085895,
    -0.05601742013242031,
    0.09612043388243102,
    -0.036560502642533986,
    -0.03578006135310861,
    -0.07459651221858232,
    -0.009212098690253767,
    0.014235683327407413,
    0.09436276212407974,
    0.046114491604010224,
    -0.005635447090756852,
    -0.06750852610523354,
    -0.0381452569082664,
    0.07627463858044443,
    -0.0007857498819709097,
    -0.0037301446136436935,
    0.041252609317070046,
    0.0043050550262363485,
    -0.08942077576871768,
    -0.07297703006949252,
    -0.06994511865649895,
    -0.06962201409520355,
    -0.029330536360584736,
    0.050370905856510856,
    0.03848190342995253,
    0.0056044826287845245,
    -0.062429167611395164,
    -0.0886881464967808,
    0.07161256491416404,
    -0.04573647533076804,
    0.059904443944639854,
    0.09196562534937702,
    -0.09012921058647394,
    0.04196203918211641,
    -0.09951409814710313,
    0.05775025290158702,
    0.08545432505524433,
    -0.0736879922769884,
    0.060770666304347666,
    -0.08343841505610866,
    0.08721618139426404,
    -0.027151720229722166,
    -0.009952008590323658,
    0.07555065146253084,
    -0.07237305538253054,
    0.001172679097921292,
    0.07243644659833925,
    -0.022943716669253014,
    0.050395059756094755,
    -0.0814176278889644,
    0.042724641201816564,
    0.05629708593120526,
    0.08177187201307023,
    -0.03390797020203547,
    0.012153988568899843,
    -0.09934757980050185,
    0.099159965175263,
    0.052021654364901894,
    0.030792471771820186,
    -0.04474295956539556,
    -0.04740632549141073,
    -0.07041439724696974,
    0.06266879873833313,
    -0.06837849182877478,
    -0.09754282497839895,
    -0.03603675030857039,
    -0.048980988263705165,
    -0.09963067550984739,
    -0.08287438245391082,
    0.013493886152768565,
    0.0068960933943490454,
    -0.09503550563390195,
    -0.04345248882615467,
    0.03644502056654253,
    0.04586474023354736,
    0.06030929533084189,
    0.013545939992199952,
    0.0382944843595306,
    -0.014204873429719456,
    -0.07533600237485592,
    0.044369749904219914,
    -0.004167911403906466,
    -0.09300716276890078,
    -0.05139524935227646,
    0.09085222259663572,
    -0.04345308422174095,
    0.06253512210266787,
    -0.06348748631703165,
    -0.04678064423589037,
    0.09286931608023029,
    0.029727666272406174,
    -0.00048583910465347383,
    0.08249597654081807,
    0.09890717381505978,
    -0.07399986080705201,
    0.05309176141307568,
    -0.005754254880794441,
    -0.052592550516046124,
    -0.004009474377469946,
    0.04675542526188077,
    0.014124030255374388,
    -0.09740363557607652,
    -0.0789516405818437,
    0.019996476979778046,
    -0.07773576022020193,
    0.06355745885758637,
    0.05655118498026575,
    -0.07733471347008734,
    0.06140295163149334,
    -0.002239023031559917,
    -0.04193511356231068,
    0.0027322110671838874,
    -0.021811979702801267,
    0.05546805421867207,
    -0.055847712875419765,
    -0.03154452525042935,
    0.08313799397507333,
    -0.09093116006904026,
    -0.04056230324915751,
    -0.061676812231182335,
    -0.06704717490649384,
    -0.08248412923668601,
    -0.08372774880131068,
    -0.011794921221714728,
    -0.07072925196844145,
    0.07304440030948756,
    0.020203250512188256,
    0.07817376520740059,
    0.03244406789493872,
    0.0941767217872917,
    0.06713368867354473,
    -0.08596732420565625,
    0.025623817079062052,
    0.05961315687960276,
    -0.01274315068978138,
    0.052799440236009444,
    -0.004479969266731154,
    -0.036779290974969236,
    0.06638508466854076,
    -0.051519909587165014,
    -0.0779995872900464,
    -0.08259023413111333,
    0.02981403101768454,
    -0.09335811718513087,
    -0.06254019344241975,
