{
  "indicatorWeights": [
    0.5665454944758122,
    0.86146190489845,
    0.8479744780984246,
    0.6251445939775677,
    0.5047876973849716,
    0.7549793265733171,
    0.9155955160988283,
    0.5793455743485436,
    0.9843491476314536,
    0.8720753497386318,
    0.5851453241479136,
    0.6966677969182085,
    0.9891204974932073,
    0.6727577107171998,
    0.6520185580851223,
    0.5259230296375741
  ],
  "trendingMultipliers": [
    0.8601668724831646,
    1.1942256448053516,
    1.0986599468718607,
    1.1448744579103534,
    0.8939801140770489,
    1.0141939208305217,
    0.9771329471248735,
    0.9967683477521854,
    1.0738791640286305,
    1.0346918263393272,
    0.938959977112454,
    0.9328407160190982,
    0.9492941909563002,
    1.1153069250238432,
    0.9074604530569141,
    0.849996664226389
  ],
  "rangingMultipliers": [
    1.0604396345774993,
    0.8302459448373725,
    1.1077489585070932,
    1.01077101319604,
    1.08084035021881,
    0.9003594280860637,
    0.8701277278953177,
    0.8588802804802338,
    1.1762767464955357,
    1.1604905403714862,
    0.9242760933063083,
    1.009321374873132,
    1.061837633943541,
    0.913083251069246,
    1.128899078280022,
    0.8688479343888869
  ],
  "timeWeights": [
    0.8038355176117323,
    0.8668109068264187,
    0.9521040940893513,
    1.084746170149829,
    1.2511905707818136,
    0.9487571345815073,
    0.8513198280574125,
    1.1289773919037909,
    1.0736356526132778,
    1.2589939176901013,
    1.1459285209518069,
    1.0236045323380614,
    1.1244533030604273,
    1.1956630021610115,
    0.9958628863300174,
    1.088228945738013
  ],
  "interactionMatrix": [
    0.004027965030197045,
    -0.03420367075666735,
    0.09404096804763347,
    -0.08188289807256961,
    0.003524616156946703,
    -0.06702545312605156,
    -0.0071757601807920235,
    0.0614661869058774,
    0.0027165722765160275,
    0.09972452363570242,
    0.0499647362434734,
    0.027623784225198247,
    -0.00773388300959077,
    0.010446990762458298,
    -0.07665080102887552,
    0.09121057499299821,
    -0.0507720765922991,
    0.010955620640017295,
    -0.05809277182396784,
    0.07654975066556297,
    0.07158944681174051,
    -0.07156601920852149,
    -0.09224534770261382,
    -0.07465185072961622,
    -0.07956897779921313,
    -0.08854411144060355,
    0.06205486267892662,
    0.016056849703541598,
    0.07536482461071022,
    -0.03305936831620988,
    -0.03032610568059693,
    -0.0397735680873649,
    -0.09573272593875051,
    0.09296179758667832,
    -0.07391759029845923,
    -0.01856417044293637,
    -0.06630249213105925,
    -0.05091103158071824,
    -0.09796241615026867,
    0.01982710017092615,
    0.05619170318871532,
    0.06325356801812217,
    -0.0768341644701549,
    -0.03379837306915192,
    0.0429620540579728,
    -0.05659538619129674,
    -0.0958602594709061,
    0.01325263595040125,
    0.0031291826470672968,
    -0.061178874144288735,
    0.03178075986154927,
    0.03016441383974271,
    0.08697828143483188,
    -0.03562943754802322,
    0.025382660362807452,
    0.008827070685470862,
    0.013969239673490775,
    0.007507696240612849,
    0.025392231208567574,
    -0.04199841783823504,
    -0.0053549019706884415,
    -0.09216659985329562,
    0.09669266706818083,
    0.05535462450573232,
    0.008992585651861229,
    0.012288024090089401,
    -0.02743403238800728,
    0.0342118895985144,
    -0.09561572433086465,
    -0.04216677665520725,
    -0.0958784993903633,
    0.004836597206766102,
    0.06874315068501234,
    -0.004792655550402336,
    0.08293449995221734,
    0.07226956043674741,
    -0.006126207759681668,
    -0.08821879388635533,
    0.041520871920394664,
    -0.05961378149117624,
    0.023542907521254253,
    -0.05032408369577046,
    -0.009029599634426,
    -0.09399922338722554,
    0.04642943744353987,
    0.01514429546326448,
    -0.0355612826277933,
    -0.05306934829167347,
    -0.014487547232005071,
    -0.03621508368354294,
    -0.07597920109639716,
    -0.07696349435667126,
    -0.05964650156184741,
    0.08050643563932623,
    0.09448773315834597,
    0.025436114520086206,
    -0.07649121131024857,
    0.028823946173876624,
    -0.045204344912229494,
    -0.05026200975814286,
    0.0004484873896537511,
    0.041797859236745505,
    -0.036118267565915074,
    -0.09291697778757312,
    -0.012110914747829172,
    0.01664210729830942,
    0.008480622442324703,
    -0.09623000397866995,
    -0.08356027832176048,
    -0.03972716569875139,
    -0.08139891529981534,
    0.021155692068404664,
    -0.005333686957341955,
    -0.005785262328468788,
    0.0010593187616783073,
    0.07911510554259449,
    -0.04785354557622939,
    -0.008277772421995344,
    0.00479264526853731,
    0.037261427974680905,
    0.05626519939500101,
    -0.027302854950255685,
    0.05762542298875106,
    0.0794017297123419,
    0.08311379188217703,
    0.034294807201034797,
    0.0554822359370285,
    0.09054650274759667,
    0.044413923716643725,
    -0.035262929853651606,
    -0.08914306405702421,
    -0.027644830561967693,
    -0.08283260494985574,
    -0.03341649993744913,
    -0.07532100529283976,
    0.07356093626086391,
    0.04733380800264009,
    0.015574803052497678,
    -0.040482277999713205,
    0.09733625559894168,
    0.06369900243586797,
    -0.02648507925963515,
    -0.09395944108147898,
    0.09635308756287451,
    0.01111156823132109,
    0.009744073902095796,
    -0.07585208915157433,
    -0.07436531627079822,
    0.08046689611417751,
    -0.09864242542647539,
    0.05776960374673852,
    0.0363129050501317,
    0.03211982360749604,
    -0.06869048472792175,
    0.06392686189497869,
    -0.014444902449390852,
    0.05781545351286399,
    -0.02626254852421226,
    -0.021027969096655587,
    -0.08207357842202388,
    -0.008358754821653647,
    -0.027589834444725115,
    0.04058511552053874,
    0.07131147137621495,
    0.09215566859402778,
    0.04904626897102711,
    0.08192259567373804,
    -0.06202344924445216,
    -0.05202569755011513,
    0.01180907711665884,
    -0.04487243018075598,
    -0.007989212262834156,
    -0.055494104014314365,
    -0.0823526935246105,
    -0.015402141066272202,
    0.06373703665442021,
    -0.09488258051207006,
    -0.03500408924809972,
    -0.08553068880796476,
    -0.040236542192037206,
    -0.08282153578774124,
    -0.0545223000352523,
    0.06712209132432119,
    -0.020518981519814218,
    0.032367448028905454,
    0.09906919731480311,
    0.025466573395847306,
    0.044161570347460224,
    0.09327981119505374,
    -0.06314510850517101,
    -0.021003669431220763,
    0.050087021570619755,
    -0.033334201986970506,
    -0.025094645382636484,
    0.018178940136643073,
    -0.07200170079902311,
    0.0957160131113858,
    0.04853780699430332,
    -0.0871885368133621,
    -0.04011137828208325,
    -0.04217741737929901,
    0.03560479675193331,
    -0.0010787883689285184,
    0.0805361246875772,
    -0.06679802763104062,
    0.09510398662525393,
    0.09562088985058477,
    0.028651013376114823,
    0.03055841517849849,
    0.056062765089624184,
    -0.04314711122242363,
    0.03529520086382332,
    -0.061817974068644116,
    0.028365096135150505,
    0.06465732837378409,
    0.02975753521351552,
    0.0918023842195016,
    -0.034990275947000105,
    -0.04253549701186979,
    0.08042532416439613,
    0.023340053561261367,
    0.057538880116768644,
    0.0897841905597481,
    -0.07858316808444749,
    -0.002480175384133765,
    -0.025657215768712962,
    -0.0022250835246988786,
    -0.0714667022497956,
    -0.06636355442984716,
    0.08224764189560357,
    -0.019671579903948813,
    0.07932566428608723,
    0.037244270997405814,
    -0.05490813892854112,
