{
  "indicatorWeights": [
    0.5709553273141614,
    0.5725159585135245,
    0.41140166731273575,
    0.5436917564293566,
    0.8050910538062559,
    0.4462309192205734,
    0.6867112824844553,
    0.5240639405543719,
    0.8890370597390701,
    0.8115459187745125,
    0.6429783947638846,
    0.9792435690434456,
    0.9052352472260052,
    0.696144237059897,
    0.6049428611777324,
    0.9335949004794829
  ],
  "trendingMultipliers": [
    1.0168539071962268,
    1.0058640123797409,
    0.6862827807211593,
    1.084355465119101,
    1.1037603163485348,
    0.7214662707786648,
    1.063749711621695,
    1.0173011015570426,
    0.8636582500033999,
    0.8810470787710843,
    1.01277864108674,
    0.911714767764938,
    0.790138532969291,
    0.834386390637979,
    0.7597615629824481,
    0.8128025250033751
  ],
  "rangingMultipliers": [
    0.9256115099787579,
    0.7702415954672248,
    0.8085362878947506,
    1.3154300850392975,
    1.2140229986692586,
    0.8998264383150932,
    1.0443718200210586,
    1.0627110834927975,
    0.728690763200354,
    1.1505840996473862,
    0.9447913427500572,
    0.9216132280644335,
    1.3923269523236492,
    1.0112833878614815,
    1.1670453727866168,
    0.7379530929704012
  ],
  "timeWeights": [
    1.0124872883263265,
    0.7820728408969071,
    0.965568499822167,
    0.893316963479894,
    1.1810784024233763,
    1.3126541802921876,
    0.8272085190884464,
    1.2410915379705905,
    0.9122408103336158,
    1.038575527232935,
    1.079316683788014,
    0.912312727681733,
    1.117410964774073,
    1.102020768987927,
    1.3799815093813608,
    0.5004625067237904
  ],
  "interactionMatrix": [
    0.15581392549043377,
    0.011570987094793938,
    0.023405993673052915,
    -0.004618115867692035,
    -0.04845226011876246,
    0.07743195893755273,
    -0.07759483406742983,
    -0.0982514505586584,
    -0.039669316821176054,
    -0.08929928306391402,
    0.01415212113815999,
    -0.012650779137815517,
    0.06568121676357114,
    0.0970683676785192,
    -0.03461008469913597,
    0.019227876290291122,
    -0.1395840344137593,
    0.041507024984111004,
    0.04125980519503352,
    -0.10048175547204541,
    -0.03167832775307468,
    -0.05046353746716076,
    -0.18841855252120396,
    0.10911313377702672,
    -0.13084558284638126,
    -0.09306141165631204,
    -0.054481883859046176,
    -0.040137145534598156,
    -0.1696232031803249,
    -0.02723568784501248,
    0.043382898629189405,
    0.03897432847590784,
    -0.08075412163113072,
    -0.11375271833155863,
    -0.053985048007149025,
    0.011493603486477225,
    -0.11834745746595665,
    1.003469096774734E-06,
    0.04941580333058058,
    0.06606479162588183,
    -0.11481869229172184,
    -0.09970321406814092,
    -0.026201648574443747,
    -0.03902947082432989,
    0.031010696160244156,
    -0.14546240344508846,
    0.037206620119173084,
    -0.14994379186929566,
    -0.022513710078564356,
    -0.08583282927020214,
    0.07027407458733603,
    -0.004657247033345323,
    -0.12098208905997183,
    0.12959255409638643,
    -0.03914668295661645,
    0.015416948845491118,
    0.04607829378112121,
    -0.0724871766301402,
    -0.06445623322930526,
    0.061768370229611486,
    -0.12840866111323826,
    0.04963140161208827,
    -0.18634247818298486,
    0.048731830853603476,
    -0.11963375748434871,
    0.06155829271787605,
    0.021230622367412348,
    -0.015541296772522487,
    0.028613075292003166,
    0.023044573135645327,
    -0.18204276360358562,
    0.05833943429956029,
    0.04892835949323885,
    -0.11847168449551555,
    -0.0007309499761610576,
    -0.06919792773250247,
    0.03785492982661482,
    -0.01052636757930767,
    -0.050275303002076874,
    -0.07290151726595234,
    -0.16353646066928448,
    0.07446781473339166,
    0.008675046707819593,
    -0.03442897394871648,
    0.02982272148818309,
    0.061431589430717214,
    -0.037349378646857716,
    -0.18402017908114587,
    -0.11641885383210926,
    -0.07369428950458948,
    0.0405097378099821,
    -0.15696462607850453,
    0.03314606306929151,
    0.05307042900804664,
    -0.1061187852572834,
    -0.12776410317874523,
    0.002304575767304355,
    0.08038433764985531,
    -0.03601057340267652,
    0.028425881614379044,
    0.14111162923875836,
    -0.19766419346446346,
    0.06401476046080709,
    0.006981529916300168,
    -0.11306267115220142,
    -0.03234020655891735,
    -0.013437304506406178,
    -0.15269198053457045,
    0.16850329600614206,
    -0.017090293631714087,
    -0.07122066760946866,
    -0.14896722021414102,
    0.026378454068540558,
    -0.02340144581235351,
    -0.00046222513302179944,
    -0.06087168276664019,
    -0.09124162303764845,
    0.014615247659282345,
    -0.10587374857479454,
    0.024831071646724753,
    0.024661021603562882,
    -0.042288967669926895,
    -0.006149131451442264,
    -0.02847441419369528,
    0.08039226716469278,
    0.019466746801658184,
    0.008546547389978653,
    -0.1837289677148088,
    0.09728859957065449,
    -0.0828423517647857,
    0.09542146684101313,
    -0.1644488063764219,
    0.03325503893923137,
    -0.13373637085767548,
    0.054046646293629846,
    0.0101293678944811,
    0.05252533230309969,
    -0.029852924631072295,
    -0.10450090745777654,
    0.1251137771931681,
    -0.0015435592601547895,
    -0.08375702691387135,
    0.11343511096072893,
    -0.047338018743812244,
    0.009264701369596826,
    0.0552084598985421,
    0.019436658061443953,
    -0.1504846445972888,
    0.11778930012144041,
    -0.21795559691474542,
    -0.1700741284810551,
    0.03732320014824406,
    -0.1102522546171748,
    0.01654326893581351,
    -0.0809373738924186,
    -0.020216662989099868,
    0.03256208232293106,
    0.07262214241362047,
    -0.12768108605168807,
    -0.07289113360203363,
    -0.031749966982881614,
    -0.12065433578122348,
    0.11942849849367292,
    -0.0488481041272636,
    0.008866623972529705,
    0.08863856084854302,
    -0.055240190938019074,
    0.0971860846725981,
    0.016669775484964885,
    -0.1025703424005096,
    0.12881396566061826,
    -0.207783166020404,
    -0.10287376354296181,
    -0.06670402500318642,
    -0.05019108368586672,
    0.05309361619008911,
    -0.000559968292187081,
    -0.0700333764943049,
    -0.05287668511130221,
    -0.04758214275105857,
    0.07859627333340807,
    0.06676612652157936,
    -0.1358690388539768,
    -0.06730856420516271,
    -0.18163873533760405,
    -0.09944956876150358,
    0.11086345714555412,
    -0.03510247052973067,
    0.13305833148246227,
    0.0800732339404556,
    -0.06209171925892497,
    -0.024169247688632656,
    0.03969590727889714,
    0.0038879421861476495,
    -0.01901926193972923,
    0.10926731432425586,
    -0.06707439785702657,
    -0.12035026618690918,
    -0.06386028865796498,
    -0.07491489321502218,
    -0.02174911814318676,
    0.026847630493440786,
    -0.12108113150839461,
    -0.10091044814011019,
    -0.0730508907032777,
    -0.09660884707017398,
    0.011922131154282981,
    -0.026172338335855052,
    -0.1565216422033006,
    -0.029813967027575806,
    0.10567916717751608,
    0.06482327825813325,
    -0.12192719398174028,
    -0.02777140742493892,
    -0.09900382029746688,
    -0.05586485367644876,
    0.10378176943209877,
    -0.00923100508283824,
    0.038435161347010714,
    -0.055227896063282066,
    -0.0516570085156189,
    0.17552391705599651,
    0.0716096027837087,
    -0.008411722652923295,
    0.1511776968677444,
    0.04068695307326099,
    0.04590140584828667,
    -0.031228948844852923,
    -0.03455984334260655,
    -0.06486846541002003,
    0.07803410574789436,
    -0.02559556050872245,
    0.21066429963212446,
    0.06196559552282819,
