{
  "indicatorWeights": [
    0.6107441145279802,
    0.6262801878026365,
    0.9991280132543039,
    0.7885925925018402,
    0.9604549376117348,
    0.788963119639938,
    0.5545428016900396,
    0.7206897736572407,
    0.7213187139885604,
    0.8898584965396574,
    0.5268013620809504,
    0.9566238730026557,
    0.9524818569223441,
    0.6962878673595959,
    0.5255438887079464,
    0.7960754835103295
  ],
  "trendingMultipliers": [
    1.0553000830127495,
    1.023305026194123,
    1.00789486735381,
    1.075604883447536,
    1.068828873319077,
    1.0148022711299214,
    1.102702468464818,
    1.1128521448986526,
    0.9403684179950076,
    0.9887804545328228,
    0.8347073347526338,
    1.0757775316251559,
    1.0756967052045605,
    0.8310420281311032,
    0.8387767036163268,
    1.139849761331116
  ],
  "rangingMultipliers": [
    1.1535595506410017,
    0.809720450783707,
    0.8851631029261224,
    1.1288344060732913,
    1.0888877196068938,
    1.1444238526006694,
    0.9951764169355566,
    1.077831679226073,
    1.0428580488526333,
    1.0479066520636438,
    0.9562549237898812,
    0.8420187204335614,
    1.13397324383922,
    1.1885334246444674,
    1.121845326183097,
    0.8149739286643263
  ],
  "timeWeights": [
    1.0605518406215115,
    0.9321069278244705,
    1.1165714631081742,
    1.1865138035619724,
    0.7762733940900653,
    1.1644330135777419,
    1.124898083957659,
    0.7099834491285048,
    0.742448401133894,
    1.0615317761401442,
    0.8921779880135088,
    0.9387847308341615,
    0.925085567098112,
    0.9314550248680566,
    1.068643191900664,
    1.0078633745486845
  ],
  "interactionMatrix": [
    -0.046089316136327656,
    0.04951352889256595,
    0.03196056301577106,
    -0.0611549196867282,
    0.017920031652612158,
    -0.09769053430562567,
    0.07675947530946892,
    0.01413199555262208,
    0.023466393525254394,
    0.06801828197831494,
    0.0770212499983128,
    0.09023368487155146,
    0.0019430475460415543,
    0.04051076568755947,
    0.06114165447439222,
    -0.07721200670355839,
    0.05328705328739147,
    0.06597393082131305,
    -0.023226208736390388,
    -0.02349159662996905,
    -0.05125517899043393,
    0.03651338009463909,
    0.0006809727378812802,
    -0.0030581401947018974,
    0.027443816896645302,
    0.01220091652678601,
    0.022400542437506266,
    -0.06967809522214555,
    0.024581805277754512,
    -0.0896608289086872,
    0.07614418097990722,
    0.09681707146587169,
    0.0927707303470947,
    0.06847157348453939,
    0.04504089616825724,
    0.07370758470663023,
    0.04877293163323857,
    -0.024990551490021252,
    -0.039837925393688,
    -0.04033620324255556,
    -0.0912094156399712,
    0.06452881644063231,
    0.037125016506148766,
    0.0130050695468112,
    -0.0886956425744788,
    0.026941890150778525,
    0.09948650487385953,
    0.06983279043053021,
    -0.08498429810333658,
    0.09975358153917167,
    0.022645458355491057,
    -0.0374609813366207,
    0.08694737387650844,
    -0.03718617505959887,
    -0.06332004590592628,
    -0.07647806219575858,
    0.08045685639226799,
    -0.09073845355840622,
    0.0666421908010103,
    -0.006687614479873672,
    0.08924722581849805,
    -0.04114880888419177,
    0.03186403620470237,
    -0.06041919227129564,
    -0.0024396032538197333,
    0.07859299250824348,
    -0.009222198676293326,
    0.049193081525897166,
    0.047182163554456105,
    -0.02351623678818353,
    0.0696959039563592,
    -0.07244381216437877,
    -0.07752178663566689,
    0.028408050655368756,
    -0.09729714920913808,
    -0.025178271684191025,
    0.007904010869876354,
    -0.034435843801837195,
    0.022137923661088067,
    -0.013533137651939265,
    0.04774276033992904,
    0.07761890526155953,
    -0.09556026952517012,
    0.03620264316468502,
    -0.025751082798243497,
    -0.017680773016456854,
    0.04016847240180892,
    0.001868284119060415,
    0.022990668111492665,
    0.08277288003442909,
    -0.0427965524003821,
    -0.04759832635913985,
    0.09970521101711194,
    0.04959435627441571,
    0.02469897346880783,
    0.07822915529830288,
    0.024465852900351394,
    -0.06725625560642255,
    -0.02634524110133112,
    0.002629710363381821,
    -0.08032018415941387,
    0.046937515177416934,
    -0.06796514732833862,
    -0.017322998928463763,
    -0.016093476787347096,
    0.03753906484481724,
    -0.09763816763930244,
    -0.0788543889417325,
    0.07712727241840854,
    -0.021156021469306042,
    -0.08936712273500974,
    0.06942536791554717,
    -0.012790327386024192,
    -0.04217939896765133,
    -0.0852340489138596,
    -0.09357353934058943,
    0.06846130744103007,
    0.05658776784086637,
    0.07952979941108584,
    -0.011086892491928003,
    0.011262124699178111,
    -0.04181491219967164,
    0.005656899269474658,
    -0.016561886821887306,
    0.032958138611375865,
    0.026548522662106055,
    0.06291017847799703,
    0.08912157808382047,
    -0.09674552884099802,
    0.08699554891096715,
    -0.09646507905558217,
    0.05851988035303111,
    -0.09307444260745142,
    -0.003509865692939718,
    -0.025878492333331105,
    0.08697151917017368,
    -0.09088235085937982,
    -0.07294177825768344,
    -0.09240949756989258,
    0.07516909366977836,
    0.019383129469671957,
    0.09947625996474847,
    0.07979070727117246,
    -0.026555557730879698,
    0.03804808153196657,
    -0.052294590172776934,
    -0.07668693031778824,
    0.0435557721690409,
    0.07315351012115814,
    -0.036258844353011875,
    -0.011023076912627517,
    -0.07796574755428409,
    -0.03825739967593969,
    0.04862245170475024,
    -0.07656261389058681,
    0.08242653507092693,
    0.08173855675404218,
    -0.006244559455998888,
    0.04127329810065679,
    0.0018760406176595802,
    0.047980162424140715,
    0.020531289751898066,
    0.08084502777767791,
    -0.008545169055375435,
    0.08015341659478215,
    -0.0689534077074778,
    0.038311129541119704,
    0.09958280881217317,
    0.04430834196592666,
    0.06148360605342351,
    0.006076736261131877,
    0.042312474993807726,
    -0.03298218902109307,
    0.029972754112457967,
    -0.082488271051985,
    -0.0961925043313582,
    0.03430626806561754,
    -0.009491178491380948,
    0.06114326707374349,
    0.08304890575183965,
    0.06375295887236124,
    0.06253386276006963,
    -0.04986420402181573,
    0.07884499678681062,
    -0.09390561435749999,
    0.027879919883933416,
    -0.0021588100817614866,
    -0.08895147630436623,
    -0.017460779532928527,
    -0.05313172341483945,
    -0.05465189610860697,
    -0.097078083723512,
    -0.04925049597653548,
    -0.04184293928139404,
    0.08368906173519473,
    -0.05594143571982307,
    -0.04418405973941755,
    0.05854665971600373,
    -0.030815974449190976,
    -0.024815497251976473,
    0.05073092599997908,
    0.08405279705378757,
    0.052343486227195424,
    0.0523323312989207,
    -0.05169899404334484,
    -0.05982195974414622,
    -0.02528223510606109,
    -0.0733294802035127,
    -0.045671454776102904,
    -0.060385906310735905,
    -0.08799561325430877,
    -0.003707411697655494,
    -0.0051696199734711625,
    -0.06163497483920899,
    -0.011671653887176682,
    0.08892050498721152,
    0.040637178389331764,
    -0.03786082994600431,
    -0.05740604043935926,
    0.018552937331607545,
    -0.03682865265813924,
    0.08277940426801916,
    -0.07192287765717541,
    -0.09730608842134661,
    -0.08532138758499926,
    -0.09727628122544303,
    0.0729282802555788,
    0.009084371012552639,
    -0.0703640917447425,
    -0.08522343412201412,
    -0.021891779159891024,
    0.049424800143884465,
    -0.033597616901823744,
    0.08059885205312019,
