{
  "indicatorWeights": [
    0.494367488620875,
    0.42299857704753613,
    0.4101388156172642,
    0.6704848551608776,
    0.9000970335376371,
    0.6614897138348947,
    0.8807999403647334,
    0.4356373270189677,
    0.8257869228547136,
    0.6520784211050651,
    0.3784669394645194,
    0.6727339804091315,
    0.50301393853702,
    0.6485272884864572,
    1.0880336970756885,
    0.6550051522394686
  ],
  "trendingMultipliers": [
    1.0498539893284689,
    0.9620418871600356,
    1.014759743015075,
    0.9995133081381005,
    0.8110012452892509,
    0.7178061718189183,
    1.1040187410213944,
    0.9204548814714764,
    1.0757486117137247,
    1.1941482686463125,
    0.6595760282434081,
    0.8305044219146183,
    1.2098599144181517,
    0.8120567479525727,
    1.0888682016007014,
    1.2898387758712577
  ],
  "rangingMultipliers": [
    0.7372388637639347,
    0.8405431551515979,
    1.1149859535947981,
    1.2298438792939936,
    0.5171749128404769,
    1.3774210548884729,
    0.751554252487177,
    1.0968150885305796,
    0.8703297590765465,
    1.1818048790676876,
    0.8010438246102407,
    1.1360846059031195,
    0.9135366955946128,
    1.297950277024671,
    0.9100362188790183,
    1.0878372710336
  ],
  "timeWeights": [
    0.7170361132501312,
    1.0399163882517781,
    0.7791154877756853,
    0.7023835880304587,
    1.1294895448703526,
    1.1249590463407806,
    0.7304860856992215,
    0.9614990157631741,
    1.029664174953506,
    0.6015472907223708,
    0.9068053591333184,
    1.0812829068286418,
    0.8238649942509444,
    0.8977962659630839,
    0.9173555432707835,
    0.7538074902729903
  ],
  "interactionMatrix": [
    -0.12461112093045404,
    -0.1813785764469399,
    0.03705955771780032,
    0.05995028315525359,
    -0.11314207957113309,
    0.12937789169566116,
    -0.046738947431890804,
    0.12183901903933742,
    0.021144618158694898,
    0.043984804908196826,
    0.12849142891540694,
    -0.15754082924085952,
    -0.026518018610224518,
    -0.017412227158161153,
    0.21818097895049876,
    -0.0028138920508414683,
    0.03158274681594257,
    0.1199371662721228,
    -0.09371077295094493,
    0.10475412906834289,
    0.10891481900974258,
    -0.11887527684604778,
    -0.09327568630156684,
    -0.06997593359842627,
    -0.0385327171455913,
    -0.20524693822486206,
    -0.05455909336710023,
    -0.0615454029439986,
    -0.06335633581204385,
    -0.035804555391624686,
    -0.1028452228254339,
    -0.008679905082927028,
    0.09490091052164529,
    0.08942252624600294,
    0.07680434804573776,
    -0.17010782652902895,
    0.1246513633602184,
    -0.0693494165582622,
    -0.04574309168851159,
    -0.0650941128414615,
    0.03844091299215435,
    -0.022106343301062096,
    -0.09479033429191581,
    -0.10486769898455128,
    0.07832536670960086,
    -0.15053246322788041,
    -0.028201855983408464,
    0.01149803677927708,
    0.058596980752083236,
    -0.016433384007701016,
    -0.05087245538898298,
    0.04346952619292061,
    -0.02990967078183762,
    -0.04840750867546872,
    -0.12462192964359572,
    0.15079918286403104,
    -0.1295943383011196,
    0.010452710140701198,
    -0.11137399847258617,
    -0.027573524888301178,
    -0.1310977574160167,
    0.08319769110900085,
    -0.11653672043151059,
    -0.016797736822174454,
    -0.02830507993045854,
    -0.07887555553481114,
    0.010442439297105817,
    0.16371552158201794,
    -0.037868940904621146,
    0.03736934274232469,
    -0.05249017450146183,
    -0.05124312094601885,
    -0.09977727782983187,
    0.11858142528937658,
    0.11540490749075517,
    0.03139489912970753,
    0.05249268211518051,
    0.06907529477303198,
    -0.1236891233023671,
    -0.05416362128057191,
    -0.18699364266219715,
    0.016666605607809443,
    -0.12273688621908674,
    -0.08748632150879959,
    -0.02835430943147045,
    -0.13341534498039087,
    0.026158454646128683,
    -0.06952709068344477,
    0.02398739531031205,
    0.001648923288435189,
    0.09326805760678124,
    0.15254085229757441,
    -0.13200552741938165,
    0.06839766046219499,
    -0.020533262915825766,
    -0.04628098382958932,
    -0.07812650623548142,
    -0.1281737159252716,
    -0.0631203476616538,
    0.14620800398627865,
    -0.017848416070861038,
    0.09742686378920182,
    -0.025990154001719418,
    -0.06038406556630241,
    -0.10876980092813049,
    0.05710370990844604,
    -0.009867605983250552,
    -0.04752834322715596,
    0.007965866350132925,
    -0.0388019142204242,
    -0.06801149013207772,
    0.039815343457011834,
    0.13660078606230905,
    -0.08002031964006619,
    -0.15098578509536903,
    -0.08794422780114003,
    -0.04071344154903607,
    -0.1526193481114166,
    -0.07243616988294697,
    0.021058183173797332,
    0.09431475724431165,
    0.1543711385139659,
    -0.06393458848900524,
    -0.0022803136953508663,
    -0.16639771783535315,
    0.05721255374137886,
    -0.11431275951753225,
    -0.11455445779894988,
    -0.1270912637592689,
    0.16798339708120827,
    0.04914105126850531,
    -0.05002065787224737,
    -0.13912804883848606,
    -0.06558253074208834,
    0.033779023509732206,
    0.014461959417906612,
    -0.005283784373625859,
    0.15857153710513702,
    -0.09197906181380433,
    0.15907350374307364,
    -0.012835149783830824,
    -0.1554657038810237,
    -0.05911772282180059,
    -0.049511067201692266,
    -0.09511448207299597,
    -0.015460201972460341,
    0.060068128469067505,
    -0.053305154238772606,
    0.1303226970050439,
    0.14198715500136874,
    -0.002040430165803686,
    -0.0662917803790149,
    0.048325585933733456,
    0.043870938864675704,
    -0.013941901390341082,
    0.006615813914449301,
    -0.046824558183249945,
    0.009153366907509237,
    -0.0038265732185205695,
    -0.0695937152723632,
    -0.036060256788588985,
    -0.13261867077327982,
    -0.0971882657534239,
    -0.11602523335192039,
    -0.05401721999171027,
    -0.00918145858601014,
    0.14089552709480435,
    -0.05432818379883649,
    -0.09247047416512177,
    0.01645914914998802,
    0.022467995603816574,
    -0.041188140951928895,
    -0.09561251807366522,
    -0.20058735117748033,
    -0.08256805573317237,
    -0.09985127653429467,
    0.05114380981307737,
    0.0565078278540554,
    0.11579032276327846,
    -0.10317649769139266,
    0.18836393126360984,
    0.06503682647595302,
    -0.02769584573053359,
    -0.08536831373877904,
    0.051968219537121,
    -0.12103635698556567,
    -0.07769443377194979,
    0.022121177012026306,
    0.03731292777560686,
    -0.05104235435056048,
    0.041053470436069814,
    0.061763904331162134,
    0.1073227718872645,
    0.0582962181139193,
    0.07196434476216901,
    -0.06287340064945382,
    -0.0433920681493745,
    0.025000851567996835,
    -0.11703923094304719,
    0.0938626797995389,
    0.031865887917396064,
    -0.08638220711176499,
    0.017288512534356558,
    -0.05557934594483092,
    0.007480063903603715,
    -0.016744981503249313,
    -0.10556248988590139,
    -0.00044193033304452956,
    -0.25330886466560915,
    -0.04886660442046197,
    0.06940339518217148,
    -0.06809965478421934,
    0.14372984251854598,
    0.08387558463763557,
    0.07809796579498085,
    0.0214477458398816,
    -0.12764643390961744,
    0.032287761426376,
    0.17940441814268404,
    -0.012405388709784426,
    0.022194533488695538,
    -0.07131677136219537,
    -0.01695261136552436,
    0.023800185684366634,
    -0.07404689052328887,
    0.07154325311921587,
    -0.08574675863254252,
    -0.0042647867273793195,
    -0.04555000005250737,
    -0.03291970516266155,
    -0.09743215252935919,
    -0.17029607397069788,
    0.013873647942383015,
    -0.10102131635861247,
