{
  "indicatorWeights": [
    0.6835307366009606,
    0.9041624560639869,
    0.8153409837338923,
    0.7010584696543765,
    0.8595403743620931,
    0.5813550450239934,
    0.6175919713244639,
    0.9485901045750822,
    0.5915650611079598,
    0.7884621026429097,
    0.5180374544140117,
    0.8251009655697403,
    0.8072270578646463,
    0.9596943019958758,
    0.8871459734934035,
    0.9757808580222049
  ],
  "trendingMultipliers": [
    0.9264163590564619,
    1.1143470927028523,
    0.8477738883322067,
    0.9501337384653135,
    0.9777078388034015,
    0.8459458370150009,
    0.8000766650400795,
    1.1365027500776554,
    1.136260561977801,
    1.018032503570663,
    0.8123972926055645,
    0.8386758963736272,
    0.8883122764110426,
    0.9164607796418203,
    1.1833439438999225,
    0.8833695092438385
  ],
  "rangingMultipliers": [
    1.1712725165410158,
    0.9492792187161372,
    1.1386435403001973,
    0.9157127154563622,
    0.9638228627998133,
    0.8616543291516642,
    0.8826493824506434,
    0.8043035912938298,
    1.0607656786128383,
    1.1649643169904658,
    0.9010306003409275,
    0.8579120147820959,
    0.9240433348318072,
    0.9409311405772482,
    0.9125743666573694,
    1.0716455981720807
  ],
  "timeWeights": [
    1.1018311530141625,
    1.0893051635593092,
    0.8637632208238285,
    1.2533718706124528,
    0.8577042083730035,
    0.8840392406115829,
    1.2470422153960072,
    0.9689051833712146,
    1.0577696084653265,
    1.283765225869414,
    0.8410310751555942,
    1.2015097908086958,
    1.0464077922114225,
    0.9841673806248148,
    0.8888740887337804,
    1.007924355612918
  ],
  "interactionMatrix": [
    0.03794818266966691,
    0.08389871672504044,
    0.06541752337795118,
    0.046334191909804104,
    -0.051021986246537226,
    -0.05537601565575408,
    -0.08265783656341136,
    0.09020725355543602,
    -0.025304101687515446,
    0.03528343029662264,
    -0.022911244517426946,
    0.01652530903358913,
    -0.06510633300826167,
    -0.06544515035974095,
    -0.09216282338676517,
    -0.04822095862954537,
    0.04499377979486188,
    -0.0172156648992688,
    -0.06546369736091988,
    -0.08847748882243683,
    -0.02732650473090055,
    -0.08687339803253016,
    0.04982564856401182,
    -0.02838368319654512,
    -0.02116652445909291,
    -0.06757043223753774,
    -0.09646949787864714,
    0.04253524835920879,
    0.05382086918146596,
    0.0642510516294605,
    -0.01997306449795382,
    0.03221245801908799,
    -0.01720372206587899,
    0.03643148142876358,
    0.08305830067006964,
    0.09169579941076317,
    -0.008503174055415497,
    0.01110683492946809,
    0.025433248079670734,
    0.038579047530371446,
    -0.08991537773630778,
    0.090213090427933,
    -0.0514489190319726,
    -0.056331415946515584,
    -0.027006801484175072,
    -0.07255551019496158,
    0.07259775245390597,
    0.018192538273266192,
    -0.04495556834050929,
    0.08516291633511766,
    0.009848980492071991,
    0.042871769980873525,
    -0.032786374275746,
    0.07761498492203488,
    0.02544146319144447,
    -0.04901879158447917,
    -0.017098771469705464,
    -0.022658276456903437,
    0.07872136880011978,
    -0.032970649241781905,
    0.06336323111135203,
    0.09463776120370569,
    0.0082168078348128,
    -0.041570561944753504,
    -0.004220689026365587,
    -0.035154189618075725,
    -0.0851770219116868,
    -0.06782053761553429,
    -0.006363049820025735,
    -0.05744117735465733,
    -0.0182717778783855,
    -0.04934571006853328,
    0.0685967227111018,
    -0.020702943167866673,
    -0.015232137569453186,
    -0.07872110028344868,
    0.0572336209663322,
    0.04714571133967025,
    -0.07708806580409906,
    0.06415418611109656,
    -0.09074181636908162,
    0.06470421060333909,
    -0.055490738763367166,
    -0.049418462676926914,
    0.08694242993319175,
    -0.008207579327111648,
    0.021424543311122715,
    -0.012036396867568456,
    0.020371309404264237,
    0.07976740629157764,
    0.09700713453756123,
    -0.025160994570459373,
    -0.08119688008699166,
    -0.0015551811221670598,
    0.023680035970078617,
    -0.050664136819441735,
    -0.02024356916676058,
    -0.005486622128610419,
    -0.0734448284498036,
    0.024286741971422134,
    0.0032724293498726633,
    0.07743572400817232,
    -0.06845791826336355,
    -0.07982440926127139,
    -0.07159305677161591,
    -0.08044716605287372,
    -0.032494078860279905,
    0.018603829666875262,
    0.09940091000512073,
    -0.005062838240433987,
    0.03378506914496842,
    0.08277375745467441,
    0.03460093619348925,
    0.012864955314439541,
    -0.019363894199567345,
    -0.034901921128466865,
    0.04860733807337141,
    0.07396938693745395,
    -0.039870384583850754,
    0.0869307993114452,
    -0.0019511009876559404,
    -0.07430380497393077,
    0.08827930991228264,
    -0.048786796298610026,
    -0.029702763643348853,
    -0.07292867937198899,
    -0.02732766575274719,
    -0.0343409427046393,
    -0.018417513600726056,
    0.04442246356308417,
    0.03189723646614711,
    0.025242314727524987,
    0.08538187382122114,
    0.001982481233959632,
    0.06411873871366512,
    0.08416278184196829,
    0.06532744544841551,
    0.030137732107724125,
    -0.0076623973361336535,
    -0.0409903010150938,
    0.06163056905724989,
    -0.02290938123130626,
    0.08481121598271113,
    0.04621926959383163,
    0.06665028051556142,
    0.08891141691805918,
    0.00011746499224889462,
    -0.07754584071807316,
    0.07670142577202375,
    -0.09718275923696207,
    0.05291526902134476,
    -0.0038198042408926994,
    0.039929343005931206,
    -0.0725826070125634,
    -0.08868828038287564,
    0.06279807980385292,
    -0.09221159404869955,
    0.011551581845681058,
    0.03091563106176587,
    -0.04070053518587209,
    -0.04674720270416069,
    0.07375285051675869,
    -0.07069580638878806,
    0.0598398733454997,
    0.06543372675779209,
    0.029484689912295872,
    0.09833976252031673,
    0.029847714338047872,
    -0.043243495951441925,
    0.013347513759518615,
    -0.019300966333315683,
    -0.07612940776810162,
    -0.07959844478525142,
    0.05990372198419374,
    0.08561947709447015,
    0.05001018440558072,
    -0.09748691125757623,
    0.09115812868938403,
    0.0340666025341372,
    -0.03350711950613361,
    -0.05243926900019902,
    0.08474977715330066,
    -0.02306505510421504,
    0.057111973642529824,
    -0.043966040669036026,
    0.02869021137910448,
    -0.08605349613964625,
    -0.01169334116122276,
    -0.08964405185377239,
    0.014953810143750324,
    0.06623536220921378,
    0.02549511451741611,
    -0.013099446403935589,
    -0.013259356888218466,
    0.08337040080344599,
    0.01383125873061688,
    0.002635761406444637,
    -0.05718694517691898,
    -0.04268027901211882,
    0.05702651085869355,
    0.08628634456923188,
    -0.09711572031575325,
    0.025847392652077805,
    -0.0014394965585415864,
    -0.022085095480295403,
    0.0423009842593018,
    -0.042950155216933086,
    -0.03854513106763984,
    0.09374006615945629,
    0.09397938486925972,
    -0.028148226754353557,
    0.011000453737830563,
    0.019161126929669137,
    0.05988648707879858,
    -0.004808519035819848,
    0.09949220273865407,
    -0.06026977697732388,
    -0.06773466955998204,
    -0.044402019907517645,
    0.0568566542409851,
    0.08379339203368062,
    -0.06445971891404792,
    -0.09720477430504966,
    0.066120114669484,
    0.053294205660277205,
    -0.03304820141872278,
    0.024440710979162852,
    -0.04608388188270967,
    0.010774548359901171,
    0.02595941074460133,
    -0.06759416838341185,
    -0.06906562797600993,
    0.07955041172238027,
