{
  "indicatorWeights": [
    0.6319168070223258,
    0.8334738355233435,
    0.8393964928077159,
    0.9284214537711089,
    0.6055437632842171,
    0.972700774608604,
    0.6617656051002337,
    0.7553648963653737,
    0.6077297696017634,
    0.7323105120465774,
    0.776583546953885,
    0.5933643232032604,
    0.5876754114610094,
    0.5473903047036669,
    0.8231382724184175,
    0.9554908066800631
  ],
  "trendingMultipliers": [
    0.8891661820285739,
    1.0394827742199682,
    0.9182716750413688,
    0.9467116117866482,
    0.8095874818248601,
    1.0079987586150208,
    1.040006162795051,
    0.8056838059921645,
    0.8957272037661733,
    1.0000653189085482,
    1.166768806216446,
    1.0747425058342654,
    1.0081728167147668,
    1.0047069064297538,
    0.9446032028381135,
    1.1441795625939777
  ],
  "rangingMultipliers": [
    0.8956277217915771,
    0.8813857142746756,
    1.0751511665943123,
    1.0821177196843543,
    0.8633974041487227,
    0.8993990337681387,
    0.8979566619091328,
    1.116356731687429,
    1.0095699259636686,
    1.0211491438664047,
    1.1757033430775599,
    1.065054786688632,
    0.9654311986370459,
    1.1678488442031325,
    1.0871075302050728,
    0.9681185411176223
  ],
  "timeWeights": [
    1.2866108207692881,
    0.8514094494114066,
    0.7484851712351308,
    0.9350927137088089,
    0.8705011302873159,
    1.2933079651814463,
    1.0894287761880177,
    1.1687340636573202,
    1.045749263808046,
    1.2507433533618095,
    0.7562769424157416,
    0.9542743724658926,
    0.7744447991941559,
    0.933774216451557,
    1.238342000100552,
    0.9479255773493851
  ],
  "interactionMatrix": [
    0.08532767972058307,
    -0.09583152590164593,
    -0.07263334924142832,
    0.021403414413992072,
    -0.021356900553587077,
    -0.0005365794544435643,
    -0.049976655201280654,
    0.049256910282191105,
    -0.06274479480093963,
    0.0032317749107104057,
    -0.08924593552627907,
    -0.06740255158123847,
    -0.059388218727278265,
    0.08577051012697301,
    0.007408334038705089,
    0.021140112115867218,
    0.09308602384147863,
    -0.03757342110971571,
    -0.09252020452773857,
    0.039343901977754836,
    0.0706121206595725,
    0.009916226089880764,
    -0.028598247277654122,
    -0.09457227122759673,
    -0.030083637549127018,
    -0.014390053451421215,
    -0.016331641754979854,
    -0.0618749058879817,
    -0.09711191920988832,
    0.08635145257035122,
    -0.04392235603230086,
    -0.062065303085986234,
    0.09735285634814872,
    0.01704484457740776,
    0.058758586574780836,
    -0.055917709060460834,
    -0.08912784591767582,
    0.027733874403126624,
    0.051883207363728624,
    0.08987171062969507,
    -0.028869213949904694,
    -0.04057186858141351,
    0.09614019440362379,
    -0.09016044934210368,
    -0.028996467075954647,
    -0.09702354967205594,
    0.03786216556319022,
    0.028182998029359974,
    0.0016144708209826055,
    -0.06463262022288721,
    -0.040629315658210735,
    -0.057913512268427,
    0.0511952028564118,
    0.09631491794411583,
    0.05086756159053503,
    -0.02258990058865278,
    0.021385657920381253,
    0.07086420196009578,
    0.061027965040388654,
    -0.0350246328089896,
    0.011342499904089266,
    0.04384339793820968,
    0.0634247176278847,
    -0.07076552903206627,
    0.06842707516780953,
    -0.054730928348359846,
    -0.037440305380449734,
    0.031675007204426044,
    0.020517570120032483,
    -0.020947995721753477,
    -0.07410265902312717,
    -0.0026733113423554667,
    0.08659035587971181,
    0.00844587982296483,
    -0.004334570915532421,
    0.050791206365342983,
    -0.06874643268169411,
    0.04923146209292606,
    0.09558664628989283,
    -0.014649149737395374,
    0.04125605927124068,
    0.001850456874222406,
    0.05282665084438068,
    -0.02989899206577773,
    -0.0622736709496474,
    -0.01724531665851601,
    0.0852305626473803,
    -0.06510569921771484,
    -0.09977971063165461,
    -0.08141859008644677,
    -0.06075644322818006,
    0.09874832909447656,
    -0.033238964122881964,
    0.0409977107589153,
    -0.005434487144927447,
    0.02484589083447757,
    0.05281291476962993,
    0.07389887983785946,
    -0.0848640546337691,
    -0.034610031185106284,
    0.029222259400975427,
    0.050249810278077005,
    0.057146138229256564,
    0.08877584006654632,
    -0.052640026486364504,
    -0.026526182187542414,
    -0.09184108460487395,
    -0.049581489298741045,
    0.036940281482205406,
    -0.0206837216948649,
    0.04908100017510682,
    0.051205852704747805,
    0.09729249778274025,
    0.08299654972526614,
    -0.05500075501063544,
    -0.08824186478657198,
    0.03366684774456907,
    0.07363245720633681,
    -0.09980670329908624,
    0.09098383304919969,
    -0.029390293457492646,
    -0.05411876556512845,
    -0.007053547625630286,
    -0.02492455414694013,
    0.0224267834404027,
    0.034623253774081444,
    0.01776891859702463,
    0.07618250373747343,
    0.06150921762024408,
    0.06870850126857801,
    -0.021003300797249682,
    -0.044316984569221445,
    -0.09644496366954952,
    -0.04119544931798516,
    -0.09762958595409499,
    -0.07897045565065433,
    -0.08337672593759071,
    0.06320890394473322,
    0.06986917836667075,
    -0.005506739466619415,
    -0.036061875015559956,
    0.003105584371943393,
    -0.08155373411865785,
    -0.034729972077831926,
    0.004582629290033702,
    -0.030858002419423713,
    0.06148646035192582,
    0.05858890791104235,
    -0.07575453836748065,
    -0.01871478707237051,
    -0.06604462208563291,
    -0.07156001212848973,
    0.03822321329478622,
    0.01973467091101915,
    0.08249281348128301,
    -0.04903300000978357,
    0.08219828076734943,
    -0.0792186370601882,
    0.03228145883109936,
    -0.09888031854207291,
    -0.0026889625801197917,
    0.04378638809274287,
    0.05038974186228565,
    -0.09761946372588742,
    -0.03706097669381119,
    -0.001262362863271349,
    0.08481665296384217,
    0.00479080594303638,
    0.04121277004913211,
    0.06060062305970981,
    -0.07588425571873135,
    -0.09714172318130143,
    -0.029223748315950406,
    -0.02268452883715011,
    -0.016353075319285183,
    0.0525623196234474,
    0.004679894961933462,
    -0.03680721030218588,
    -0.0919437704248765,
    -0.07291638102440794,
    -0.047223447012654976,
    0.0035618569289837866,
    0.09120123834283991,
    -0.0985820374842334,
    0.016899160010060223,
    -0.06530364194104339,
    0.02317727563157206,
    -0.08031170363374332,
    0.04911543348070757,
    0.010919454544324126,
    0.08726015382117523,
    -0.0938312975583413,
    -0.01811572094318099,
    0.006716141276633981,
    -0.02358475082129552,
    0.08180458452290701,
    0.08160171138287733,
    0.09385539681293815,
    -0.009180648267857139,
    0.06182122558175505,
    0.01907817098346054,
    -0.08377761559534963,
    0.0237261191470604,
    -0.014605286470566714,
    -0.015039573187989853,
    -0.011483072541815798,
    -0.01622849167361673,
    -0.09830785558732945,
    -0.07954741612143812,
    -0.017691721762012103,
    0.03971535744132544,
    0.06885458673439056,
    0.07948511718410166,
    -0.09101698496164373,
    0.0017780730060740436,
    0.08095675879236455,
    -0.06361820823169077,
    -0.09270373670560697,
    0.02337006778557742,
    0.03059973217986638,
    0.010322381700403028,
    0.0266792720929514,
    0.0631220112173011,
    0.014466937147703973,
    -0.011217913824828441,
    -0.08735884934430294,
    0.06772569827932844,
    0.0644357756138603,
    0.0073976555223220115,
    -0.09325588615402187,
    0.038941322128341053,
    0.04699523221685658,
    -0.025047184431825655,
