{
  "indicatorWeights": [
    0.8025490703664416,
    0.7549811595326895,
    0.6766595188477638,
    0.8467889572153708,
    0.7840480539125253,
    0.5858962182582004,
    0.6606781974350399,
    0.511632463122571,
    0.6701638726665485,
    0.814230122581338,
    0.8313868982277179,
    0.5184976163011975,
    0.8596777470925605,
    0.930612122752107,
    0.7827183844936241,
    0.9833887275636397
  ],
  "trendingMultipliers": [
    0.8470338056579921,
    1.039142107698043,
    1.0924750505360563,
    1.0272621344510575,
    0.8339271903568976,
    1.0392259223757574,
    1.1508447362450356,
    0.8485118622018192,
    0.9613271919114933,
    0.993574169898636,
    1.1894173321266077,
    1.0651764528789185,
    1.0636875177999368,
    0.8494681684390224,
    1.0033146747027228,
    0.8391960736075363
  ],
  "rangingMultipliers": [
    1.1478873744550087,
    0.8665223910925077,
    1.014610178708184,
    0.828881389545128,
    0.9078077532658487,
    1.1740249136602345,
    1.0182144347507154,
    0.8467763612547008,
    0.8553849634003154,
    0.9197004523503822,
    1.0711268424570428,
    0.967236453130153,
    0.9203598369875816,
    1.1230516739826244,
    0.8933173882293346,
    1.0349183561274415
  ],
  "timeWeights": [
    0.7972465674772288,
    1.1797750284561417,
    0.7089544717595624,
    1.2004579855044735,
    1.2850957989095013,
    0.950027920928807,
    0.8447916226998936,
    1.0702520795739408,
    1.2343311582984002,
    0.896371443449754,
    1.2890827150019342,
    1.2555152173158994,
    1.2651648785825214,
    0.7579362992583216,
    0.962863884400394,
    1.1080625888102311
  ],
  "interactionMatrix": [
    0.05066408984283466,
    0.09428776420376556,
    0.08408994858655763,
    -0.09894126179867238,
    0.03904183522054212,
    -0.08513698565585813,
    -0.09164116144221944,
    -0.05466848575901615,
    -0.03702483778384071,
    -0.0961466584284698,
    -0.009943123979038916,
    -0.07299992675351195,
    0.016595698654106327,
    -0.030334336323108627,
    0.0448584587634199,
    0.08471355144533244,
    0.07819579843546541,
    0.07393774443171595,
    0.06707849604556541,
    0.05909223787255542,
    -0.01914144243976379,
    -0.026278699744155667,
    0.04197000192392793,
    0.07359889604603569,
    0.05784677068217439,
    -0.09738312836480306,
    -0.05097338579138433,
    -0.09683644753695078,
    0.04871341185919065,
    0.007702126457432135,
    0.05877576787684982,
    -0.02680402080726372,
    0.09151733876244682,
    -0.05381927342132664,
    -0.025995948728605757,
    -0.09914266038767322,
    0.004807977677614539,
    -0.09594359883693315,
    -0.037352006889297566,
    0.0016849860104821701,
    -0.0346921568261632,
    0.07187159993781393,
    0.08054273648369115,
    -0.021920477992836387,
    -0.004307400038203202,
    0.04680265565194095,
    0.03849829484790506,
    0.0676649692355179,
    -0.03861355944734131,
    -0.055831622450610734,
    0.07677181449027988,
    0.03994519822231293,
    0.08786060330602075,
    -0.09759806275938482,
    0.08005826198229715,
    -0.09096607378597324,
    0.021689930104959034,
    0.0029773458786644504,
    0.028910365383370353,
    -0.06790047724844546,
    0.07049601705808228,
    -0.09757384262433487,
    -0.062101771434729704,
    0.011486448156849717,
    0.04473584593172297,
    0.060074605728137435,
    0.06783450354625815,
    -0.05427029794677851,
    0.0019880944713990714,
    -0.06725030632207629,
    0.002625179478599682,
    0.02622697283800861,
    -0.0541336240774472,
    -0.08728089403998879,
    0.09415995838781516,
    0.04449097967892279,
    0.0808158890125555,
    0.07909115164340162,
    0.09267343150981991,
    -0.04634231834086766,
    -0.06731344475439345,
    0.0579724759895153,
    -0.09212178733530972,
    0.07364504188842823,
    0.06584824172854235,
    0.0923975435440543,
    -0.0317603194805282,
    -0.0024987856261134756,
    0.09311327565971134,
    -0.09498416453523284,
    -0.03931334911065032,
    0.09139576667042033,
    0.09123464022293082,
    0.05479275134493316,
    -0.029650740243259022,
    -0.030332098553569466,
    -0.024197565297413993,
    -0.08518690553504434,
    -0.056800333813229534,
    0.043769998466425264,
    -0.06525536861239016,
    -0.034893860854385526,
    -0.04128222369287904,
    -0.06456518497114197,
    -0.006936550114687679,
    -0.08561295086192572,
    0.07881576101499257,
    -0.006775062841622903,
    0.05604785202658696,
    0.011264260368017844,
    0.018852630808938644,
    0.07393594926140867,
    0.059941064408079205,
    -0.04271641509245305,
    0.02669566908298884,
    0.048377653545872604,
    0.03869860412109658,
    0.0947205236775025,
    0.0066359059322911975,
    -0.09514889520145967,
    0.031895492490099486,
    -0.048372533331165424,
    -0.09547038214308988,
    0.08669703092356361,
    -0.02097349627055585,
    -0.06997470126172921,
    -0.04232808587219605,
    0.029478789260302188,
    -0.041280971656586375,
    0.062042777148838685,
    0.0774666161908961,
    0.033751425694332184,
    -0.02761934601682896,
    -0.0798880181857194,
    0.016323710472935262,
    0.023357992807101626,
    -0.008444722154158901,
    0.03330909219589948,
    -0.06893092490779489,
    0.003083979570646034,
    -0.03641706166225274,
    -0.01166289918167638,
    -0.007897503784239812,
    -0.006889190474583118,
    0.06464108531516553,
    0.09847379195766273,
    0.056340005878008095,
    0.051031372802877756,
    0.007843690576848706,
    -0.0013500943224078689,
    0.08379118098031119,
    0.057709469675309794,
    -0.07164027224459582,
    0.09243029289957048,
    -0.006568006079889766,
    0.009038986579402697,
    -0.04333758477005574,
    0.0870750973294358,
    -0.04598503595121448,
    -0.08270469766321492,
    -0.09797436794122037,
    0.05618841366259027,
    0.007221426135569465,
    0.06375365789731387,
    0.04555965708835444,
    -0.062476240064591584,
    -0.01729487612632008,
    -0.07644658336769594,
    -0.026537414963379403,
    -0.009505374850244875,
    -0.005978265603531808,
    -0.02489647176489489,
    0.0024139198903470496,
    0.012386344076950384,
    -0.0020031485499728773,
    0.0561233191802188,
    -0.034529143320228606,
    -0.03152558482846586,
    -0.040818437764513354,
    -0.02060995809383728,
    -0.029969505864997005,
    0.05297621214808712,
    -0.011264874390172985,
    -0.04434214364848765,
    0.07641642171302054,
    0.0138158281572369,
    0.08802238256159887,
    0.04376877553432308,
    0.09687253787102652,
    -0.09471318405024837,
    -0.08449669914919039,
    -0.010058339989283028,
    0.061262875098321914,
    0.08954849517827664,
    -0.02821688084655123,
    0.058304322206186227,
    0.004237901755344442,
    -0.09791034521464259,
    0.0273150573024588,
    0.04963966860310923,
    -0.0030812232289075814,
    -0.019140299385964423,
    -0.04995486228039001,
    -0.018796915607689216,
    -0.021310876680185876,
    -0.007349677436113766,
    0.09853024618111726,
    -0.04268365907771239,
    -0.03263694244831281,
    0.023002433397614166,
    0.011042514556341133,
    0.08211668205195354,
    -0.0005994650948321968,
    -0.08413859016600292,
    -0.07081015151242123,
    0.000726813459364828,
    -0.021599231622755677,
    -0.018624729263872996,
    0.03785256012954126,
    -0.023866979313129866,
    -0.012851283884317312,
    -0.03244847843048084,
    -0.01230540229249364,
    0.011906486927910477,
    -0.06936971137912333,
    0.07639405520257865,
    -0.010208965257917257,
    0.05747960338394742,
    0.09913162884388327,
    0.012006270631105731,
    -0.002646280783199573,
    0.0521006251739675,
    0.08434455478602841,
