{
  "indicatorWeights": [
    0.9105779191157717,
    0.5053049947937595,
    0.5274950766127668,
    0.5224739418036012,
    0.4818772327166407,
    0.5733327538270535,
    0.48725220306023376,
    0.6060985071051684,
    0.9195976016256471,
    0.73309559153452,
    0.8479700227257139,
    0.9617428889232508,
    0.5475523772636677,
    0.7697402020945698,
    1.0803903532426398,
    0.3511597479559247
  ],
  "trendingMultipliers": [
    0.9505520529654335,
    0.9630968711626177,
    1.1233538628142177,
    0.9576462240219115,
    1.0831052291692151,
    0.7625460378736051,
    0.9021747954698377,
    0.8590299722704968,
    0.9926643059852103,
    0.9106659922408449,
    1.070249625980789,
    0.8905925868442403,
    0.7168317401696154,
    1.1809660044258103,
    1.1818465503337523,
    1.1025450460469186
  ],
  "rangingMultipliers": [
    0.8627846311848496,
    0.9561886127757417,
    1.1782103354464162,
    1.227199693296496,
    0.9546947943608272,
    0.9042708780225646,
    0.7953597912893695,
    0.9289941445852247,
    0.7080295295470431,
    1.0317349860780674,
    1.2659341520757685,
    0.9872117110209423,
    0.742737890212429,
    1.0082445372929796,
    1.1019385483972604,
    1.263949220958835
  ],
  "timeWeights": [
    0.7388979930919377,
    0.8863124360308166,
    1.0177310100508767,
    1.1789410788396457,
    0.800941313014306,
    1.267552918901207,
    0.7651434965579758,
    0.5253055766698442,
    0.6888897099312856,
    0.7648658440927243,
    0.8681189562662736,
    1.247651370076396,
    1.2823575635412812,
    1.228517205148132,
    1.2691772663331784,
    0.6839491511647188
  ],
  "interactionMatrix": [
    0.07764374167281456,
    0.007781680171599581,
    0.08948173664440884,
    0.08309711077479491,
    0.005843489086676551,
    -0.006704829703701046,
    -0.06977137770748788,
    -0.0038684360771160456,
    0.11006134646758006,
    0.015545271238560511,
    -0.0381509698395907,
    -0.05359727525059815,
    -0.11128260759367593,
    0.06621916869270209,
    0.011087301487366086,
    0.0008883283394260366,
    -0.013963174262295316,
    -0.06546927483379145,
    -0.0389616535708332,
    -0.05560686711054613,
    -0.09095493393648278,
    -0.12381469072524132,
    0.07563284760085928,
    0.0065153888181398,
    -0.08002562041963439,
    0.03525009474080048,
    -0.040793314355503305,
    0.0706532313751416,
    -0.02395272568281083,
    -0.09746274503069384,
    -0.0006663510162155037,
    0.0022541876178501855,
    -0.1564267571710132,
    -0.08142848111799418,
    0.029365526938634978,
    -0.1261846879091131,
    0.00044841982069504516,
    -0.09892856427669712,
    0.03694531454973214,
    0.07944874271006752,
    -0.06663779740838564,
    -0.08372869113869463,
    0.03098119206771561,
    -0.03940876312661159,
    -0.11592204906921613,
    -0.017301379892459647,
    -0.03893663786683933,
    0.03635731883915965,
    0.012797834400956679,
    -0.051987144159875605,
    -0.03803188632418112,
    0.020428921725666196,
    -0.11744238594214584,
    -0.06023721758476398,
    -0.02086920826818052,
    -0.047138423364635355,
    0.041048249883106874,
    -0.07143301220276425,
    0.0819258712060301,
    -0.08197149149276042,
    -0.10835388238169918,
    0.11666034991926517,
    0.04708374427046309,
    0.012395686168529848,
    -0.2168550650843332,
    -0.0584562299086878,
    -0.06475257987911066,
    -0.05852012194850007,
    -0.008748444043250259,
    -0.04340074839840404,
    0.07942059075170382,
    0.012227304711979277,
    0.006237334519891148,
    -0.06983385401494185,
    -0.059661176210394594,
    -0.08050240800620787,
    -0.09050867903415488,
    0.05814752377022804,
    -0.053852187231828275,
    0.008143569806971653,
    0.08030720941361588,
    -0.025531154652399392,
    0.016745799625698603,
    0.08908195128757557,
    -0.1156352624009884,
    -0.0773546018828314,
    0.017000275249841656,
    -0.04615405430353435,
    0.034998291236779604,
    -0.0563251747276366,
    -0.15329750579289103,
    0.012613417669342743,
    0.040987291202962337,
    -0.0031391554062037592,
    0.016190264056193664,
    -0.11705487806976593,
    0.10649373581964337,
    -0.0869302402250752,
    -0.03344581614083385,
    -0.20888497648841056,
    -0.0077781545452133075,
    -0.06194963175836302,
    0.020152873276023102,
    -0.0702112294297202,
    0.025393225163214638,
    -0.01366806615437198,
    -0.07802698325214594,
    -0.0416508021959947,
    -0.006071668385374457,
    -0.07835405532948497,
    0.002944901605868287,
    -0.10777248002808251,
    -0.060708015751167715,
    -0.018925456735279476,
    0.055360009915815016,
    0.13931711322920204,
    -0.06829434700820507,
    0.08886737054161939,
    -0.029668922152311004,
    0.08654426322738772,
    0.027705645345670764,
    -0.06812812855454403,
    -0.11337286771309021,
    0.015433803788467492,
    0.098474940748424,
    -0.045170603025724156,
    -0.08897206145346886,
    -0.13539924215566243,
    0.04259739657682818,
    -0.09561592438610103,
    0.08181812855777562,
    -0.05175726057884569,
    -0.06787312142511244,
    0.07645744521680134,
    -0.053539518492798255,
    -0.06755877103688827,
    0.017132621066854238,
    -0.07371045033051693,
    0.08616074192967532,
    -0.09499513485541515,
    0.058112201616518505,
    0.10518813820909241,
    -0.0230922734369327,
    -0.07539686059175887,
    0.017091117449451264,
    0.013701779390790383,
    -0.1415935083542347,
    0.005014778350183847,
    0.004048561059253412,
    0.07684865204154864,
    0.04869728909341459,
    0.022536391234568614,
    -0.1289043634709098,
    -0.09592928293498909,
    0.1416899341286477,
    0.06780550459463502,
    0.0584765561262062,
    -0.08268755627511042,
    -0.03528574369780697,
    0.09321267714480239,
    -0.049348505917729546,
    -0.14504636528586332,
    -0.07191587373595648,
    0.06369556562334103,
    6.9894699417094586E-06,
    -0.08410132139585592,
    -0.031133295268832264,
    -0.14660689264956675,
    -0.008128312360783228,
    0.05054520893183633,
    0.015109583498169016,
    -0.09761971558215891,
    0.0556195457637029,
    0.040778249054411644,
    -0.1281321976678641,
    0.04610558501601211,
    -0.015897561786743418,
    0.06433201083266106,
    0.06576203461900743,
    0.029901536015431596,
    -0.11215353895792916,
    0.032836470554935375,
    -0.166080793642678,
    0.05576567880140517,
    -0.017579712201065585,
    -0.01953154335286416,
    0.0912039919166246,
    -0.08763860293736014,
    0.07625105071171878,
    0.005246844019746122,
    -0.015563910010126449,
    -0.023918663996216206,
    0.0977271096418415,
    -0.028716103537239523,
    0.12969519087856882,
    -0.0029485059403717845,
    -0.06951484186503534,
    -0.006345593626656043,
    -0.08001746024361903,
    0.11941265218585626,
    -0.10951666376893299,
    -0.09333656844244029,
    -0.024801291912622515,
    0.03970628990748641,
    0.14038163197504389,
    -0.11430344077800737,
    0.07677818514486764,
    0.1325009018420344,
    0.07819071472934447,
    -0.015543074549491928,
    -0.018281466691202182,
    -0.026311964390052168,
    -0.06972784351306788,
    0.04572267903661589,
    -0.05809949778208842,
    -0.1006596496078357,
    -0.08556541090854461,
    -0.06728250868936927,
    -0.06683963907208157,
    -0.052489523890583936,
    -0.041771944828605884,
    0.14612574931796962,
    0.04643013405682388,
    -0.050363579552673725,
    -0.08558868336826547,
    0.11194559650074769,
    0.010639280406765572,
    0.06860013735291351,
    0.056925775890478814,
    0.1756409831589282,
    -0.017656250377113002,
    0.22291021170379108,
    0.08729242511808116,
